1,0.9759930079738547
2,0.9625384018716047
3,0.7440734802897074
4,0.6877815141724931
5,0.8517907878356356
6,0.3388897638067917
7,0.7817734942905469
8,0.8200976697503168
9,0.5330307969261536
10,0.6757417585537371
11,0.6477311913318113
12,0.9835480947779855
13,0.9046120178568098
14,0.5727053788920783
15,0.7428780139877931
16,0.8843163008648334
17,0.6910400345638387
18,0.42398824248097594
19,0.4966891149896757
20,0.008878637861865064
21,0.014571507740152515
22,0.011182261031656255
23,0.025771433351608943
24,0.029762209918566963
25,0.0028612735428636526
26,0.19158129008045915
27,0.16759230133826844
28,0.011105292188375212
29,0.020511759659681144
30,0.001760295619263481
31,0.007722697440369387
32,0.0033989613893378504
33,0.005734206000624545
34,0.0030703399935464227
35,0.12163260787090836
36,0.05250882489423705
37,0.003015056942584154
38,0.005043384422107679
39,0.01929882134249088
40,0.009260584412538915
41,0.16905240815719347
42,0.0626806337543815
43,0.022868133558477614
44,0.3116413771553086
45,0.3527607353363685
46,0.025551039225933415
47,0.06669935410477605
48,0.00821265433810993
49,0.004258291980746123
50,0.09777072616600736
51,0.12517450096727395
52,0.01092489104864319
53,0.021520262069287963
54,0.006210595214670647
55,0.06919316550305413
56,0.09773555351727255
57,0.0066271114857727196
58,0.03203499400184534
59,0.0042059618133587565
60,0.003954326349340797
61,0.051314805208215644
62,0.4889654945423381
63,0.004512013296618607
64,0.10659594406339445
65,0.04397692799567321
66,0.013966643990508348
67,0.21027025475432648
68,0.0030971691989365798
69,0.26702174131799583
70,0.06158483553592361
71,0.00676766607797539
72,0.09133728629335157
73,0.02156628901812407
74,0.005445955122557884
75,0.007932879286975805
76,0.4341212658440449
77,0.3011627662892909
78,0.009237672185032554
79,0.021193203160088218
80,0.0880362778485973
81,0.23877921951596634
82,0.05548635415841965
83,0.029480937633508546
84,0.08277116217385085
85,0.014373511597785986
86,0.0016351590309567692
87,0.12714688645481712
88,0.02722554516778486
89,0.013979492665557446
90,0.3188232694788414
91,0.0013019926511834035
92,0.22905659250688373
93,0.031209217999065494
94,0.0059577572868608234
95,0.1855887994520648
96,0.0031612734832926434
97,0.011028009041212166
98,0.022111742480880634
99,0.002487663934769289
100,0.010199778593833609
101,0.009133635739519532
102,0.01995220933076718
103,0.6458484976942358
104,0.004374811420956046
105,0.02343801894938453
106,0.04242858731278092
107,0.13787440528320166
108,0.3778934514913983
109,0.2234073679619492
110,0.004307634612675857
111,0.0017552114177831358
112,0.007676356676534615
113,0.021172794488096187
114,0.12975940902276847
115,0.057775289422337055
116,0.318580279570036
117,0.04768597475244765
118,0.022876563809613577
119,0.0061707529766384765
120,0.005969498231171881
121,0.015181176444793124
122,0.004325524977999878
123,0.18850750752114978
124,0.007543706391620468
125,0.003018165990217873
126,0.11737591355243036
127,0.005562137872584871
128,0.22620258862506493
129,0.007371693868443137
130,0.003171297145877448
131,0.0065491281140535006
132,0.3903776409450818
133,0.27982282943943804
134,0.5643628636492215
135,0.06879599300100768
136,0.006715403291052975
137,0.004458215433699992
138,0.0015708261027579935
139,0.020509953312397647
140,0.17852257680521508
141,0.34809703579129225
142,0.06488078894349275
143,0.009235400749005522
144,0.015486639342402367
145,0.14785718369668316
146,0.0032276764382074196
147,0.011645220090851855
148,0.41693932469283357
149,0.062272705653902576
150,0.020865695707623397
151,0.20077560843256848
152,0.29827909051480517
153,0.02300655679467926
154,0.14421124705637098
155,0.010699561376768654
156,0.05924192015832827
157,0.02228423594235447
158,0.1603751570482317
159,0.17044292772947123
160,0.04226716289468413
161,0.0045459921961090565
162,0.02251231596906932
163,0.002006827419405797
164,0.4082124188938511
165,0.007495118558712581
166,0.0020452532883681474
167,0.37443832350202844
168,0.6788873793529979
169,0.028570079310352638
170,0.008477335749681479
171,0.008254783988598583
172,0.007533790986207255
173,0.005555264077427936
174,0.011640115118877723
175,0.002606597847194511
176,0.029093090172982124
177,0.26877503156080473
178,0.22189263237166273
179,0.027831900783665924
180,0.15119923036572921
181,0.018487992635105793
182,0.003571579810623562
183,0.6814480754628028
184,0.36227751102444744
185,0.013863814947043177
186,0.0022483744013821645
187,0.00588007835653683
188,0.2669047101628549
189,0.014703428418597286
190,0.49034819717673667
191,0.2961634531832877
192,0.051867868480259184
193,0.05704380640068448
194,0.00997483728729371
195,0.0319719331081541
196,0.0029574248451690243
197,0.031289452288503085
198,0.0020138143862849585
199,0.02412103806818832
200,0.00286458433371166
201,0.005853190937238793
202,0.09265804026723724
203,0.012896303128518714
204,0.009356854703184403
205,0.007469392382699756
206,0.0018885676449815333
207,0.012478444020317744
208,0.02180763108017788
209,0.25623595336696764
210,0.06289203975107209
211,0.01179772896323199
212,0.3223307544110588
213,0.04388210776671199
214,0.007464180029213931
215,0.02040573635801378
216,0.02755645904395345
217,0.023013902289016386
218,0.36726520752709957
219,0.7358129875594025
220,0.009923014170319978
221,0.006946433299788312
222,0.003956229286163589
223,0.33796329943664144
224,0.035824360920204586
225,0.01854581521364321
226,0.3643978008200543
227,0.21857186000787976
228,0.006084795388028049
229,0.5725351621361789
230,0.02257376507058438
231,0.062323721021975455
232,0.003985339783118365
233,0.03561073396521136
234,0.006852153525195192
235,0.002283189218080178
236,0.5785554353489651
237,0.011139046714697102
238,0.010384323398786883
239,0.004632970318703291
240,0.013407405666479006
241,0.45202282176742076
242,0.024702377140110705
243,0.022063854988596397
244,0.007273419826896861
245,0.015173172855577632
246,0.8502297864994445
247,0.04746957280906191
248,0.10272582285473855
249,0.0853764030354492
250,0.028871192329443678
251,0.002528456073857665
252,0.7362414603147291
253,0.00268847002170902
254,0.03804534767800128
255,0.5500333674460776
256,0.007576117906717281
257,0.11801547315473589
258,0.02530657761805151
259,0.3376761933334252
260,0.1872416504549698
261,0.002530168939698282
262,0.3865108340280927
263,0.15833440959443615
264,0.00356496485885458
265,0.014474580245736323
266,0.0022882983147545673
267,0.016895170971004146
268,0.01708246008684741
269,0.005904041040813913
270,0.008956956640979723
271,0.0015028990323829497
272,0.007031983189759728
273,0.3292446911951286
274,0.017082268287269546
275,0.0029629379799522974
276,0.0033116130383197316
277,0.21844785824172194
278,0.08757542569818916
279,0.012404453941949074
280,0.07446885914079168
281,0.0019032924951435238
282,0.6139226345035187
283,0.02093742517305667
284,0.042689671534010994
285,0.6999778353891802
286,0.2814438796100299
287,0.0070771096125951715
288,0.003261352424838359
289,0.045593824528533555
290,0.008206493403753541
291,0.0034806144390431737
292,0.01529123876453259
293,0.004530281719983672
294,0.005977393248505901
295,0.0018331812070781332
296,0.028914627316498444
297,0.008787757564294002
298,0.027587791957694605
299,0.09524678575527265
300,0.15512651918173814
301,0.6498420285484549
302,0.023830954793096187
303,0.0026902930421393426
304,0.0055956734104972245
305,0.3762287806401092
306,0.11404440353797529
307,0.004240573028165545
308,0.4789018389040923
309,0.4504048791909598
310,0.017626121369495696
311,0.031926692451716004
312,0.07762877460613102
313,0.007977569806247265
314,0.006600439928139525
315,0.006251815376674611
316,0.08326005497890324
317,0.01134875887106293
318,0.005214461145268237
319,0.07066389876851385
320,0.009015723788648617
321,0.001878490638006492
322,0.0036394595971530374
323,0.1403769567973628
324,0.01414325714222427
325,0.005777275204884882
326,0.020054079352901245
327,0.0016723058678917713
328,0.0045953070481274914
329,0.014223101861677934
330,0.0051633935838291565
331,0.0044861959688698464
332,0.01231543519982664
333,0.09946277802899467
334,0.03013616671151511
335,0.13594590936075232
336,0.0051061656782247855
337,0.0203863483632674
338,0.27615151939971594
339,0.019776499008549726
340,0.0025894017203171534
341,0.003976468882313375
342,0.005691249727552752
343,0.0032887313800669653
344,0.06779337509046227
345,0.004171261830525209
346,0.00551659066676273
347,0.020966150226039048
348,0.08816887964256073
349,0.10634987277135606
350,0.0180136241432478
351,0.005774260351578075
352,0.009589849213951552
353,0.005629867848663696
354,0.015650457195793645
355,0.013227241014987755
356,0.13636959880950417
357,0.015149430563771956
358,0.008629070263608927
359,0.007228759304934245
360,0.009405656855776379
361,0.014927893800058024
362,0.0038712847842237988
363,0.1918479016919491
364,0.6505375638365161
365,0.0035955911054836188
366,0.4141829969567789
367,0.19731858614237638
368,0.007458875036927889
369,0.01442569047453805
370,0.018549861138361417
371,0.005091130548851276
372,0.15839623419616358
373,0.031037237128687244
374,0.018207003747593178
375,0.1487978158251117
376,0.46142775731800884
377,0.006990844335717266
378,0.0015332159820797108
379,0.058533969919570696
380,0.012281325131394146
381,0.027866962449980753
382,0.33232937484762715
383,0.013338381247279617
384,0.0012694622312957482
385,0.034680447972764206
386,0.6434809354630622
387,0.035063272189678155
388,0.005669857545929429
389,0.010667947493788651
390,0.10499502656537543
391,0.025066676332956634
392,0.005042026598214612
393,0.015163281029165563
394,0.003960347023919684
395,0.02064974106265308
396,0.004804266742153503
397,0.007616897913701658
398,0.039315752130790596
399,0.0027652991227846697
400,0.0032133392231055097
401,0.005007065807613523
402,0.38436482354186413
403,0.041931320059781146
404,0.007088160661361948
405,0.09388907608904908
406,0.0018715598225985312
407,0.3218961455341692
408,0.03194042873075674
409,0.06477746599767158
410,0.005859475550778474
411,0.24768839096578213
412,0.02048694791419018
413,0.10423324329820448
414,0.002599287257794363
415,0.41951385131308794
416,0.08529372449559183
417,0.19350037465723763
418,0.7855100057462764
419,0.004454940837155074
420,0.005088625270542627
421,0.01417864399192243
422,0.014941443415020827
423,0.009929541558020021
424,0.009734115302634794
425,0.008427413466125725
426,0.022096691193760752
427,0.02571861368927974
428,0.2747024936505535
429,0.006424242514500216
430,0.6765224605418335
431,0.017158982117996914
432,0.0029967142671183237
433,0.10425901917269555
434,0.8127185120714507
435,0.10973592462522572
436,0.016452975430072174
437,0.0090760722442109
438,0.04093157531970197
439,0.030025433496426335
440,0.014876828509868814
441,0.014391649065423916
442,0.01819564503479573
443,0.01365925626611343
444,0.00787248831278344
445,0.006707792631029827
446,0.0059922082800798245
447,0.004319618764218569
448,0.0025580512456487674
449,0.027962517933189924
450,0.020503345555023637
451,0.0036783746225798357
452,0.9156993863420189
453,0.011352033827861496
454,0.005749753181566093
455,0.025174789030482484
456,0.007894436587656479
457,0.015643494389798555
458,0.005748664474667616
459,0.013256253392980677
460,0.9035449696017507
461,0.013354499289624167
462,0.009665639313772576
463,0.04651965805099643
464,0.007667921622081443
465,0.001556548439320369
466,0.013832923079953707
467,0.002941813543200663
468,0.02209085488846209
469,0.030369689664888826
470,0.0016436258190926003
471,0.0020792637689375938
472,0.0070730623262714575
473,0.02995216308458512
474,0.24587024707388247
475,0.002077121578126902
476,0.03478563162791987
477,0.01854064641252849
478,0.29513720277071714
479,0.14207682252843784
480,0.07777908084597174
481,0.002862491110308043
482,0.13269774600609321
483,0.003909639923806263
484,0.011292929214213977
485,0.008324362348366473
486,0.004208597821834619
487,0.040965933696696974
488,0.0022631924870959415
489,0.0013109289007301505
490,0.006981206874601224
491,0.41915919813584906
492,0.017466751883882903
493,0.0025678381569893983
494,0.002203198921269372
495,0.092707662410957
496,0.5670554780204444
497,0.005210081836406147
498,0.019289002559930674
499,0.02080860006551988
500,0.013903267125869478
501,0.28117088263383927
502,0.010849326281529929
503,0.15279848067795773
504,0.34066157961505533
505,0.001694801403351806
506,0.04767541855597451
507,0.002402927138482729
508,0.32140656756856995
509,0.01030068382168857
510,0.005149448595425971
511,0.053399385456562365
512,0.5246974184755288
513,0.002453543673868205
514,0.00435534981814628
515,0.002240036111230746
516,0.005963092490934656
517,0.003344968456918194
518,0.008428713621067467
519,0.03448650525479339
520,0.004807754560964673
521,0.0027284554493005827
522,0.042365055319580874
523,0.05795290198621751
524,0.009545462048662492
525,0.00434675799296913
526,0.8880717044699947
527,0.2719724351925718
528,0.09918908887348232
529,0.02434782536480309
530,0.42400407226350484
531,0.06137227861645177
532,0.0070513895470533
533,0.023335099957979784
534,0.03758278090390228
535,0.011626599457183032
536,0.04781278574574507
537,0.07359551448793329
538,0.0932773628948807
539,0.006243045535467145
540,0.19063154302389973
541,0.033253732808937224
542,0.043553099980028515
543,0.14852893946004025
544,0.21850877781013484
545,0.0684042667066794
546,0.10788322203802474
547,0.020406099253676348
548,0.005045554014106809
549,0.003852237201724307
550,0.008303041938016075
551,0.02465412332079887
552,0.033883044152579936
553,0.24963360482236183
554,0.0032395251342028026
555,0.005598036003799648
556,0.0523417948944345
557,0.012120400122276807
558,0.0021634135385805624
559,0.023966505158350738
560,0.5382182882705603
561,0.009907150824944607
562,0.05598369958313772
563,0.013138666522339549
564,0.14728181919463293
565,0.004929271609819243
566,0.00434279669039601
567,0.2074033688857254
568,0.01909397223006219
569,0.007848201722889234
570,0.20047222938889708
571,0.00506342276761525
572,0.27301312181341403
573,0.0533569059104626
574,0.062104639449595496
575,0.2916164596121543
576,0.009471468818452062
577,0.23822493268462047
578,0.06109740562842306
579,0.01775719926291824
580,0.7069595391828355
581,0.002454734247595109
582,0.03385318857766371
583,0.37809026590667294
584,0.009404406939705375
585,0.00662839462039732
586,0.002130789116079404
587,0.003400080055991471
588,0.267797501257834
589,0.2783793423016366
590,0.6597035257990851
591,0.005115783266246489
592,0.36249287691620075
593,0.006673151948566676
594,0.011786781612873932
595,0.2680973995843193
596,0.006862614715849113
597,0.032264805234217854
598,0.003473717714811187
599,0.004025188486745522
600,0.015304588276678927
601,0.6517915274259407
602,0.02152322787235913
603,0.6170758921851743
604,0.5596596344113929
605,0.014339112010419265
606,0.08847303380319363
607,0.013912253787353444
608,0.0015950124495538941
609,0.02424986669664656
610,0.38556287597208433
611,0.20434294640260936
612,0.006961896323328212
613,0.005240808352501528
614,0.007359606846721336
615,0.729945793814797
616,0.00424677697354544
617,0.2845647745036365
618,0.23933741346338724
619,0.0318321055576077
620,0.005482129178867662
621,0.03638833736964059
622,0.246971498821099
623,0.005042199922131905
624,0.7058656061036163
625,0.013566437692444576
626,0.006762498740472676
627,0.023642957903762588
628,0.01752364175932555
629,0.011076361867818173
630,0.002525708220322827
631,0.26799053772144166
632,0.005388182451447146
633,0.6495349362925129
634,0.001878490638006492
635,0.015582530514374296
636,0.028578480019329895
637,0.024334780595012796
638,0.7395718289686822
639,0.1899485634141817
640,0.019997003248472332
641,0.015001701166226438
642,0.002353129209040342
643,0.004525561303468999
644,0.010132649885669438
645,0.15254718275688892
646,0.011194890827274363
647,0.05584293199428057
648,0.09509082482665826
649,0.20656189845738046
650,0.056732854600885826
651,0.010596778230189546
652,0.17341426662949258
653,0.016288810286542516
654,0.002640719762835292
655,0.08880029107945116
656,0.01222842924516858
657,0.0035787844398582755
658,0.011849750353327991
659,0.0025696495776333815
660,0.3468272899436081
661,0.004335009993511759
662,0.21887384564769807
663,0.0013315623300618645
664,0.341378796782888
665,0.020254432861229226
666,0.23046891175417905
667,0.01722359549153237
668,0.050319468916991884
669,0.00634919029654748
670,0.004680276909751078
671,0.003986126728950811
672,0.0013184800083805228
673,0.014834816434340497
674,0.09955691020083446
675,0.0022016217426809068
676,0.008204181657308289
677,0.0068138830721016334
678,0.019019723284067855
679,0.025863179065624124
680,0.5051963406858598
681,0.005629663592150948
682,0.45518722156505864
683,0.006983641783868011
684,0.02902709244362326
685,0.006407729630850872
686,0.14993837896806325
687,0.0054311325398256425
688,0.02925697290075557
689,0.004732051744995715
690,0.5192065737789943
691,0.6562285444600804
692,0.00460676217972191
693,0.2987791824040915
694,0.4258111079554553
695,0.5805737437020865
696,0.007980008272443799
697,0.043491853456167066
698,0.008710994574860825
699,0.014875507202171753
700,0.01162626937595374
701,0.00680118173879577
702,0.02098435501823315
703,0.009453311649127855
704,0.005265612895101287
705,0.011748268765067129
706,0.009040987076980271
707,0.0036090107339325403
708,0.36012354919815515
709,0.19818481648371514
710,0.02589511394065424
711,0.41456945936326955
712,0.08335444368367609
713,0.054251335710396836
714,0.48527217584686555
715,0.011602944797133183
716,0.054896867183229475
717,0.008047681671680573
718,0.010988461071701637
719,0.030482100936841575
720,0.13793987965945007
721,0.00429691493530858
722,0.03216413820728226
723,0.006784873583745243
724,0.001955390744668778
725,0.007544980980044441
726,0.06373203814125411
727,0.05600561255189404
728,0.5768727206080152
729,0.006826368267663946
730,0.006546078036400077
731,0.011172966882022572
732,0.7252036394718983
733,0.0075291250104021915
734,0.06673455646671524
735,0.005407991000146179
736,0.5499471713562211
737,0.812876835274902
738,0.031137942535303637
739,0.005907066611248188
740,0.005769738405781161
741,0.10892544246266186
742,0.008632354151912285
743,0.019376523313952648
744,0.004784785275575775
745,0.058826615786752266
746,0.002029196877735942
747,0.006959323068001447
748,0.009905278584776056
749,0.06860003872332579
750,0.06432918411540584
751,0.0181184485155649
752,0.00937155342306704
753,0.009098950810089582
754,0.02383572384151445
755,0.006957577258936053
756,0.018714958324819633
757,0.004708171319263279
758,0.036171441458054655
759,0.00951274833961542
760,0.07050771811334756
761,0.4343341312714011
762,0.03557305788060176
763,0.05694302983371088
764,0.011666860045668708
765,0.112815639257488
766,0.017562101866283597
767,0.006069122769243221
768,0.016660532004688755
769,0.004759298037861999
770,0.019695933886887472
771,0.20279455735518068
772,0.0018304863770475818
773,0.2699314626182899
774,0.03432488790595189
775,0.006525613611572626
776,0.007834374653824024
777,0.003123469564422348
778,0.016431567211622207
779,0.05203086872086647
780,0.06330817263852084
781,0.1339893154799666
782,0.010958682071617345
783,0.01665750465685279
784,0.026919732001626194
785,0.013756759259319863
786,0.027123565758388556
787,0.11975044346635458
788,0.12556202713948594
789,0.0366008430392723
790,0.01374098485386704
791,0.009620486907858135
792,0.006307720749798867
793,0.08325022479563696
794,0.5623288146180236
795,0.42581586726724097
796,0.016799270630719232
797,0.0075867343287424355
798,0.016000222191213484
799,0.010588083409923404
800,0.007056102343740427
801,0.0062372649438285615
802,0.002360035135908757
803,0.013954049576488652
804,0.007756231554229476
805,0.004722238582363089
806,0.0047991031399219055
807,0.0017795629522069495
808,0.17079451932378842
809,0.015010697583882538
810,0.006324889086616987
811,0.03368452202651048
812,0.16916949340691056
813,0.006896314453528665
814,0.017242584276422116
815,0.04800007558908049
816,0.016009704253013103
817,0.00587468355718559
818,0.07273369867918696
819,0.013173633853101602
820,0.4286841393527144
821,0.013916241932798211
822,0.0824887089024826
823,0.009736316481488195
824,0.008495504678139943
825,0.08073517914022299
826,0.36706778730079487
827,0.0034836498340149826
828,0.3964802436832793
829,0.04193231462949636
830,0.0018713602666137969
831,0.3947731889813417
832,0.004563364627471373
833,0.013422401113649018
834,0.2109459760090907
835,0.003370279056888693
836,0.0018877751969018533
837,0.06662760363372784
838,0.008408769007981464
839,0.006193345993935726
840,0.01545828007628774
841,0.14284980738390762
842,0.7538120564593691
843,0.007180818857326345
844,0.002395139766277735
845,0.007657016141963972
846,0.00455447844569509
847,0.5348195103217087
848,0.2677898804473577
849,0.0555765127960731
850,0.023638778775211013
851,0.015209339709018914
852,0.006994292433603979
853,0.09018490327100703
854,0.43086325716507407
855,0.0023068896347940696
856,0.0014191288438718376
857,0.0058013502434998265
858,0.0029646673853458297
859,0.017800096695499784
860,0.007599362890591736
861,0.005487699649383073
862,0.005310490039036539
863,0.22480286943212427
864,0.03270061041227013
865,0.09258329771116106
866,0.0019274261964771686
867,0.01168375194863985
868,0.032729111668902564
869,0.008238404853935056
870,0.12952357836685516
871,0.027387972478935332
872,0.0025474195954450505
873,0.005990396340573708
874,0.2003266734434968
875,0.001988868678782987
876,0.008295546011669425
877,0.0038705635079187006
878,0.17984060440997324
879,0.014731719732935626
880,0.0048390461585584845
881,0.0021460918384673716
882,0.001571588224986113
883,0.014983474468742387
884,0.009593542576450323
885,0.010411904627697328
886,0.006249173740345782
887,0.025037677840685554
888,0.05787305475009912
889,0.6262032957058667
890,0.0043361531481213664
891,0.008691066991504152
892,0.0029856569372406247
893,0.013661860074932737
894,0.006928887659237918
895,0.07748499700158812
896,0.005509200371376672
897,0.005990532899338267
898,0.0014856395766384446
899,0.8314882049965332
900,0.004748948486737571
901,0.020162671536393298
902,0.0012752401795170058
903,0.004455211041535614
904,0.0020661851460294926
905,0.008840176216443193
906,0.006347791891755812
907,0.013318080514150626
908,0.026659128890159502
909,0.10462669757763572
910,0.008603871748547404
911,0.008717358254829737
912,0.019222578912815987
913,0.01653600498258466
914,0.020115324109435593
915,0.8900811263212819
916,0.007284204758332969
917,0.11913875905854582
918,0.29121948956602106
919,0.004620005523643805
920,0.09730465812885221
921,0.012563502603781387
922,0.5729209957854782
923,0.005974299607740971
924,0.008103088997991378
925,0.4358638644659717
926,0.08505598486486958
927,0.36623132625272076
928,0.014833073669964938
929,0.44290673148565507
930,0.005941700754187487
931,0.11389491709395314
932,0.0038692447312794554
933,0.005026292419918579
934,0.02292348353410533
935,0.23297739956465435
936,0.002698509524500378
937,0.007352129532690911
938,0.017653466655927208
939,0.017230462715704147
940,0.012551680928185384
941,0.006576477243283352
942,0.0161862134918207
943,0.0018744053710436038
944,0.0030812057740935953
945,0.011090447398888885
946,0.2035360282968056
947,0.0019724469242898765
948,0.001392579048505683
949,0.018328508333889215
950,0.4195787330034933
951,0.012200105474042457
952,0.036620988829762724
953,0.03201125776557183
954,0.0049408988783807865
955,0.012748411788409858
956,0.04900165976992256
957,0.12235975984679531
958,0.017274728277992445
959,0.011335279446995826
960,0.02044557768628903
961,0.025948957107053604
962,0.3141876613663342
963,0.02530922405931101
964,0.0014387733294422458
965,0.005433159628791336
966,0.7548946550555661
967,0.010392803553622569
968,0.008661847439065786
969,0.017982690388761553
970,0.13239554729890338
971,0.07257390857609627
972,0.2571772555536201
973,0.0037099095372097263
974,0.008363768994898768
975,0.01047363459396138
976,0.0027035837737637435
977,0.00901064686292679
978,0.0037013939628374546
979,0.0026578352922684953
980,0.016120795102270068
981,0.005999414389824805
982,0.005048210888376052
983,0.061279328458009014
984,0.00491736238656693
985,0.002076626008766191
986,0.7381273830833633
987,0.007429826488646981
988,0.004117896472726534
989,0.0027520591926586597
990,0.0055449421260349765
991,0.004061674288414769
992,0.001632269519690067
993,0.006823432900725819
994,0.0022075115987253086
995,0.02425537683310317
996,0.9321119162283925
997,0.09318704184499177
998,0.6401141386714968
999,0.028973120372180746
1000,0.26663524985751885
1001,0.010941670688965392
1002,0.034356688208168874
1003,0.002791510503833421
1004,0.02147723058230421
1005,0.08586723948135538
1006,0.0821316633051498
1007,0.035295573504141295
1008,0.012111469370872745
1009,0.004461386701122607
1010,0.05573895860416725
1011,0.005302887992587758
1012,0.0018378299986272473
1013,0.46363827673513247
1014,0.004918799553432296
1015,0.0066726627195146495
1016,0.363553962312747
1017,0.03447211516150912
1018,0.31576782668984493
1019,0.0024102383352201224
1020,0.013889321438874178
1021,0.14949550662560587
1022,0.002004620509127696
1023,0.004988968155445861
1024,0.003508308640255528
1025,0.03239653265494755
1026,0.9285288913787494
1027,0.0030030543003148414
1028,0.005247693017925996
1029,0.08592168007212127
1030,0.037891562767887466
1031,0.6214813594873875
1032,0.026517007691967454
1033,0.3918560233088523
1034,0.15844578820364072
1035,0.05008949408544141
1036,0.0541045096290854
1037,0.026375720746572757
1038,0.024507573865205044
1039,0.007445728340195672
1040,0.012094781513846796
1041,0.026508824274674568
1042,0.004269808783394346
1043,0.2202019125617068
1044,0.012217159537409698
1045,0.05682911061875442
1046,0.002568306419514966
1047,0.004893352972406515
1048,0.017572268486865533
1049,0.343591060948123
1050,0.17622953597971064
1051,0.03749575289287193
1052,0.22503203223706994
1053,0.007713413991832624
1054,0.0055195902617034024
1055,0.4080630867079569
1056,0.16069609801345303
1057,0.08514646356854738
1058,0.08356364246483829
1059,0.008806542984396142
1060,0.01371332242585574
1061,0.020842176271682694
1062,0.01281497357899289
1063,0.46069285161543055
1064,0.27011731822503565
1065,0.010777910171979311
1066,0.024533843416505302
1067,0.01207157305430122
1068,0.01785341017427943
1069,0.007668765435396533
1070,0.12384590577259469
1071,0.024618513234126914
1072,0.5932419563636525
1073,0.005755827835208639
1074,0.011267556296223084
1075,0.040942801834168346
1076,0.44647202331835073
1077,0.130337472852521
1078,0.0032936332866762364
1079,0.027310052846756774
1080,0.01262223182711089
1081,0.10801229058598079
1082,0.0039552108517551515
1083,0.45344947035009586
1084,0.08857010497462509
1085,0.0016755958198704506
1086,0.025310626959966557
1087,0.008437444574040543
1088,0.07195761765865376
1089,0.02532483862562839
1090,0.00477261458152301
1091,0.4479955964537507
1092,0.004300361419955539
1093,0.026045149040228196
1094,0.06281999108841273
1095,0.03470375657704037
1096,0.003069464587033866
1097,0.06018691947001923
1098,0.16413443334860922
1099,0.27454433355078534
1100,0.007425190719521923
1101,0.02918231490027006
1102,0.0036681859016291485
1103,0.030312722320049657
1104,0.07309168208859709
1105,0.046073109112607945
1106,0.006768027350521579
1107,0.015001435278754775
1108,0.00888064611714634
1109,0.12978246453978456
1110,0.05358899113133204
1111,0.0048894470115710045
1112,0.0019010543882303427
1113,0.06751942194128593
1114,0.03738388500760164
1115,0.12678602046097204
1116,0.006189219659902624
1117,0.4850896360309265
1118,0.2888680024094486
1119,0.011604271387423478
1120,0.01728652428820273
1121,0.07304734355101021
1122,0.002430958908670595
1123,0.017648207136042753
1124,0.05634727317117207
1125,0.2737557259252509
1126,0.8655317689508568
1127,0.12981161448487655
1128,0.011525098750923208
1129,0.009842707221419089
1130,0.04551594641643317
1131,0.10650086796653857
1132,0.030020708365959763
1133,0.0678337239565287
1134,0.0058478925109810365
1135,0.9175129124784855
1136,0.0041652925180412845
1137,0.0010634779588852832
1138,0.2436446792474872
1139,0.004935782591368539
1140,0.025734921002015486
1141,0.015694588089714242
1142,0.011080595215297355
1143,0.10013092437239568
1144,0.005305550983683983
1145,0.0015005870766568881
1146,0.001321669244559881
1147,0.001644005664206352
1148,0.012935970303897685
1149,0.4410244129953582
1150,0.009028476837743476
1151,0.031073049826164798
1152,0.029773984035282173
1153,0.5733866422462774
1154,0.022339483316260636
1155,0.004015530671432729
1156,0.003976376417981487
1157,0.006857296990256746
1158,0.012296351503918666
1159,0.002588330311549866
1160,0.0071627309501680215
1161,0.02198960083938
1162,0.16376323651548436
1163,0.005206133175754884
1164,0.0063718958127203995
1165,0.11438816714345672
1166,0.009900780826224188
1167,0.016638828360554133
1168,0.3104497925917614
1169,0.3767986208995015
1170,0.00554696164166104
1171,0.024334893331823926
1172,0.01565217671870247
1173,0.0030964257940359536
1174,0.0030831633997507745
1175,0.04024518540916977
1176,0.005328508617227447
1177,0.009739557792263208
1178,0.011686476967044786
1179,0.08914645656454681
1180,0.02715655442652088
1181,0.1755924809621624
1182,0.002457705649744933
1183,0.4168145785551274
1184,0.37585566192133935
1185,0.0036269051287090527
1186,0.4203020168644727
1187,0.0035784399810911698
1188,0.004165225001796434
1189,0.40004792165211117
1190,0.003680633466598156
1191,0.014071208389721099
1192,0.0061737221571706805
1193,0.008567506080951382
1194,0.0020568880876428424
1195,0.07323306796442763
1196,0.005124067391410293
1197,0.05440739775977668
1198,0.012365497034676865
1199,0.7705924443545163
1200,0.06293404189808839
1201,0.00760338542767433
1202,0.009325064326478246
1203,0.430438751503935
1204,0.07498847156806579
1205,0.015849954103375828
1206,0.00594602691479385
1207,0.04483357999973745
1208,0.007322797496222898
1209,0.00905427212079983
1210,0.17473658806454653
1211,0.5794720439026134
1212,0.1657811465836456
1213,0.18479517710389204
1214,0.010130412728062947
1215,0.016548408045787232
1216,0.05537555041841497
1217,0.035475502288981185
1218,0.021881562471759913
1219,0.07245432684447574
1220,0.002661671552185385
1221,0.349410193354615
1222,0.0024842949901150006
1223,0.00412874471652392
1224,0.008067278477854444
1225,0.012494756509147642
1226,0.010316655236209116
1227,0.00903781548925662
1228,0.007117216616705913
1229,0.018396985872472627
1230,0.0013554327451335754
1231,0.044388385221897614
1232,0.050840899180628
1233,0.21172852197804443
1234,0.1344296791701527
1235,0.025711379627380845
1236,0.004529679407487808
1237,0.0023432734720864553
1238,0.0036077798661844148
1239,0.00731954558727537
1240,0.5762156578823239
1241,0.00999511291211108
1242,0.0021790359985736168
1243,0.010235686224089702
1244,0.08697237739144828
1245,0.4954477772317425
1246,0.007267620401025163
1247,0.017316922671468005
1248,0.6855033021391901
1249,0.0933353237203963
1250,0.06123219733145451
1251,0.297628414057821
1252,0.012755027396565442
1253,0.02744388698033775
1254,0.6282925876180647
1255,0.016650416508431062
1256,0.007052835669443582
1257,0.05274354318597275
1258,0.0017470652140483631
1259,0.004455579494503328
1260,0.0020398333597590437
1261,0.0025311839976839955
1262,0.008410605903184211
1263,0.07366131204782879
1264,0.05304128386739545
1265,0.09812081037463878
1266,0.005445584150994447
1267,0.006956115528262158
1268,0.0020477556156855317
1269,0.003452786494856504
1270,0.019310733499467065
1271,0.26645503611411014
1272,0.0067862946134181045
1273,0.01353230850567929
1274,0.008687786588617403
1275,0.06294806345166473
1276,0.25218939616800246
1277,0.01348562259208494
1278,0.007376627327504788
1279,0.007300957012585952
1280,0.003974610239981554
1281,0.009003680664030608
1282,0.12688912406648542
1283,0.007862896708551817
1284,0.001564388163783808
1285,0.008628018845463405
1286,0.03748071383205828
1287,0.4707147531594979
1288,0.008481909777728275
1289,0.04988587280934637
1290,0.014956274868636961
1291,0.06363349047617534
1292,0.09694036901694268
1293,0.0031558750590980206
1294,0.005651691925541246
1295,0.014204563371679819
1296,0.0017000271000091175
1297,0.020789457840252976
1298,0.025618349301432652
1299,0.2062278526277686
1300,0.022532314217158924
1301,0.01454478454910032
1302,0.012318598092571343
1303,0.004178981263763505
1304,0.005193810701382523
1305,0.02296261686567149
1306,0.42199466928158547
1307,0.1833776471223825
1308,0.717865436130855
1309,0.6765273781518449
1310,0.001687719840665538
1311,0.8325171470299143
1312,0.022244519104191732
1313,0.02831014837156268
1314,0.029504837556338346
1315,0.01536999381137058
1316,0.021843955843449725
1317,0.837157027999148
1318,0.00761033735006907
1319,0.003153659102154327
1320,0.2978434544840263
1321,0.08226657406919247
1322,0.5277775454504393
1323,0.003228348823651497
1324,0.00845028547469895
1325,0.0059818214498823866
1326,0.006355202358339769
1327,0.3533404616288983
1328,0.009988218481200477
1329,0.749547463662687
1330,0.007700311510356269
1331,0.004765005726359453
1332,0.004031413055972561
1333,0.024746853734632868
1334,0.007398004956798331
1335,0.47015080668399606
1336,0.007053133124706691
1337,0.046910320739317724
1338,0.04894029459172486
1339,0.09374284364339801
1340,0.0020879235996834676
1341,0.03529532189188824
1342,0.011521067436255895
1343,0.011111027775057304
1344,0.0028616240937784647
1345,0.009543681413649422
1346,0.004350291885551471
1347,0.004283273484341464
1348,0.05735137636912574
1349,0.7069323430931064
1350,0.004985885959376622
1351,0.014238061392796836
1352,0.006365271124925267
1353,0.021012965466652732
1354,0.5493750568336829
1355,0.03542217722256836
1356,0.015258144491228984
1357,0.03571014604905463
1358,0.047974832788145044
1359,0.3419082799223697
1360,0.006216520334279522
1361,0.5019497832152998
1362,0.051065214874595304
1363,0.06237460625557219
1364,0.0027020859190102797
1365,0.015712820241976427
1366,0.006414431881289689
1367,0.08858624287374904
1368,0.03428400537925005
1369,0.009881630493311042
1370,0.14659153285394888
1371,0.012995333496776045
1372,0.17681364202467834
1373,0.09699358532509311
1374,0.0047630695975417366
1375,0.0057679073888103295
1376,0.08966392082861102
1377,0.754277462090732
1378,0.0023160581901168057
1379,0.016510474516587815
1380,0.005129223215926773
1381,0.013827775691735312
1382,0.014875734863920962
1383,0.010941884891191196
1384,0.02000519973058748
1385,0.006001108045530728
1386,0.1468260366068269
1387,0.055337911733891465
1388,0.6064651672682768
1389,0.008402919885552928
1390,0.019535808610986007
1391,0.06133569829461304
1392,0.13508162949006305
1393,0.004630419855143684
1394,0.0035878934386356347
1395,0.09988313828623653
1396,0.004018936504291062
1397,0.7479425988225145
1398,0.01879515524967833
1399,0.7022026827709943
1400,0.003549711323198928
1401,0.013910103435203668
1402,0.6537082226951287
1403,0.022105162227141147
1404,0.31739367254184564
1405,0.49226389822439715
1406,0.016454935130724054
1407,0.005533643576857518
1408,0.002801765647124483
1409,0.0128766267906032
1410,0.012043074775342106
1411,0.41282944768811575
1412,0.005827663844911513
1413,0.014544184887645873
1414,0.23454908139030464
1415,0.027575399416427192
1416,0.05828701651062024
1417,0.02665809922197585
1418,0.5572080353828833
1419,0.021575982349535033
1420,0.01139431563526842
1421,0.0026659372118062095
1422,0.5241579037466354
1423,0.03881936885161697
1424,0.03362176243859229
1425,0.07586744344967022
1426,0.3400942197299126
1427,0.5608674901575365
1428,0.044158278100784445
1429,0.0011536470859984543
1430,0.015083267927415968
1431,0.003422834801926881
1432,0.42881494952266247
1433,0.01217647669498671
1434,0.005554279818272199
1435,0.8520041126974479
1436,0.05043529190012718
1437,0.0048324650331117176
1438,0.014023759953330195
1439,0.027963844570431926
1440,0.016145096957103738
1441,0.002525410399817293
1442,0.1212777705285984
1443,0.023921111650901432
1444,0.038786793588885114
1445,0.005220840284069567
1446,0.011894458656385068
1447,0.014251762992760616
1448,0.10880049772611287
1449,0.005143550790649706
1450,0.007793106382176559
1451,0.01157807152799974
1452,0.0021552685219071808
1453,0.04355231290142642
1454,0.04756241042770889
1455,0.009956801878319826
1456,0.009939067979711644
1457,0.1703366275651886
1458,0.0196039951296551
1459,0.017559825777302914
1460,0.008656353724127553
1461,0.3316717617975209
1462,0.027566964384543844
1463,0.9175471353614059
1464,0.025007036515302592
1465,0.06193013791595079
1466,0.8727102870561557
1467,0.025051218550340752
1468,0.14300934892095343
1469,0.0202592412662877
1470,0.009149881424527823
1471,0.0021934810092274384
1472,0.010351080023527377
1473,0.004169560100269883
1474,0.5331788068302122
1475,0.007624721266539868
1476,0.33775729734761245
1477,0.48029714988450706
1478,0.14591530454218216
1479,0.013805412858119512
1480,0.00721551651801882
1481,0.017270892387027396
1482,0.004005332044308611
1483,0.021367943478399525
1484,0.011660699787610274
1485,0.007721064046091156
1486,0.0032875739492840995
1487,0.003432459787090855
1488,0.007644161833746046
1489,0.0060100730718815575
1490,0.007787028584322742
1491,0.11365260657351246
1492,0.24918637899111584
1493,0.0042495720033465965
1494,0.06920004378398617
1495,0.010392397610416404
1496,0.03251178257649976
1497,0.004005211286498409
1498,0.01847765500583708
1499,0.09249514173140358
1500,0.02691338459232254
1501,0.024079438919454712
1502,0.060714920782580686
1503,0.09299453118239857
1504,0.00994753375941434
1505,0.04673433403948187
1506,0.0039000152606064385
1507,0.014628929668869839
1508,0.02136628626905542
1509,0.011243190045013157
1510,0.0030778023229172547
1511,0.027208266271915298
1512,0.13740327649786768
1513,0.00909687941203659
1514,0.007543608017811441
1515,0.017297587104003462
1516,0.0031313872318457204
1517,0.00980911890050794
1518,0.0018572683130527777
1519,0.34749328172109784
1520,0.014228460191124542
1521,0.11157341157648373
1522,0.022695943799560525
1523,0.007722592914489659
1524,0.3823739743744989
1525,0.9454923121909079
1526,0.022345673232304384
1527,0.019686450720771836
1528,0.011670793895729576
1529,0.6811387529398457
1530,0.025803793048892187
1531,0.004148275402967634
1532,0.010743367741511717
1533,0.019812058947017465
1534,0.6141378334351816
1535,0.5706467309216295
1536,0.02921407083378232
1537,0.006805278579694265
1538,0.022270256905535395
1539,0.002153431073141167
1540,0.18019895370459876
1541,0.004632592054642889
1542,0.04154170166695379
1543,0.06604964530601617
1544,0.01169322323525674
1545,0.0051338995591234836
1546,0.02985818375080102
1547,0.08411017247804298
1548,0.5445714818406318
1549,0.23385432337778306
1550,0.0019612604183248073
1551,0.008582745379262628
1552,0.02287145942339104
1553,0.03629690477932525
1554,0.5621202523102737
1555,0.006401045390367465
1556,0.0075929020900569145
1557,0.025076179279172956
1558,0.013109451450323465
1559,0.02087648816526398
1560,0.013926326824873748
1561,0.03952482365225276
1562,0.03365761962431618
1563,0.5697715476181922
1564,0.0047008826835526415
1565,0.02405986014710113
1566,0.011706916475168628
1567,0.003108626476382768
1568,0.010032669018996989
1569,0.0053748635223911274
1570,0.0442820451336948
1571,0.06173893731941626
1572,0.33435367086797524
1573,0.010332163691409291
1574,0.01780639112104098
1575,0.023909209041588112
1576,0.004724727971271605
1577,0.5126520309064977
1578,0.011782493310064559
1579,0.4707185930145096
1580,0.00840335689757641
1581,0.10752207274418095
1582,0.03532844427915936
1583,0.002393108949900011
1584,0.011832197627854979
1585,0.07375432648952611
1586,0.033579291948607495
1587,0.005042336012359887
1588,0.015108644336993058
1589,0.04146003794693306
1590,0.3151621718680893
1591,0.0025622515800860788
1592,0.015841645823788778
1593,0.005790639963907379
1594,0.002759346546653846
1595,0.08270733617762052
1596,0.004534103500858887
1597,0.07426468427444143
1598,0.05545625844643824
1599,0.008311993097783644
1600,0.04211619713574534
1601,0.02225573793148029
1602,0.15391426719788648
1603,0.014708628409093906
1604,0.024251549866204432
1605,0.023900871344098414
1606,0.0452641997200991
1607,0.007241087046811621
1608,0.003647272324513727
1609,0.24432676631385686
1610,0.6758607818416139
1611,0.022944693303260662
1612,0.3426455782401432
1613,0.0111873224611862
1614,0.017694953617267375
1615,0.11543231246480061
1616,0.012295321602687712
1617,0.006396682517213447
1618,0.007076615343514098
1619,0.003167529907812609
1620,0.0344005215947737
1621,0.012759233397711189
1622,0.01658149039820203
1623,0.03644370218174181
1624,0.06679777009501778
1625,0.005756150194668464
1626,0.054980587068071476
1627,0.00582923630304027
1628,0.004571182881198488
1629,0.002745127192539598
1630,0.042917462079860136
1631,0.008037706571601888
1632,0.0051252512986003805
1633,0.004269563561238692
1634,0.06589868302021369
1635,0.46483790965507366
1636,0.01729528054427244
1637,0.04457735851367163
1638,0.0324725451215949
1639,0.0756182889945873
1640,0.051989234256350915
1641,0.007411587380672028
1642,0.016259696084521477
1643,0.022910917106674786
1644,0.22183822230906897
1645,0.006666497855397837
1646,0.0058257591971645085
1647,0.025171026057714645
1648,0.018741641831089825
1649,0.03844686514540589
1650,0.0784359934162974
1651,0.003087983592278694
1652,0.006181156891725036
1653,0.015595062139847715
1654,0.018353588303796933
1655,0.0042334727447937565
1656,0.015279409030649149
1657,0.044394486322864836
1658,0.15800374742595996
1659,0.009068288184891301
1660,0.005740759362327903
1661,0.5336725403503322
1662,0.01997239192294035
1663,0.930276189296479
1664,0.007035585990743747
1665,0.04553965409661243
1666,0.008036647292604782
1667,0.007043952848389487
1668,0.002205657246515127
1669,0.13941915108758313
1670,0.1963641979919142
1671,0.2468236509478651
1672,0.03324640319229885
1673,0.967120674992569
1674,0.8049645226643292
1675,0.6825062152532893
1676,0.6950545664004119
1677,0.06060633626230751
1678,0.03393277655785383
1679,0.8016914087184925
1680,0.4407906787248356
1681,0.04528040107889123
1682,0.00653190578193141
1683,0.35922530772310857
1684,0.021178673416021025
1685,0.008463507240904848
1686,0.009853689231342916
1687,0.14670726502033477
1688,0.01296253005672172
1689,0.03208825089559921
1690,0.012330617935188434
1691,0.007729769827383344
1692,0.05682364391391163
1693,0.019277769930857936
1694,0.013375864935097119
1695,0.13574837203902115
1696,0.5519171815048457
1697,0.34746420765718766
1698,0.45608283003140376
1699,0.004865865585945315
1700,0.11516798805839469
1701,0.0016776015841396049
1702,0.3397593054982813
1703,0.022342730262160947
1704,0.0069284061854274406
1705,0.010836325183182203
1706,0.04997108067274315
1707,0.9216525873678834
1708,0.022188136881889024
1709,0.18269211768728974
1710,0.011668016526726303
1711,0.29307218306846444
1712,0.004902684676907311
1713,0.009519822403720526
1714,0.002833920945316141
1715,0.014240359450065732
1716,0.027621127445070635
1717,0.0245791793212597
1718,0.012487498430286214
1719,0.027318132839096267
1720,0.0029392114932356825
1721,0.13503317649005803
1722,0.044572680502651736
1723,0.010867711571135537
1724,0.6186376620616341
1725,0.004794701436563286
1726,0.04299741100302719
1727,0.05219665585217124
1728,0.00900254220247358
1729,0.002343956705259464
1730,0.07890409588801132
1731,0.00356733433347389
1732,0.4001532754204591
1733,0.0043455790907080275
1734,0.0458805021062022
1735,0.010400538640789601
1736,0.22325386916163384
1737,0.5757095578749059
1738,0.008009416785795606
1739,0.35356901513468475
1740,0.005867799857683846
1741,0.048689309832789844
1742,0.006118947585852343
1743,0.0037147999410545762
1744,0.0042385987397425265
1745,0.00597203838276258
1746,0.01545056124810971
1747,0.022677783806480823
1748,0.06644775644697735
1749,0.18202736641342618
1750,0.3941441576295713
1751,0.004603163342161371
1752,0.005867696406250306
1753,0.027845239468945845
1754,0.4590103309873298
1755,0.017519529497947713
1756,0.0053358757686390425
1757,0.13669170738617298
1758,0.004736133638858916
1759,0.04269387292089927
1760,0.023818256184413262
1761,0.8842456133660568
1762,0.038880415832090946
1763,0.19431600428640716
1764,0.13464511725696487
1765,0.008517308969341157
1766,0.5837324142630532
1767,0.038269414148973814
1768,0.01626695784036782
1769,0.11584628658707204
1770,0.009442510556512455
1771,0.005160380073850386
1772,0.04058908538402602
1773,0.03895214671861999
1774,0.012064870704429898
1775,0.004723482508337883
1776,0.04136070222587562
1777,0.004748869016614531
1778,0.02766284650975725
1779,0.3281886165788638
1780,0.023951865617981974
1781,0.20584894569969142
1782,0.3415438135934351
1783,0.20120352145956483
1784,0.002866457337053735
1785,0.004878570771321212
1786,0.0045750104138694465
1787,0.016077523224868197
1788,0.013295369525818083
1789,0.022268086409707233
1790,0.012215907703818994
1791,0.006791700553628102
1792,0.005522917167433581
1793,0.0818166221401331
1794,0.14311064237849105
1795,0.02345031601294144
1796,0.012989705534451827
1797,0.05657074838976468
1798,0.005436593959153549
1799,0.012210023178632037
1800,0.02151291839926653
1801,0.0051823781298156605
1802,0.057975708785326825
1803,0.23345442664041907
1804,0.02772270961731603
1805,0.10749021371540195
1806,0.014041533868896216
1807,0.6786271037785092
1808,0.002622041364015647
1809,0.5179753447515927
1810,0.0665435222875266
1811,0.04573444545926209
1812,0.005881771847019246
1813,0.006437195558673058
1814,0.03238725677489448
1815,0.004906439450502564
1816,0.005875232134976985
1817,0.016294856712383503
1818,0.04219483891782514
1819,0.006315272460104755
1820,0.01146985688737556
1821,0.0810119025940577
1822,0.048878511430591944
1823,0.013912914824710057
1824,0.01938574463588224
1825,0.009995702024996474
1826,0.006301416660405726
1827,0.006740008692795467
1828,0.013199972896165925
1829,0.007909087120942918
1830,0.023056556903102255
1831,0.28587345699139927
1832,0.018452401778791948
1833,0.0172277016205123
1834,0.013189659921085147
1835,0.005288147390745882
1836,0.01800592858248109
1837,0.008490121520232725
1838,0.0018460090707222985
1839,0.016475388491935018
1840,0.03154044486510696
1841,0.040177847670045
1842,0.0019593164852121565
1843,0.004148011149335379
1844,0.009136696107336037
1845,0.17045265975826407
1846,0.0033997631832471133
1847,0.07375254264470109
1848,0.004019770770527489
1849,0.034078972972023294
1850,0.032609237224921865
1851,0.041696014459154024
1852,0.003369816157430051
1853,0.027424785647271563
1854,0.473330441356413
1855,0.02808281574279468
1856,0.13342880399696255
1857,0.5130509722550093
1858,0.007761681175219644
1859,0.6954237104106515
1860,0.16579019550492216
1861,0.05739479593759148
1862,0.08670675281856852
1863,0.003129341863917609
1864,0.14551850967851943
1865,0.009038863549057185
1866,0.004166365767489914
1867,0.009356824192000143
1868,0.008936887961598071
1869,0.02768199235968724
1870,0.18426988651176368
1871,0.009707702884113755
1872,0.6496957869974511
1873,0.007986614675197155
1874,0.051361680223160316
1875,0.8864929923413858
1876,0.00877265290374566
1877,0.025396897236343967
1878,0.005309957974841602
1879,0.00310764286219694
1880,0.0755509957353339
1881,0.004803506394049773
1882,0.03309067730105622
1883,0.4251788681132024
1884,0.03583715182193365
1885,0.007977140730890366
1886,0.20650880512471537
1887,0.003836453773857351
1888,0.17687325890309072
1889,0.008101757384347139
1890,0.00442855540269458
1891,0.08668587155474532
1892,0.8369175239164395
1893,0.22851175081098213
1894,0.002726844500168335
1895,0.135444353185949
1896,0.006136120642696476
1897,0.005059212174042834
1898,0.003972384325465803
1899,0.023828230703267044
1900,0.002297832598467854
1901,0.02957552706267943
1902,0.003648223227166141
1903,0.009291793652630758
1904,0.007045847243171896
1905,0.005066343781941148
1906,0.030987223162310538
1907,0.0070932472272583575
1908,0.016302638265852133
1909,0.008688765870309605
1910,0.30753695164534367
1911,0.023316152056483044
1912,0.0090882686814493
1913,0.009866737873509224
1914,0.006590067809527636
1915,0.006351126229743516
1916,0.008703154534839951
1917,0.011536910184244874
1918,0.0021249999765367523
1919,0.006205961956712003
1920,0.004470335313149591
1921,0.0048430492192989855
1922,0.005917036816725236
1923,0.6792749944860762
1924,0.018590043222487043
1925,0.2517267742356494
1926,0.6212845200188413
1927,0.2970883903221613
1928,0.03737589409586548
1929,0.03208283356198303
1930,0.8362167807321088
1931,0.012686926551808857
1932,0.006921327443775499
1933,0.008823440194168015
1934,0.5986310732729047
1935,0.007476424607489138
1936,0.4540205656189181
1937,0.027912634440284072
1938,0.014856970922401954
1939,0.007614267111017773
1940,0.5285207416356157
1941,0.7589999772181746
1942,0.0055037020800486735
1943,0.09688087075843602
1944,0.24859770835035092
1945,0.9482679148679589
1946,0.014654300250615798
1947,0.03256377696242292
1948,0.0214827154142293
1949,0.04562898499631677
1950,0.01426519108527947
1951,0.16101202152487876
1952,0.022502274272697666
1953,0.07559646967464377
1954,0.016956798257442125
1955,0.5684273017312298
1956,0.023064757683141923
1957,0.0059660234720845685
1958,0.03250265945546855
1959,0.16828836880272466
1960,0.002120811415336892
1961,0.573099775387466
1962,0.05366798085696606
1963,0.0047685473562146035
1964,0.02178022935044147
1965,0.01587952170166067
1966,0.00365500886630408
1967,0.05950661996912515
1968,0.039496377341023015
1969,0.0027510591506158216
1970,0.05248115508278279
1971,0.010300475451642354
1972,0.012350240124401538
1973,0.05158319643215386
1974,0.09729262181909008
1975,0.08088303331244612
1976,0.35346295396027594
1977,0.0032033190191717593
1978,0.05386924058081863
1979,0.016383639772040628
1980,0.060180422654154894
1981,0.004973783989715882
1982,0.1038185463637977
1983,0.02527434335703791
1984,0.003292056455361044
1985,0.05523688690167991
1986,0.00851534701187932
1987,0.0027410237430608164
1988,0.005168364813972323
1989,0.025203090080747486
1990,0.09980506514376063
1991,0.25023387364355126
1992,0.003577521626248492
1993,0.1291586119443409
1994,0.0024654462027468046
1995,0.005198953455697622
1996,0.00931206304823196
1997,0.013164437562360241
1998,0.01033568157634753
1999,0.7710435347205588
2000,0.0012996740009186124
2001,0.009484156352139395
2002,0.18824852825862226
2003,0.00999545605566479
2004,0.10070077171267978
2005,0.013093247190961497
2006,0.3130838354189327
2007,0.02829467671661886
2008,0.005939848889794148
2009,0.010988299764670272
2010,0.0033759418036017333
2011,0.00535455073046465
2012,0.006952114892302287
2013,0.10030300475151267
2014,0.014953076588811006
2015,0.7892867047715667
2016,0.006487015055388761
2017,0.0071251932208354525
2018,0.44307744525413006
2019,0.003511421138122233
2020,0.02547163014963432
2021,0.02143548191332509
2022,0.1075788271541368
2023,0.011327461932662168
2024,0.007562716186821448
2025,0.0022314583681284097
2026,0.005195863823071455
2027,0.030268372754149668
2028,0.04246279981507069
2029,0.008958512557399835
2030,0.02106672687728768
2031,0.06003078633974437
2032,0.02094726921903935
2033,0.005829843033876759
2034,0.0071338788732522645
2035,0.40425893609434993
2036,0.005807886168222535
2037,0.0022641160335275428
2038,0.017903144236279707
2039,0.14516310068827615
2040,0.4519539271164766
2041,0.3408088184158985
2042,0.026593194009446163
2043,0.6552248394183597
2044,0.00476395314424188
2045,0.0045706257762192035
2046,0.0017676071505084068
2047,0.018438055280688297
2048,0.05063935800766994
2049,0.016006009321181767
2050,0.7924917157387662
2051,0.017131148433012663
2052,0.0042291670829857995
2053,0.027092463260346502
2054,0.15377978495360914
2055,0.004441152527685525
2056,0.0340122971778163
2057,0.02847211267147686
2058,0.008965433290772026
2059,0.023293816848329405
2060,0.592454404906716
2061,0.016941290965347286
2062,0.0046402565138261714
2063,0.05088535571542635
2064,0.005465016919696272
2065,0.28315977206625564
2066,0.06881646414524555
2067,0.5322330519850581
2068,0.879976960533633
2069,0.009029127906137352
2070,0.03570172935392328
2071,0.03728831889466818
2072,0.004585497546047352
2073,0.029185608819680152
2074,0.4774729606965198
2075,0.8166305195570935
2076,0.006308833624719029
2077,0.08334651389851779
2078,0.013371936810524605
2079,0.3266618106040456
2080,0.002781633954122344
2081,0.3552704016527803
2082,0.017370279265445376
2083,0.002295040344407389
2084,0.0056404332664625745
2085,0.22998059058458817
2086,0.020371086305218757
2087,0.13101433012964608
2088,0.013430597396185752
2089,0.003106765302721536
2090,0.029110569360598235
2091,0.0037045570628291002
2092,0.5356111015533109
2093,0.010080588597595693
2094,0.1882186059549386
2095,0.006228150604501362
2096,0.015138279821410763
2097,0.005619648095016897
2098,0.013418735939950294
2099,0.3608980190468522
2100,0.008825374782524499
2101,0.3441622814527202
2102,0.01843821326317047
2103,0.009371653287033009
2104,0.939498381641001
2105,0.005609450050404005
2106,0.0029393513095372463
2107,0.004215757691606158
2108,0.0084093813660062
2109,0.009569607626813182
2110,0.08450238232401105
2111,0.00864289795291966
2112,0.0077564482703460945
2113,0.27566146157220733
2114,0.004180512374974892
2115,0.0012470494668680853
2116,0.09322285848970377
2117,0.003650058911978509
2118,0.0021219179272982396
2119,0.00564450465232258
2120,0.003843459311518219
2121,0.0673863704105715
2122,0.008516523701270864
2123,0.027026464281442016
2124,0.004469524615036458
2125,0.006140664246478071
2126,0.0035661389313980437
2127,0.022097155735062303
2128,0.027631485974132477
2129,0.08144259653106413
2130,0.3572299394235977
2131,0.5420531838261166
2132,0.0030939258271622245
2133,0.002335438721794921
2134,0.02153345396619605
2135,0.015454448209144333
2136,0.004402259845690613
2137,0.0017445093357928124
2138,0.021719270414535412
2139,0.03310145368799759
2140,0.03957572184948045
2141,0.09094559303548326
2142,0.002037593358695802
2143,0.0038679816890817183
2144,0.4338879835634668
2145,0.004464274092394218
2146,0.009405626388152455
2147,0.050168065734758044
2148,0.060008600054436645
2149,0.0010669350464446647
2150,0.0082627287876054
2151,0.004368853409998271
2152,0.010615758232596272
2153,0.010181122270691569
2154,0.019230909255748056
2155,0.011069685624470775
2156,0.48224609086569686
2157,0.006129042062207138
2158,0.012042838756440775
2159,0.02291961633133137
2160,0.02034683294238281
2161,0.004291197672920242
2162,0.0019509980146819692
2163,0.012503768671630658
2164,0.021336527988718275
2165,0.26751939824418125
2166,0.002400287300567804
2167,0.017485477498193597
2168,0.010465312579599735
2169,0.004023764040620689
2170,0.0036558841533738257
2171,0.004359476063894991
2172,0.9347716445818782
2173,0.03578860559922365
2174,0.0029686361474441144
2175,0.03781870590229095
2176,0.007643786724359699
2177,0.4656485722272847
2178,0.012549984744781185
2179,0.0032809527492397455
2180,0.009400446727415666
2181,0.025964018766419097
2182,0.007327633021052589
2183,0.005633523491783316
2184,0.005964367697546855
2185,0.0023583628625303624
2186,0.09371703912675766
2187,0.0030142595580951942
2188,0.028480780961834037
2189,0.006032798720585422
2190,0.937739204856918
2191,0.013112641942869688
2192,0.08912724564734789
2193,0.003514600574410841
2194,0.9421420997387984
2195,0.007746786762597002
2196,0.002279977621951515
2197,0.011924059429557463
2198,0.0047372024924355206
2199,0.0024634156645866887
2200,0.010409376715403618
2201,0.08000566276038494
2202,0.029727296172319558
2203,0.5593532791470307
2204,0.9081858032806843
2205,0.01223934914207091
2206,0.007017911749634905
2207,0.0023443165920343178
2208,0.02398081366149691
2209,0.041522430730415824
2210,0.007068171633679039
2211,0.022868130044430206
2212,0.060784655905672835
2213,0.5780727262607688
2214,0.04780029910656595
2215,0.03144649435839722
2216,0.004897209966961105
2217,0.00372412269438667
2218,0.01825530367521332
2219,0.004737177826943286
2220,0.022921463181301314
2221,0.007687436365211215
2222,0.8660304985503248
2223,0.024825690696362444
2224,0.012289999863931615
2225,0.005661851980976287
2226,0.00964636116111923
2227,0.36570241075752
2228,0.018691668033125452
2229,0.04051229826608102
2230,0.0821569462730515
2231,0.007704592712304621
2232,0.07834804215809354
2233,0.005630134582286474
2234,0.004356678602609643
2235,0.45359335903632375
2236,0.16445787280285423
2237,0.05485819127293271
2238,0.0028868160347475646
2239,0.3199799771547641
2240,0.17165227562524296
2241,0.20351725272328142
2242,0.0035408982503076373
2243,0.4956973099368499
2244,0.006830530072151879
2245,0.003600238832832524
2246,0.027407154871443993
2247,0.008058812767736023
2248,0.030045515667550454
2249,0.1107798261500327
2250,0.17133780432630136
2251,0.04423426812593329
2252,0.003378802255188322
2253,0.10269447380948372
2254,0.007848127346899254
2255,0.06333127003885271
2256,0.01373628665804859
2257,0.003970785954792165
2258,0.8361698067453905
2259,0.06478122200509172
2260,0.0352554797954913
2261,0.0331172678672589
2262,0.07987764964540411
2263,0.1229573338964395
2264,0.05529721083399284
2265,0.012126249534044044
2266,0.6644648479033595
2267,0.12358863646813363
2268,0.09106327440115645
2269,0.005527130754641602
2270,0.0025665201367741377
2271,0.008713034289384105
2272,0.6118266536721172
2273,0.26509321212931525
2274,0.025902030001135966
2275,0.02203190231532272
2276,0.001810370542850361
2277,0.02370864693235665
2278,0.05202451402471056
2279,0.0032262849026068077
2280,0.009615263435126193
2281,0.07600080767181461
2282,0.002669731549532987
2283,0.0046161755424783705
2284,0.04563720057548702
2285,0.04790702398936208
2286,0.0058213651713214295
2287,0.06033761137647844
2288,0.0043303547921925475
2289,0.02394429057541933
2290,0.0089800375357802
2291,0.0017545803010238109
2292,0.3468962248038318
2293,0.1568131616893635
2294,0.006763117151975072
2295,0.0016752621302399712
2296,0.01955557914512612
2297,0.05283567943037787
2298,0.005218853509986012
2299,0.594573143161379
2300,0.034402605557409385
2301,0.0438907923617593
2302,0.6393370932848956
2303,0.003971577300857938
2304,0.04848679402943011
2305,0.00855669335261908
2306,0.006862666023106723
2307,0.008960717309034059
2308,0.048118921855820916
2309,0.014995125851205235
2310,0.31880360031649263
2311,0.042809669886455494
2312,0.11340007545665225
2313,0.253023431541893
2314,0.2546558920869174
2315,0.010557775961415881
2316,0.46855674535157066
2317,0.1455165198070153
2318,0.012960250703600866
2319,0.008396881123366175
2320,0.5531867858812719
2321,0.5376463973935024
2322,0.04111982101951227
2323,0.1796101987905075
2324,0.22059962347881062
2325,0.006721262377585349
2326,0.01277976704711286
2327,0.004152499690191734
2328,0.010595068387829414
2329,0.007776516281151598
2330,0.011273819093213807
2331,0.8273415751751713
2332,0.007691756248850676
2333,0.036809573330834525
2334,0.01641643014441665
2335,0.005072457879534552
2336,0.008725412743365909
2337,0.7020951842639848
2338,0.13748926816436693
2339,0.45933648090649803
2340,0.04844822286854048
2341,0.5581462116807735
2342,0.011561226779203945
2343,0.1093586638074514
2344,0.01400687596818798
2345,0.1052791234084014
2346,0.014193661547700118
2347,0.006787974001711641
2348,0.015155910779216696
2349,0.0066538312021929115
2350,0.009901916884411157
2351,0.002862915901165419
2352,0.01719159164158703
2353,0.0019220150561979996
2354,0.012478523010986581
2355,0.01492880855192567
2356,0.7335206644657951
2357,0.00668299016643157
2358,0.005703133145769746
2359,0.03686038276410963
2360,0.022484494729408232
2361,0.32984043700330384
2362,0.4256350971012938
2363,0.0061709619600251574
2364,0.12357921069756474
2365,0.0037521421727256905
2366,0.012235017602489582
2367,0.011373870764925782
2368,0.001982329974856787
2369,0.01994971282665223
2370,0.00659807838003977
2371,0.051377772831120445
2372,0.007890906517120353
2373,0.09811953208789859
2374,0.017232517524705677
2375,0.05608214571397031
2376,0.008077167873589891
2377,0.5216281760498176
2378,0.016461288006961724
2379,0.10428390604953897
2380,0.004080548442607388
2381,0.017037270686511743
2382,0.29156522788863964
2383,0.06169213990602487
2384,0.01564100440607728
2385,0.06183390042492004
2386,0.002528812322531805
2387,0.013681423376246855
2388,0.004085363925710802
2389,0.031456846331757535
2390,0.00803616882542931
2391,0.015336579805322121
2392,0.004863341299137838
2393,0.018423120892949247
2394,0.5009662076074902
2395,0.0032277182099915264
2396,0.26084572492062097
2397,0.03380161543755048
2398,0.38588156094002674
2399,0.008210725951279516
2400,0.020979599162949728
2401,0.02217684093364054
2402,0.0749880240574503
2403,0.003467261261765037
2404,0.06955321469410994
2405,0.09600002840609229
2406,0.07853494350331998
2407,0.012632909898141649
2408,0.0044139325285951665
2409,0.0013583571037128624
2410,0.0019620498643859335
2411,0.002790338752610434
2412,0.014094888881660043
2413,0.13621154980432687
2414,0.26851585895304303
2415,0.06781368042008348
2416,0.0020216196546080515
2417,0.004745296874417937
2418,0.058675042783278994
2419,0.031025371461270056
2420,0.06487300917634721
2421,0.061079364009749164
2422,0.0037778598706637656
2423,0.2082010532118892
2424,0.003385566482808293
2425,0.02458954955119119
2426,0.01703141951389039
2427,0.8436385264610706
2428,0.02746157848814324
2429,0.10205081477342984
2430,0.008339781064913931
2431,0.009453180255603872
2432,0.6365125991854805
2433,0.15934094776302546
2434,0.013923557178165919
2435,0.5523265095902204
2436,0.003268028885784185
2437,0.8313181114077619
2438,0.7439945753959429
2439,0.0070646485577552315
2440,0.18846233812087596
2441,0.08013282645251958
2442,0.07369862254944384
2443,0.16118706154574
2444,0.01974288163552183
2445,0.012874072898178872
2446,0.02448674577619906
2447,0.0436526667181373
2448,0.5343057987987275
2449,0.08569045373675317
2450,0.0021528235401427776
2451,0.6036135486751109
2452,0.02274752995725044
2453,0.014493921638133964
2454,0.01028820879237154
2455,0.005319087315017329
2456,0.0750168520169637
2457,0.02689819855051403
2458,0.6050068360922429
2459,0.7666797180732634
2460,0.00801877758722717
2461,0.0030145732530105786
2462,0.006527898976878969
2463,0.042731204853194836
2464,0.0038809584531191792
2465,0.0010337724997530593
2466,0.02265188749921405
2467,0.06939566855392669
2468,0.0063225403332111
2469,0.09155131565603324
2470,0.012297808747352616
2471,0.4725486701083777
2472,0.0084247142645383
2473,0.004955964398515964
2474,0.011957058957828597
2475,0.006517585283134188
2476,0.006352347120895549
2477,0.005315514293996101
2478,0.003634286566326047
2479,0.01055487532645547
2480,0.018149159322133346
2481,0.018798091814048363
2482,0.2067319349449331
2483,0.03438237013870748
2484,0.002958766499160194
2485,0.0018507678226011095
2486,0.003432109290388851
2487,0.006409061393791831
2488,0.035482081452201976
2489,0.025149752709838775
2490,0.010569434678432304
2491,0.011531371835749166
2492,0.15565412064658785
2493,0.7867747921653551
2494,0.0031431065514176265
2495,0.09632790067844252
2496,0.008425568787597232
2497,0.038570769769015495
2498,0.02875323857855142
2499,0.016210501683157793
2500,0.26786883046858945
2501,0.004129837901654539
2502,0.04529983770920195
2503,0.007091894300092067
2504,0.29760844861081037
2505,0.1293080036851916
2506,0.012117247213540903
2507,0.02250806696187526
2508,0.42530041203791236
2509,0.0025585071046336522
2510,0.0009584842752901831
2511,0.02091959046728439
2512,0.11290636753848743
2513,0.03624091058721919
2514,0.08193560814102488
2515,0.011871747347661237
2516,0.0017698210874292025
2517,0.1434212474277166
2518,0.02743516412470053
2519,0.06569904628782378
2520,0.012930551146415096
2521,0.013438934564071199
2522,0.001625976210501076
2523,0.03875491765663988
2524,0.015024383356008942
2525,0.01653903767797228
2526,0.0018515351911477294
2527,0.5516889443905668
2528,0.13840473955088523
2529,0.0157020876111116
2530,0.01598974513479754
2531,0.021731206370996792
2532,0.006731271487649246
2533,0.28175684102717774
2534,0.037457252418700675
2535,0.7005210588957044
2536,0.006679517015916206
2537,0.012286299526389037
2538,0.31094203167617174
2539,0.017528227511646007
2540,0.0034079846725816767
2541,0.01343006045296913
2542,0.009391904937990305
2543,0.0016072535652128293
2544,0.007180071077050619
2545,0.17342489219256405
2546,0.02041069161369298
2547,0.003368776237724649
2548,0.03842860589930339
2549,0.005323957918389362
2550,0.048342317953502766
2551,0.2249419643158546
2552,0.008913920048472627
2553,0.005695397264260839
2554,0.007965977612079676
2555,0.2170287297074828
2556,0.0034733438150354383
2557,0.0023827562103465663
2558,0.28992930384622706
2559,0.004225280315243355
2560,0.0023473598121356186
2561,0.03689111426645498
2562,0.006499284530562179
2563,0.005800538689932172
2564,0.48395879947833675
2565,0.025933594097296828
2566,0.024987126846022233
2567,0.0013597613669024654
2568,0.0036855293811365935
2569,0.03270655561326401
2570,0.6435106912251523
2571,0.5305737917581324
2572,0.0775073808982896
2573,0.13785913287463805
2574,0.049987166837488384
2575,0.2363934141985574
2576,0.4713778508068501
2577,0.008344755544148581
2578,0.7538269086520994
2579,0.003919019119763616
2580,0.012389357389358185
2581,0.8406154928802538
2582,0.0019406605144093936
2583,0.019954302770526417
2584,0.003591230790288622
2585,0.06089028435032545
2586,0.2961572286653972
2587,0.09883117905426775
2588,0.3547125237978422
2589,0.4328606732714933
2590,0.031089800900409224
2591,0.08766368698343101
2592,0.0029780022240711713
2593,0.0016008256408650621
2594,0.3467823114440259
2595,0.00344148449942679
2596,0.024387463209713477
2597,0.5944012910664666
2598,0.0155751560795508
2599,0.01709212175294921
2600,0.005600972010019772
2601,0.0036438629603100852
2602,0.0068313030605524116
2603,0.09137472312625657
2604,0.001983887713088044
2605,0.43362086225981067
2606,0.020004591661922595
2607,0.018108208510966756
2608,0.019649277124617517
2609,0.07074100407742644
2610,0.005169682228287736
2611,0.002471046386372848
2612,0.025824325945595333
2613,0.022306896134406014
2614,0.09808219211522363
2615,0.01885674404588339
2616,0.010285313157065008
2617,0.004669628100638974
2618,0.18457090604088258
2619,0.47348343222850936
2620,0.0027034664886167676
2621,0.01513660818110889
2622,0.02374867709444902
2623,0.012326450724696129
2624,0.005602812427505883
2625,0.001869014650333911
2626,0.010783882356039002
2627,0.03960280400465352
2628,0.14423413588289313
2629,0.03174067097318348
2630,0.09303513405544979
2631,0.01715598708456804
2632,0.02550776864657228
2633,0.003035111027355186
2634,0.07269492221285015
2635,0.03971787451926219
2636,0.7447744337264571
2637,0.058214098709546316
2638,0.018452153460930265
2639,0.0997847931019238
2640,0.016431981307038167
2641,0.09125385672843543
2642,0.35603733852420405
2643,0.009366443815392507
2644,0.5052434211686166
2645,0.0019979750403914366
2646,0.03212055041569901
2647,0.024759812384054874
2648,0.014106205578154556
2649,0.009630026535307057
2650,0.002972959621472596
2651,0.08969031490573581
2652,0.025824085017734994
2653,0.010113763743393699
2654,0.23971246232440768
2655,0.6661590156517999
2656,0.009214728513723975
2657,0.035085027840749926
2658,0.011647491312374312
2659,0.0071426545658811545
2660,0.001664824126006283
2661,0.3771586560004017
2662,0.025736765429747805
2663,0.0032957757491926536
2664,0.022288155170467984
2665,0.01232123666872399
2666,0.036679756474208194
2667,0.0023674347950533047
2668,0.030779736422225375
2669,0.020026717435227957
2670,0.029430038311654895
2671,0.031420204798053325
2672,0.014813248546290342
2673,0.01828252608819316
2674,0.022717082942066626
2675,0.02729068626040005
2676,0.00835683840421785
2677,0.04979617720347035
2678,0.5288602704494744
2679,0.002315749879043224
2680,0.08269253744906288
2681,0.009149959871625785
2682,0.035742382737477714
2683,0.005051391431557956
2684,0.011308968757125816
2685,0.030001546618473204
2686,0.0034571935636751308
2687,0.3872057580802744
2688,0.00630539688076832
2689,0.2061038648120409
2690,0.03632846749356181
2691,0.04744706880370591
2692,0.6133532998197736
2693,0.011502379249872612
2694,0.008247274599680447
2695,0.005078706260254368
2696,0.0035924750508090336
2697,0.003526406376967674
2698,0.07856608299722978
2699,0.006434896689251138
2700,0.05990425801908524
2701,0.0027854106814769416
2702,0.03194007429002024
2703,0.13655406179943094
2704,0.40708318263550136
2705,0.014953183309684774
2706,0.10517573712752938
2707,0.0034262473964555198
2708,0.19327001054643808
2709,0.025330853795288124
2710,0.12203141753093089
2711,0.006251426838989982
2712,0.010696121800437174
2713,0.8753248274085156
2714,0.017422564495490196
2715,0.010359354107987164
2716,0.006493303117263011
2717,0.009642491516439922
2718,0.0024953365802068564
2719,0.04189350078691108
2720,0.018559727424257245
2721,0.5975244603918709
2722,0.025763543463466994
2723,0.8954236002665829
2724,0.02619072007554753
2725,0.025959570284765525
2726,0.0066703936474170975
2727,0.0034114519524724722
2728,0.014130089445079791
2729,0.020644263187139363
2730,0.8354157884674762
2731,0.018050035844471127
2732,0.0027069353311259853
2733,0.002460688060064693
2734,0.024987439553023388
2735,0.7070322989237073
2736,0.01247162706306069
2737,0.012668887191265745
2738,0.008835487723376355
2739,0.28223365677965245
2740,0.017351724055021545
2741,0.18065004954017902
2742,0.17509835118087777
2743,0.00513375990234695
2744,0.0013486792104968784
2745,0.06201885349522758
2746,0.005141739749858815
2747,0.023243293086248496
2748,0.010360783086862928
2749,0.013692897837533415
2750,0.2569900012527413
2751,0.6084181044521704
2752,0.0014186332320799023
2753,0.001652395714680158
2754,0.04824750711571639
2755,0.002958533704830686
2756,0.04315810411221282
2757,0.04085517040552512
2758,0.0020034537400061493
2759,0.010586994563870144
2760,0.011770048972180187
2761,0.014200284794586356
2762,0.28995994822973503
2763,0.6307216105710398
2764,0.0028633357752816113
2765,0.048847567987112275
2766,0.04078874193451735
2767,0.11040310213258878
2768,0.0040470253449780245
2769,0.10415677140850715
2770,0.09315724342793236
2771,0.0066535118354738325
2772,0.028908189138446665
2773,0.9015084842375731
2774,0.050067007123797615
2775,0.3995245007237544
2776,0.007348340527438282
2777,0.0087947171479676
2778,0.0048540562329243125
2779,0.0061174767380097975
2780,0.16372553950581734
2781,0.7310432657463415
2782,0.004850997830820858
2783,0.45257235106555543
2784,0.005846865694126288
2785,0.008494416770197409
2786,0.3126645191089575
2787,0.15747958959737496
2788,0.24115120188070818
2789,0.005493710704464522
2790,0.0174484748348022
2791,0.004312589748613572
2792,0.043949616128352395
2793,0.006113375587710775
2794,0.09355548792583404
2795,0.0027256311893885973
2796,0.491884955899771
2797,0.007412921012194852
2798,0.00937990284285456
2799,0.02605722455384146
2800,0.9104165801253314
2801,0.009570881974607226
2802,0.001810951037082092
2803,0.014256132909352053
2804,0.01825645992003758
2805,0.4123086702366449
2806,0.007591814733196347
2807,0.4970210166747294
2808,0.0024607320483378448
2809,0.015103959625551671
2810,0.009583769095620087
2811,0.061407480548317225
2812,0.05421280010890695
2813,0.0036876720694709745
2814,0.09374863012935764
2815,0.0036047168392473105
2816,0.031186172410291636
2817,0.7547868987575539
2818,0.01181644772263553
2819,0.002253189558851115
2820,0.020686487755951118
2821,0.005772388773792161
2822,0.03960553990230877
2823,0.26689768453410523
2824,0.03163185604238847
2825,0.012858701778586919
2826,0.00673720488388539
2827,0.0197301407606033
2828,0.013035618275899856
2829,0.025252275354879575
2830,0.007559444409174381
2831,0.010572750863813055
2832,0.028740690832092134
2833,0.007884802230453257
2834,0.42517843743360106
2835,0.052985262537499744
2836,0.021047361676263573
2837,0.0520430363691795
2838,0.013601306154418452
2839,0.176026203324411
2840,0.47809059323929903
2841,0.002765563818434302
2842,0.06038900606668954
2843,0.005320676291902163
2844,0.0035753578951543334
2845,0.24790243201431322
2846,0.4605977003920431
2847,0.015111822821584426
2848,0.06587611379660069
2849,0.17712654318234275
2850,0.08137446588718995
2851,0.006813382273107878
2852,0.06103502142277791
2853,0.2889633085174551
2854,0.002036399144497982
2855,0.02742186427732904
2856,0.377982718929344
2857,0.1683260889211966
2858,0.016666647611595357
2859,0.07483070813292975
2860,0.30594549034852664
2861,0.022209707329589996
2862,0.2951349364644338
2863,0.011649073973701959
2864,0.008685300464645565
2865,0.012171853135164376
2866,0.01449497495334923
2867,0.009935722140301789
2868,0.0022325285026250094
2869,0.0070976242227431974
2870,0.004318536164032886
2871,0.06306095724601567
2872,0.0708101883741688
2873,0.058567743734424076
2874,0.006888271339968635
2875,0.0071491853198567285
2876,0.013300019584949313
2877,0.00593384277596488
2878,0.016066332030872318
2879,0.008914633578752745
2880,0.5842079485548568
2881,0.10553822905260196
2882,0.004563698723156035
2883,0.43410166995498095
2884,0.013099967591105384
2885,0.006863425687533648
2886,0.005428290527257827
2887,0.7218324866069611
2888,0.005891898155060298
2889,0.0063103017017442165
2890,0.02755869796680959
2891,0.25776425480982157
2892,0.02005476882042027
2893,0.003054433847732619
2894,0.016027625610646537
2895,0.02009686280063341
2896,0.05070750651088536
2897,0.023173932035680075
2898,0.01605455038874581
2899,0.017634980542661417
2900,0.0019498715103529257
2901,0.03742445562961729
2902,0.010561182733821117
2903,0.0035458871926923358
2904,0.009296034888723407
2905,0.009320482599504413
2906,0.012269254735606909
2907,0.674919168890942
2908,0.01548900897766586
2909,0.02472325213784202
2910,0.004189596921093785
2911,0.004907904858483333
2912,0.008096908805497809
2913,0.020506174083921212
2914,0.012733573151032436
2915,0.06006789285419224
2916,0.005467153003188237
2917,0.005020632257931039
2918,0.008838741028450196
2919,0.31239809188322315
2920,0.061065528621209675
2921,0.08117481739745283
2922,0.09904732709045887
2923,0.009366679658770298
2924,0.059559478840099885
2925,0.0011286066640382817
2926,0.04170875356485518
2927,0.0069719075215457825
2928,0.004955789963612974
2929,0.014966552376772135
2930,0.00422498318827314
2931,0.007415624043722844
2932,0.5545036105033082
2933,0.4491888034987939
2934,0.06509506442689011
2935,0.012798075415081319
2936,0.02767297395305721
2937,0.4646664496810294
2938,0.07910673232119401
2939,0.5203665716900432
2940,0.30456694091799547
2941,0.0064904591894175655
2942,0.1729940107114882
2943,0.006281619614283938
2944,0.3585347180298658
2945,0.011230541922810153
2946,0.5209029389794874
2947,0.04448166416459607
2948,0.06259801182164867
2949,0.0051347357105604305
2950,0.17438852404354596
2951,0.014401022701688268
2952,0.09307595391718262
2953,0.1586644498132835
2954,0.316796183254208
2955,0.013944695348581778
2956,0.6005275503569786
2957,0.44365383287109084
2958,0.517997231479397
2959,0.010565362435605224
2960,0.005518041158622101
2961,0.0644642685548146
2962,0.005412133260707264
2963,0.015798872516973733
2964,0.009139127278232516
2965,0.03293970668738833
2966,0.004432100956099858
2967,0.05172295430517208
2968,0.6623274095781658
2969,0.005546064020624396
2970,0.40634420796503223
2971,0.05857140398523536
2972,0.6839065732830104
2973,0.011426066671311819
2974,0.006455191589981991
2975,0.0022822823565797055
2976,0.10863882863704233
2977,0.017356817831964477
2978,0.015395141919576355
2979,0.036053361747233684
2980,0.033407766799130476
2981,0.009343604066105536
2982,0.016047016862283298
2983,0.010586613465114112
2984,0.03656202613321957
2985,0.01263905619159336
2986,0.02962126258455465
2987,0.005991321561069065
2988,0.23940886931770555
2989,0.021754258421080617
2990,0.3564802639518212
2991,0.21273905395218434
2992,0.006093406139323371
2993,0.015964623555302877
2994,0.010398788566088694
2995,0.012703431072877053
2996,0.006963635609968962
2997,0.7791124724402236
2998,0.008711832307939883
2999,0.19250669561249295
3000,0.42008566594584146
3001,0.051833228772104625
3002,0.006167779550888572
3003,0.08945714841569075
3004,0.059082332423269934
3005,0.0841099813004167
3006,0.028657338316012575
3007,0.1959088776843523
3008,0.006627047914345508
3009,0.012262113122688758
3010,0.09063150778467413
3011,0.00691090094842844
3012,0.16363478712500656
3013,0.003704886601887727
3014,0.007166224280458089
3015,0.013382604188839046
3016,0.008628387377322673
3017,0.026439384470080138
3018,0.5057742724691261
3019,0.010344225857372023
3020,0.0051299724007860086
3021,0.4573725489017489
3022,0.04411208438896052
3023,0.009694538367404911
3024,0.008752392151829703
3025,0.030341695709372722
3026,0.6479279372299883
3027,0.6587788605553696
3028,0.333193448212332
3029,0.5482120362453844
3030,0.008432802575953753
3031,0.01044710869282662
3032,0.004021182755333987
3033,0.006959189252684299
3034,0.29093137932570484
3035,0.02260622817640662
3036,0.2376304196071915
3037,0.0036007929193971537
3038,0.12076412427996168
3039,0.06617394770748741
3040,0.006177959365556103
3041,0.002147796289298581
3042,0.11635966443956704
3043,0.018428125939922095
3044,0.02187979969820991
3045,0.07729250814819007
3046,0.008296800098479612
3047,0.06668755891307906
3048,0.039127762396263116
3049,0.08213003279301939
3050,0.01386290748622182
3051,0.03370959457519237
3052,0.005002513171769888
3053,0.00538825805068055
3054,0.8853436944588545
3055,0.7348891466827938
3056,0.034386479295985074
3057,0.013320495214747933
3058,0.04086631205337859
3059,0.003898640230527941
3060,0.011719340247068161
3061,0.20139930133705738
3062,0.020549723869800172
3063,0.19528828970065948
3064,0.02729787746441784
3065,0.0040285321389165706
3066,0.09756742625160615
3067,0.8662144754013911
3068,0.1998788126870857
3069,0.13885617373945175
3070,0.006626194116576035
3071,0.017417731558542995
3072,0.003982492261002739
3073,0.01541344583037336
3074,0.004573940261903088
3075,0.7672593705142791
3076,0.016594759922087764
3077,0.5234365187319645
3078,0.044677865516948176
3079,0.005117550266947523
3080,0.026790095349767312
3081,0.07688372425023475
3082,0.018493347855107024
3083,0.022188097323524475
3084,0.0024282911068004907
3085,0.015504698794505771
3086,0.037307150541728014
3087,0.025991549834075787
3088,0.013208601268360943
3089,0.008397151888873692
3090,0.00540947088440944
3091,0.31830165876515953
3092,0.08875633749550005
3093,0.023845765589692036
3094,0.02839073501975321
3095,0.02586752123451295
3096,0.03159495728207146
3097,0.030565672856448393
3098,0.43499992084139716
3099,0.1645535141834764
3100,0.17084881601414018
3101,0.3325714971085616
3102,0.9207824115714767
3103,0.013213397941043441
3104,0.7039357686880147
3105,0.9185010074686986
3106,0.0058430462565802355
3107,0.011966456429868173
3108,0.004578372030758648
3109,0.0016361636757974073
3110,0.010190047412205203
3111,0.008426169266960309
3112,0.011220688290753471
3113,0.13736426117808753
3114,0.056009576842381156
3115,0.016520941846109374
3116,0.005102537127343266
3117,0.012409216409247975
3118,0.28228205003732115
3119,0.021479123967540762
3120,0.006385488205930388
3121,0.005606082393191225
3122,0.006934022553460307
3123,0.8561167270788268
3124,0.01791918361530277
3125,0.5272753234335653
3126,0.2027080309633627
3127,0.44480500818724367
3128,0.8139409364272084
3129,0.08520417418902389
3130,0.6387543645248339
3131,0.4123182569999296
3132,0.6784578746133958
3133,0.004671569723903673
3134,0.00967254761985996
3135,0.05163415413401004
3136,0.012503419962165727
3137,0.013586029226458874
3138,0.007717074319578083
3139,0.016025539795713823
3140,0.0019023872683632136
3141,0.29822090290909015
3142,0.09867934594044353
3143,0.007078476696053705
3144,0.39692922119146007
3145,0.3203765170208517
3146,0.002543693465413952
3147,0.5442706535624494
3148,0.007985850314872846
3149,0.008497462088352533
3150,0.0057408047836369795
3151,0.013947409982223795
3152,0.009970935811540165
3153,0.004782815475295294
3154,0.14562368304386922
3155,0.018768273864943136
3156,0.03417461915848312
3157,0.014482628806372733
3158,0.030283302942381282
3159,0.006444129742036704
3160,0.004609173763193907
3161,0.04635420210826668
3162,0.006789354092869885
3163,0.1056120057589276
3164,0.007798788040549241
3165,0.0076462704905244806
3166,0.02847110625857632
3167,0.00804416719520261
3168,0.003790740671792877
3169,0.0018171066950936105
3170,0.002254200645631504
3171,0.023599224499867236
3172,0.0031931278643600124
3173,0.02776193106236009
3174,0.26768980584387625
3175,0.028131172310912795
3176,0.0044410292848599655
3177,0.007685274288358244
3178,0.01055154654437401
3179,0.008561448953644765
3180,0.002419995891556347
3181,0.008277994184237072
3182,0.006305182726153116
3183,0.6405828829086977
3184,0.013566217883241824
3185,0.09105350332061224
3186,0.1433685816129634
3187,0.018522853118043157
3188,0.029997429643326082
3189,0.01698644336324048
3190,0.08101092226211731
3191,0.9058258455608358
3192,0.1821603788246795
3193,0.0038004576316978513
3194,0.0086242198826292
3195,0.954911647843914
3196,0.006080529644638216
3197,0.013738690244614308
3198,0.0296736045461291
3199,0.012153607374454405
3200,0.0019076794827285236
3201,0.0828094148896166
3202,0.04041059682468068
3203,0.009868483075268391
3204,0.04485369531049379
3205,0.005694556322411774
3206,0.002691240045583321
3207,0.006982932314740004
3208,0.018762260219842092
3209,0.008385638712216802
3210,0.05444390346172799
3211,0.7470385205578643
3212,0.004797496211672676
3213,0.37548274045195135
3214,0.026456640181026076
3215,0.001431969593308316
3216,0.005895617754791192
3217,0.019621205270776966
3218,0.004558360630279866
3219,0.01172372235250772
3220,0.007175201746793851
3221,0.008808086104663323
3222,0.003496191457596859
3223,0.12189236811953953
3224,0.00822701134386441
3225,0.0019861416708702854
3226,0.02278494976666377
3227,0.2848662531166646
3228,0.0036592897446552494
3229,0.27099723638086526
3230,0.004645527538002383
3231,0.027300275963053764
3232,0.5254753622232229
3233,0.17984620346380317
3234,0.025175280907974804
3235,0.056492216396374015
3236,0.005517106132263816
3237,0.00449141541533308
3238,0.25562038372543355
3239,0.00476578718968027
3240,0.01480312089208825
3241,0.007456292552011203
3242,0.07857704305210153
3243,0.009773691469267057
3244,0.003379485845554199
3245,0.0013394231143062942
3246,0.829344849116752
3247,0.03142346118665809
3248,0.020018077372355406
3249,0.008504182661013182
3250,0.020353794770477197
3251,0.030778033246260147
3252,0.00701351467845211
3253,0.007765987326989193
3254,0.23078140784215861
3255,0.0028569940991220286
3256,0.010758497780537632
3257,0.6624472994077344
3258,0.923084568765449
3259,0.00289032100407752
3260,0.029150652350997137
3261,0.006550292125321506
3262,0.3725687582855534
3263,0.042141332487666654
3264,0.006156391801319321
3265,0.10957914497517379
3266,0.012859019008371607
3267,0.007697236472802846
3268,0.05259472218080475
3269,0.0352693293281059
3270,0.01026586655169156
3271,0.006795736616930789
3272,0.04094545690868169
3273,0.32135294995698405
3274,0.4430101067080421
3275,0.03768778678182753
3276,0.005176718408201516
3277,0.009713252300760084
3278,0.5403954036371827
3279,0.02331360912377149
3280,0.007849914153578049
3281,0.005455028874850009
3282,0.010465618431312548
3283,0.21810712537825913
3284,0.01816394898890125
3285,0.0036169299768026458
3286,0.13903381656790972
3287,0.029463042685121302
3288,0.008152306214940128
3289,0.05326257685001013
3290,0.6800094778161001
3291,0.014086249122000426
3292,0.10237526587411433
3293,0.06422784216272466
3294,0.023204326919666753
3295,0.020483199226806935
3296,0.020768185566969365
3297,0.0265997449157416
3298,0.006514555539520757
3299,0.01763930338449557
3300,0.0073776418283459655
3301,0.0136148678894913
3302,0.4110534552730061
3303,0.004957576379681623
3304,0.0022975942743706183
3305,0.009546848232325893
3306,0.09456692979197073
3307,0.007594273077659317
3308,0.01810858740799565
3309,0.6196212667989737
3310,0.005853522825242185
3311,0.006779320913431426
3312,0.02649747941431234
3313,0.2046340002768881
3314,0.009671088413331332
3315,0.0047546023531108515
3316,0.2565635127899912
3317,0.25805226987802854
3318,0.007863247661408853
3319,0.3639106457482631
3320,0.012268615418996785
3321,0.006008831263672695
3322,0.19736364386768773
3323,0.007698585016255643
3324,0.004230815652117992
3325,0.010129141599677644
3326,0.012669651781954635
3327,0.003755408994457727
3328,0.011132585046714279
3329,0.010385918564603816
3330,0.03304830476889244
3331,0.07356286042155637
3332,0.7001890249619843
3333,0.012596724768707226
3334,0.025273185894581933
3335,0.008544790679244298
3336,0.02783572189962121
3337,0.008186938992880845
3338,0.01825389346849132
3339,0.002146061882848646
3340,0.02852433908951793
3341,0.009186171244849006
3342,0.053204713061178195
3343,0.08142844467587987
3344,0.1326392286043284
3345,0.1019134017168234
3346,0.2553321719768576
3347,0.2752920277658231
3348,0.686525388104332
3349,0.009147844047810397
3350,0.004144324591919623
3351,0.00394308218660106
3352,0.07912780810607072
3353,0.010540767586712458
3354,0.03816159241940786
3355,0.04116014972427457
3356,0.560228862323787
3357,0.013673730330647378
3358,0.06707857671558815
3359,0.11449255837660616
3360,0.2727329393483318
3361,0.07659729362398002
3362,0.011199938744649276
3363,0.01722413484161025
3364,0.2766454632893847
3365,0.769215388838675
3366,0.45817244014285347
3367,0.008962311416450599
3368,0.009058306740551964
3369,0.003413424114567152
3370,0.15904583425596094
3371,0.6113452843168884
3372,0.789691243689675
3373,0.020288812647016537
3374,0.0439857126085476
3375,0.1457785912793595
3376,0.12507751727530453
3377,0.0426152519937531
3378,0.009580161100638628
3379,0.018282709587600064
3380,0.0050590149495392525
3381,0.019604455669387538
3382,0.5886082366200315
3383,0.006797993912320396
3384,0.16565452675592668
3385,0.0051409782530454536
3386,0.013880235803327538
3387,0.9243146186033692
3388,0.05485396267982606
3389,0.015685345702299555
3390,0.012361573187649612
3391,0.02178914125685963
3392,0.025724888055343693
3393,0.023381585276681428
3394,0.022288485676712065
3395,0.032774694240726
3396,0.019640594877391112
3397,0.061428695658068945
3398,0.013231767856564748
3399,0.005946161652272342
3400,0.05339937946855725
3401,0.978609150561473
3402,0.7545248160708515
3403,0.006552112860137625
3404,0.16112928358819223
3405,0.8673926593472214
3406,0.022979294080377348
3407,0.02249541650194058
3408,0.0037283786879401537
3409,0.24864087587253572
3410,0.006917611104402377
3411,0.0037504112664606274
3412,0.0014914030744531252
3413,0.00831260650864611
3414,0.03236473064942191
3415,0.2071005742565309
3416,0.0049776383074075425
3417,0.004749050453789351
3418,0.006316898348805211
3419,0.008812370907910027
3420,0.0022243092140551203
3421,0.0035384086569936204
3422,0.24148779663146497
3423,0.0013553263998597473
3424,0.15459044812083203
3425,0.1166279901301892
3426,0.025823882411647913
3427,0.018398781620198954
3428,0.007629269166444019
3429,0.0028708053331148752
3430,0.09148714856733738
3431,0.08660338355887261
3432,0.01694858873745432
3433,0.6845048234580547
3434,0.00526992071269668
3435,0.006659957167354066
3436,0.11100748509454415
3437,0.027615236997566045
3438,0.007278365533828287
3439,0.02715171602391295
3440,0.006703254449057241
3441,0.0060846690224817075
3442,0.055647820583747516
3443,0.5138226312213053
3444,0.004952517135090275
3445,0.030767032573971235
3446,0.015147812713443376
3447,0.05274031817073809
3448,0.027551055547983552
3449,0.02305734427119741
3450,0.004785066357138121
3451,0.031138634447928405
3452,0.05501311214955347
3453,0.025025791746870644
3454,0.022642361963451967
3455,0.2938600963965756
3456,0.026177105925621388
3457,0.005439376977206291
3458,0.15350750827249768
3459,0.005374109495541601
3460,0.2509294183048094
3461,0.005129531773766867
3462,0.010634713064037158
3463,0.00315485926523435
3464,0.028942599949131013
3465,0.014019781631445018
3466,0.0019198461160775033
3467,0.00318160316536196
3468,0.1775098225656887
3469,0.0063408474787979745
3470,0.0127249549763234
3471,0.007674017451945564
3472,0.0031401616675768903
3473,0.007001973521558329
3474,0.005878252173218163
3475,0.004851773377194181
3476,0.09957256532007926
3477,0.007197042081822101
3478,0.0024697150120725066
3479,0.06135050460575861
3480,0.004647381185882712
3481,0.044059703936136334
3482,0.031111715251478524
3483,0.007969518157298076
3484,0.0027205018451331915
3485,0.005807752449783126
3486,0.8160891554547606
3487,0.3191034152966612
3488,0.023671295992890806
3489,0.2258443050882585
3490,0.42295795356303406
3491,0.07319214208135685
3492,0.001956994927545834
3493,0.013146016040614878
3494,0.006481647677804412
3495,0.007818554189817613
3496,0.04540910226595811
3497,0.006483917075671984
3498,0.011301034852467345
3499,0.14414499995879146
3500,0.018086269425125964
3501,0.008886584078044227
3502,0.023926904609966437
3503,0.37307583173039566
3504,0.01075971722008431
3505,0.004033396170177714
3506,0.018199617275209818
3507,0.01567078773889057
3508,0.02349019966681138
3509,0.017864275843966656
3510,0.3824815677032394
3511,0.02342460252860439
3512,0.057314820281242115
3513,0.009720712887030122
3514,0.32595741756696867
3515,0.1622951711339589
3516,0.0611802839903415
3517,0.02715067668368142
3518,0.6086591101059993
3519,0.003798906098235909
3520,0.12328875658999137
3521,0.035652609001151275
3522,0.8985376037040849
3523,0.4624906949532194
3524,0.023748599880967145
3525,0.8961083002618039
3526,0.5399439177806415
3527,0.003843519655059048
3528,0.01618995334145996
3529,0.02475384431979783
3530,0.25137414187594
3531,0.0016415123799470531
3532,0.03396415093621212
3533,0.0045467971027434466
3534,0.009472722540937515
3535,0.002363245930456626
3536,0.14613205804922302
3537,0.04782673691884109
3538,0.02377923051695575
3539,0.4604142761355564
3540,0.014722178098083832
3541,0.003761192618172493
3542,0.06163251527154439
3543,0.013475053216117352
3544,0.01583004520574059
3545,0.06307571535083975
3546,0.0025455688742723175
3547,0.051347115504796904
3548,0.005518681873317636
3549,0.1128641717313004
3550,0.029027692007902534
3551,0.020148724335041526
3552,0.005522742019293803
3553,0.05996074835968449
3554,0.018745111412162743
3555,0.12304887634168878
3556,0.2968572205241814
3557,0.02356989479887753
3558,0.006989424926032126
3559,0.011749728300375857
3560,0.02391337545220671
3561,0.5818814276950073
3562,0.008874590290013631
3563,0.004470037001002928
3564,0.008439543042320483
3565,0.006233681363774653
3566,0.7802296043544363
3567,0.0019105909350593418
3568,0.027237136429226115
3569,0.002134264203488738
3570,0.017432707176848652
3571,0.010081640209481914
3572,0.3937623059566419
3573,0.0434100416817674
3574,0.006865382269838716
3575,0.017706694033723415
3576,0.009954763353894868
3577,0.0067279685177189606
3578,0.04176337385130844
3579,0.10310835065409232
3580,0.5410440848485913
3581,0.00891582440928772
3582,0.1412588061322971
3583,0.01968554338327897
3584,0.004550295468441201
3585,0.020067513725265433
3586,0.005689911236377001
3587,0.006078692791832534
3588,0.005877453427343791
3589,0.011984569732516001
3590,0.06111217933566846
3591,0.0275021605402137
3592,0.18808941151293207
3593,0.0038276755328588465
3594,0.05491356261941155
3595,0.009609648587368621
3596,0.716927557429612
3597,0.021865721110515397
3598,0.0667048806486623
3599,0.5018169562403998
3600,0.09412910414905118
3601,0.007754993777147857
3602,0.008829175097605103
3603,0.02701536295401965
3604,0.002663423926061813
3605,0.6955323645200383
3606,0.0072023577886126
3607,0.007990109248854972
3608,0.004351116761704472
3609,0.005780270257753612
3610,0.023103591817575563
3611,0.0032695746599757905
3612,0.9450038706214544
3613,0.37622098178350233
3614,0.012657899963208213
3615,0.003915679327798883
3616,0.014088596621579094
3617,0.004831889709682813
3618,0.11278918925668317
3619,0.0093398177412857
3620,0.0873214235900739
3621,0.028148323676453466
3622,0.003013642964264002
3623,0.0020116422313440616
3624,0.04750465553614516
3625,0.012600766127211005
3626,0.003758179025653047
3627,0.0018239527617156571
3628,0.6503815958901874
3629,0.005177192796102645
3630,0.00668380368894225
3631,0.00695405089649414
3632,0.0011324012505147358
3633,0.02035471366851276
3634,0.007404722176879177
3635,0.03202752722204706
3636,0.40601170910877626
3637,0.0046361222822227915
3638,0.0022771141736105636
3639,0.0036786448653780405
3640,0.060621122125523196
3641,0.005810289512956797
3642,0.020657761780361817
3643,0.7134797804454781
3644,0.36126066588328903
3645,0.032002642124220305
3646,0.0053524024018150405
3647,0.8991355713576026
3648,0.015361408267614783
3649,0.5892117704730572
3650,0.45873238213240347
3651,0.002009796401489103
3652,0.014972612110388273
3653,0.03123522772221966
3654,0.17629499020489575
3655,0.025993047163675738
3656,0.0039509477962296966
3657,0.0701749158305951
3658,0.009904433956261668
3659,0.0027924647834672383
3660,0.0030534478442112056
3661,0.01836138387689665
3662,0.009100060108749797
3663,0.036074064746834875
3664,0.010055354261939705
3665,0.0788152421365024
3666,0.020174929968220477
3667,0.00927157921265825
3668,0.06531484911590779
3669,0.043485168157874
3670,0.18050734228834747
3671,0.011773224734458477
3672,0.01319583778277921
3673,0.017104972977529945
3674,0.032833217039825585
3675,0.7401991209463136
3676,0.005377216045898728
3677,0.01810767273896955
3678,0.012063231121607393
3679,0.01549399191473334
3680,0.056223171807984744
3681,0.017256976834005608
3682,0.012530448499278181
3683,0.008285559114655977
3684,0.031395425998881905
3685,0.018911577240814305
3686,0.014787870293568
3687,0.01322393413157711
3688,0.012010871289291536
3689,0.2701565570743146
3690,0.012165891036681852
3691,0.019890049025844916
3692,0.003362409713027857
3693,0.45203206610320634
3694,0.022124507049744394
3695,0.0435376629006662
3696,0.1454640317197173
3697,0.3412938398019765
3698,0.045290728757548346
3699,0.041627163013846495
3700,0.8955139100411134
3701,0.06333461586455362
3702,0.013059298891075677
3703,0.4769228377940133
3704,0.02526004476799366
3705,0.30315637099878906
3706,0.010283103064626717
3707,0.011939396371589313
3708,0.43201937517417355
3709,0.002674224810017409
3710,0.0540450243238248
3711,0.056112870091883794
3712,0.08283832824086841
3713,0.02230607716951459
3714,0.004987929262609987
3715,0.008355028446901152
3716,0.018400087249159473
3717,0.004027276716597355
3718,0.009143148093203116
3719,0.21807688717579454
3720,0.006813107034539577
3721,0.04199295089183222
3722,0.054201344462066245
3723,0.0013690340496624069
3724,0.005107222948582133
3725,0.6396638071004834
3726,0.05130523334344838
3727,0.04407357461416312
3728,0.02915506657945696
3729,0.006209996567780036
3730,0.008999175015540725
3731,0.010113061013328754
3732,0.005921199941503738
3733,0.3466324245180462
3734,0.0020009087138521996
3735,0.001374674285487964
3736,0.012130370292677236
3737,0.2091107684299295
3738,0.08219615854772051
3739,0.06956060034826168
3740,0.8242313421469173
3741,0.8187754195277516
3742,0.09115583890067919
3743,0.010721771740410857
3744,0.06535327144471811
3745,0.0033515331572904535
3746,0.004857009576456251
3747,0.011145869955544436
3748,0.004440873411550779
3749,0.01624442549626044
3750,0.104352031371212
3751,0.30161828117258155
3752,0.015728931125142936
3753,0.0023757773020448734
3754,0.007804297161083622
3755,0.02618048167562315
3756,0.011834149438786119
3757,0.5416794299272372
3758,0.013715803847675657
3759,0.005344990871222178
3760,0.0077701100686674435
3761,0.1535331492259474
3762,0.007169883795805803
3763,0.006937166429870307
3764,0.012743781828343008
3765,0.008313934976377257
3766,0.6512739508227307
3767,0.0283894929099696
3768,0.01961398259825455
3769,0.05669888485985112
3770,0.009833069808717797
3771,0.001295546775680785
3772,0.004384528188950448
3773,0.04127905833135955
3774,0.00339040819919207
3775,0.4396372985079459
3776,0.0018710113478182216
3777,0.2741170737085485
3778,0.11583697799428824
3779,0.012295747953496146
3780,0.0244647095120833
3781,0.0016673721284725432
3782,0.7563012886195611
3783,0.3604461518658185
3784,0.00367028946619452
3785,0.8970657472388059
3786,0.03500019539714264
3787,0.02579433407066776
3788,0.0023291864012491186
3789,0.014652971831768355
3790,0.27399884761831744
3791,0.4442507590753969
3792,0.012449270325960151
3793,0.002947422071358322
3794,0.667163609965448
3795,0.0015300414558766357
3796,0.06777205876724286
3797,0.05789683889657344
3798,0.007333103587163686
3799,0.008822900863798168
3800,0.0035293651676999794
3801,0.934189298047775
3802,0.00412454043332596
3803,0.017641534854170325
3804,0.13297632885288585
3805,0.12902763678209223
3806,0.020340493599617877
3807,0.4969241018190352
3808,0.003137439365954099
3809,0.2957753460107107
3810,0.41396083066120826
3811,0.11215838192979066
3812,0.042799078126057315
3813,0.6930182286193862
3814,0.003495947293165342
3815,0.03246526117517786
3816,0.08397432938493138
3817,0.004184722191096179
3818,0.026127686924216572
3819,0.01629340646915308
3820,0.018878349255402622
3821,0.012061238106256868
3822,0.4798645781132087
3823,0.045449069388915304
3824,0.020793355777354357
3825,0.7877244578748316
3826,0.7346468928945831
3827,0.012099919173779405
3828,0.005626373902551172
3829,0.15176804293909338
3830,0.4285128912786948
3831,0.41088743766042224
3832,0.8765477543245936
3833,0.004809107422804601
3834,0.003750779714418662
3835,0.005236366111735926
3836,0.024475916670692193
3837,0.008048965793881238
3838,0.0028861204321098967
3839,0.013103366522048411
3840,0.48422242517106273
3841,0.8087282420611256
3842,0.03783246125132506
3843,0.10089864808075112
3844,0.0036379125340453536
3845,0.0019770821437014143
3846,0.8175415722904866
3847,0.04849882241490526
3848,0.47119375464748364
3849,0.24476463942240445
3850,0.9182499005664168
3851,0.0043944519370190315
3852,0.005593493900001834
3853,0.048273401530028404
3854,0.02864603299110064
3855,0.06546937886191383
3856,0.009909794777170028
3857,0.008977449087049408
3858,0.925559093684327
3859,0.00973678216434876
3860,0.007381670133920122
3861,0.0051521380842549785
3862,0.006006923127919342
3863,0.007963419251520075
3864,0.010230982484435871
3865,0.6732032829229727
3866,0.0020168577343559
3867,0.029264439307046326
3868,0.01029741313598289
3869,0.154568609983324
3870,0.007177702752036627
3871,0.05386845186742465
3872,0.0751687460324218
3873,0.3881326593479958
3874,0.07180014679650043
3875,0.009661576986519767
3876,0.0018506658359195044
3877,0.3567448785470262
3878,0.007139219549591237
3879,0.10108375099478438
3880,0.030762217570488748
3881,0.0333462864214949
3882,0.004802137821043336
3883,0.2870871951444525
3884,0.006711915869678269
3885,0.00762050129927153
3886,0.009891649028978612
3887,0.0035523573904780504
3888,0.1712694330134088
3889,0.008397503960498336
3890,0.0451595968178954
3891,0.006000671157270064
3892,0.009312775839333884
3893,0.07135480509045061
3894,0.016100544185643217
3895,0.2980139780927059
3896,0.06932144277120933
3897,0.0036141093239311006
3898,0.005970129395708109
3899,0.008491721408993042
3900,0.10818387878595605
3901,0.030265377297212407
3902,0.004111828797665183
3903,0.5408681072325008
3904,0.004216654957414475
3905,0.5987726601245562
3906,0.0062619986457636565
3907,0.8419796420700616
3908,0.0323997177133596
3909,0.01146134551993361
3910,0.006662452730952308
3911,0.003672912004574998
3912,0.007001294893906482
3913,0.4083826638749832
3914,0.004706278610696134
3915,0.021996346611131944
3916,0.09840406802540998
3917,0.01683507022336749
3918,0.9453560673086127
3919,0.027941793703349118
3920,0.006657130094849558
3921,0.025216036620104885
3922,0.12803895680621105
3923,0.006479480426660073
3924,0.1736637643071282
3925,0.06393401716972748
3926,0.03725881911514851
3927,0.16089437264756049
3928,0.005293956867756877
3929,0.040088714485089
3930,0.8601723749664109
3931,0.1340354108565374
3932,0.03706505965649567
3933,0.04438259239070865
3934,0.006096331615120935
3935,0.3731847374821296
3936,0.010119339492737137
3937,0.026220345524828912
3938,0.0026728042462676295
3939,0.006264306081553635
3940,0.00468368086215369
3941,0.4890739667161056
3942,0.4646665067242548
3943,0.007923956725192338
3944,0.03971017096448408
3945,0.018802168990549255
3946,0.050551382443670995
3947,0.4479663842655725
3948,0.07571370478795299
3949,0.011199930466664626
3950,0.04186395484362539
3951,0.0019977982425193933
3952,0.017746271798663553
3953,0.006274638547182995
3954,0.02940394963891614
3955,0.028644850140340662
3956,0.05010003826024895
3957,0.14539491447580688
3958,0.007859453352158765
3959,0.0013551786469666734
3960,0.002693292636084921
3961,0.004756202789868511
3962,0.01956635875291871
3963,0.0032587252912885147
3964,0.002079438076322139
3965,0.05065616449452442
3966,0.5124913688242175
3967,0.4305404557090646
3968,0.001749580401675306
3969,0.08009113639599269
3970,0.006751194601538805
3971,0.005801793770740887
3972,0.03259845895558345
3973,0.018778132291979336
3974,0.0032213457132975578
3975,0.03415585240264472
3976,0.09073916461099064
3977,0.009520440488009803
3978,0.239915689465049
3979,0.005880539820201445
3980,0.009476686830497983
3981,0.0029155639635786595
3982,0.06927910858508453
3983,0.1630062321164439
3984,0.008722419442589965
3985,0.030690007462063858
3986,0.018479807284571537
3987,0.06295118811599931
3988,0.06945438722551861
3989,0.06499646020369923
3990,0.21064118309617663
3991,0.007909503080199389
3992,0.0041029907043148885
3993,0.012356265997956932
3994,0.04294135804498049
3995,0.011316845875546667
3996,0.4566053564523126
3997,0.030569295724091974
3998,0.17540424637058902
3999,0.02029488042583838
4000,0.015492910866903454
4001,0.06634578887979697
4002,0.04637036469265786
4003,0.023711180540638817
4004,0.04445422545378873
4005,0.009482938559500595
4006,0.04346868889187217
4007,0.005309871796333377
4008,0.011549291720257404
4009,0.07295944373586123
4010,0.006461088271929693
4011,0.16355659094457106
4012,0.10652540593839176
4013,0.011766884540460982
4014,0.007191638482311224
4015,0.2311630238242969
4016,0.0022071653306378414
4017,0.011719318297485808
4018,0.0017880647070250414
4019,0.017308854485044333
4020,0.026539943248127477
4021,0.012350653495067386
4022,0.005097310185652549
4023,0.007499625987712275
4024,0.5346739406840818
4025,0.0027573395161737003
4026,0.008170740636719534
4027,0.013115675070940743
4028,0.0037210170968965937
4029,0.021945896417633278
4030,0.12995544007870372
4031,0.022131478059305158
4032,0.0024789492291811236
4033,0.0015823065433955932
4034,0.00297081231853482
4035,0.011911835806706595
4036,0.00733448077605115
4037,0.2317267079341937
4038,0.07648508212846047
4039,0.008099251368077254
4040,0.006724442238205287
4041,0.11504705353835343
4042,0.012375260855418525
4043,0.015320974493118544
4044,0.00560908403343173
4045,0.39856279016261636
4046,0.37787233418511734
4047,0.011339605520133335
4048,0.6736083701620224
4049,0.03548988119251956
4050,0.005266242983711023
4051,0.005056622877800016
4052,0.01707966886963705
4053,0.0039229395155734375
4054,0.3371566589024413
4055,0.013097470140228456
4056,0.008712104959600304
4057,0.30228133125871864
4058,0.5147089806950276
4059,0.06137260381280094
4060,0.012461680051315836
4061,0.04989018386469389
4062,0.8013091622510965
4063,0.033904267077766774
4064,0.007381964461352167
4065,0.004913681336029739
4066,0.00500740784473778
4067,0.02711575607203322
4068,0.05322938797594222
4069,0.009789629464711217
4070,0.011131001037573463
4071,0.3032688964282617
4072,0.018082107500179082
4073,0.0037499247732358082
4074,0.021964301526138458
4075,0.0018535565720123296
4076,0.3144886075150525
4077,0.10632500379235661
4078,0.0060108699172708125
4079,0.7280480730715848
4080,0.01962629504543264
4081,0.7336015469708074
4082,0.013925005883552314
4083,0.005837303832657923
4084,0.01377128219647847
4085,0.007487462866192632
4086,0.389479835300572
4087,0.5175301298008061
4088,0.046415025140722516
4089,0.11446128701899583
4090,0.04174526085598888
4091,0.39266759985161237
4092,0.006932918007068162
4093,0.005648972845045229
4094,0.002747096766887913
4095,0.25858889513549427
4096,0.008483317507676764
4097,0.016437310546432014
4098,0.5919289789343891
4099,0.01510840826137744
4100,0.004871430326179412
4101,0.14159534243282795
4102,0.09381561095481032
4103,0.03286722684914234
4104,0.007624366188037315
4105,0.051051557574753104
4106,0.006943418849225172
4107,0.003047003893714018
4108,0.5742595394744435
4109,0.01596473834718362
4110,0.04324370807674953
4111,0.006274633048172973
4112,0.007751314864860371
4113,0.003837097289177721
4114,0.023511858970999402
4115,0.025027162674794486
4116,0.17660416345623636
4117,0.03195501368099048
4118,0.02367202521477725
4119,0.04188182613623853
4120,0.8201785847149763
4121,0.015722477023496877
4122,0.0029027406469100325
4123,0.007037311894618749
4124,0.03405005296968944
4125,0.003336332188608141
4126,0.005915552855536309
4127,0.0992640063987885
4128,0.0024126424987750603
4129,0.04095543637601445
4130,0.004849665923472561
4131,0.029101541656035918
4132,0.0024978271261666637
4133,0.0339655639115672
4134,0.014597582505483452
4135,0.4788506892063934
4136,0.009305824779185632
4137,0.004994824100325102
4138,0.002289384167687742
4139,0.00662565968100329
4140,0.0023584564154707434
4141,0.07434195836217515
4142,0.0138268821488234
4143,0.016425953222510743
4144,0.07662987678786057
4145,0.0034166848935423388
4146,0.32626719455034453
4147,0.005791724704462354
4148,0.022585203477818373
4149,0.0309405195338074
4150,0.06615476961451612
4151,0.004219095533603234
4152,0.13863328610644737
4153,0.021652146399325608
4154,0.005810843123749024
4155,0.0059816676856740665
4156,0.008632453881023905
4157,0.011244130267128397
4158,0.5096035731511616
4159,0.018267453100541224
4160,0.028608375278377854
4161,0.01054613994984044
4162,0.34341562288782085
4163,0.1630922346792895
4164,0.01242102218380015
4165,0.018622046472408258
4166,0.006540167714287302
4167,0.867841151853874
4168,0.003010098883290103
4169,0.011809867633893493
4170,0.0653122880538191
4171,0.24372256030394537
4172,0.07198859754136966
4173,0.004049812351903552
4174,0.15580784231448397
4175,0.2809583086135006
4176,0.023938739817900796
4177,0.011382357440954638
4178,0.012572279856924056
4179,0.008269168883497501
4180,0.04830499045028768
4181,0.024637204466544573
4182,0.003424845152882936
4183,0.007457829463067907
4184,0.04302881203874582
4185,0.001871144607928958
4186,0.003041251851355124
4187,0.009135684576734035
4188,0.06642337396921273
4189,0.010113951778020245
4190,0.02164181160976956
4191,0.003773286322467822
4192,0.006824021719442972
4193,0.11039378878036664
4194,0.07216635785215787
4195,0.15776577026660568
4196,0.011395863850727899
4197,0.0015274584767211456
4198,0.010703858770730433
4199,0.014962225823871567
4200,0.014160107386538742
4201,0.13421462242199514
4202,0.04079984500285008
4203,0.19152233970224516
4204,0.012169463109596471
4205,0.008924553317431305
4206,0.10459290849988649
4207,0.013318494273402938
4208,0.008782708723785946
4209,0.04546808410526719
4210,0.005320166589956225
4211,0.6008936315272453
4212,0.018884819823361123
4213,0.025544247390030254
4214,0.01134164939548656
4215,0.03644223029692572
4216,0.004937626826615714
4217,0.0014252893890110553
4218,0.008909393441632258
4219,0.005416247419982482
4220,0.16714590881387076
4221,0.030481843378597846
4222,0.007155807735440574
4223,0.003992378831402415
4224,0.0028863978963464486
4225,0.37456632917532373
4226,0.04638261069597225
4227,0.0015465520956596027
4228,0.05447630680487466
4229,0.3823767274800329
4230,0.00479667406038691
4231,0.009569004883973827
4232,0.9318083863267167
4233,0.055220461423425043
4234,0.03791714144057145
4235,0.7417907919942952
4236,0.029107310668871848
4237,0.026042420695276545
4238,0.004403923518946219
4239,0.001962908421496355
4240,0.019736740251431482
4241,0.00476578718968027
4242,0.09860676374230944
4243,0.044212755485272794
4244,0.009839465815919584
4245,0.014500531312310869
4246,0.006300725768718816
4247,0.006755085798220119
4248,0.38994541007271116
4249,0.7653822282445117
4250,0.007284018671521614
4251,0.06805936112222381
4252,0.04647972821271379
4253,0.01005246402002599
4254,0.04516661473046026
4255,0.005550605380037897
4256,0.003360958621571111
4257,0.012709379151079747
4258,0.020564254220779107
4259,0.00899189415812549
4260,0.006489014994607014
4261,0.00367288229236011
4262,0.6449429223983676
4263,0.0067060935426340625
4264,0.01308050850832937
4265,0.004050149648594147
4266,0.02872272381731753
4267,0.8513825625005066
4268,0.025589402348819356
4269,0.031312883772589686
4270,0.06102982605620647
4271,0.005791954928179406
4272,0.04280918307126855
4273,0.08815872553711362
4274,0.02017254416197074
4275,0.07212808350620681
4276,0.03361132448640186
4277,0.002159219122003318
4278,0.015174935112424811
4279,0.03031546707091618
4280,0.01848955100373104
4281,0.027001358336175
4282,0.0682026126136594
4283,0.03361308121899155
4284,0.02233243526418547
4285,0.029810598727586086
4286,0.023388676832751597
4287,0.007689411850691102
4288,0.023157719563694532
4289,0.005882662141996348
4290,0.2565674176563681
4291,0.010856373804025363
4292,0.013319681110757382
4293,0.016061784602922936
4294,0.011591957606797819
4295,0.009209660547077269
4296,0.00476164624455
4297,0.018425249847432042
4298,0.002102346545207642
4299,0.012220293640595977
4300,0.023366570671307
4301,0.005387810928511312
4302,0.21923462244619388
4303,0.006752307077590694
4304,0.048404087028868684
4305,0.02497722198265461
4306,0.33154599096457693
4307,0.0021192166372784667
4308,0.14683081613484875
4309,0.019055208527049682
4310,0.14074448136312204
4311,0.35810790013017807
4312,0.003799510679377721
4313,0.032148424289033736
4314,0.09061618181474287
4315,0.0019899184129394546
4316,0.06997771142108782
4317,0.004051257310758614
4318,0.02210238893055424
4319,0.007564507913503911
4320,0.11127003348715996
4321,0.36117828915154365
4322,0.09533960950776348
4323,0.006601325547989452
4324,0.009972296522663869
4325,0.07841109140652053
4326,0.49557134285533283
4327,0.19822974932651682
4328,0.11802607974122808
4329,0.014154055204552127
4330,0.015196056513323104
4331,0.013775708674076232
4332,0.012493803648671174
4333,0.012240667798267796
4334,0.03347907347571439
4335,0.0062007047218026745
4336,0.013762929357484284
4337,0.6941805099833905
4338,0.006318790800816722
4339,0.7890930927105638
4340,0.0035102675664314595
4341,0.5971844525099381
4342,0.021058251192889652
4343,0.33599075796468814
4344,0.008685078736155356
4345,0.1166523352997982
4346,0.03144289814685415
4347,0.026865315175871984
4348,0.005257502847161847
4349,0.03292581848055777
4350,0.4904504720304158
4351,0.0034082373942138752
4352,0.7290057468631624
4353,0.008506863192776293
4354,0.0100918538641707
4355,0.004270765881923265
4356,0.005432358747613725
4357,0.0038417985704879607
4358,0.022917089222289917
4359,0.014590785808195303
4360,0.008682511714270633
4361,0.009631451698459291
4362,0.21671242433184817
4363,0.014711806721670904
4364,0.02281340523532172
4365,0.019183128530300755
4366,0.02340112878809847
4367,0.05023537138478658
4368,0.01568145423104552
4369,0.017084658262696756
4370,0.16984180131207474
4371,0.4017149840852699
4372,0.005270647961726967
4373,0.0029183752310261123
4374,0.0030913615112398655
4375,0.002951223166380008
4376,0.5082139792397908
4377,0.06522525603630704
4378,0.015531980871688462
4379,0.019790100488101054
4380,0.009784605965991233
4381,0.0245385687000556
4382,0.0029470823879515296
4383,0.02520148242967354
4384,0.0016921417304766712
4385,0.4200292042160875
4386,0.5350596795909771
4387,0.005854597905532002
4388,0.007992692700283265
4389,0.01284404251494471
4390,0.0727846398308044
4391,0.3148037356615296
4392,0.10837848914832492
4393,0.020785875012605898
4394,0.013446945343064181
4395,0.06585277485523798
4396,0.0027908067305415143
4397,0.008760476653828841
4398,0.036649125453302865
4399,0.01521849577747373
4400,0.11588099893146062
4401,0.01158555274404537
4402,0.1308563048589723
4403,0.005284885449656532
4404,0.03400222653301147
4405,0.0034643307794429996
4406,0.5438895527264623
4407,0.058698455923111924
4408,0.04825496491739072
4409,0.009911154602363427
4410,0.13278144138358638
4411,0.0036603742115467247
4412,0.016436061334374037
4413,0.002795397640168817
4414,0.0346502235531667
4415,0.004050950731159165
4416,0.33781656132669524
4417,0.20387221488237903
4418,0.0035196221122476773
4419,0.009764522875868122
4420,0.016590461800677254
4421,0.003411660498975779
4422,0.019279845579075867
4423,0.008248497012730251
4424,0.005048906553746386
4425,0.07783264519169049
4426,0.01063851517195115
4427,0.012798285044434919
4428,0.002350989447804142
4429,0.622619417230839
4430,0.005846201148838779
4431,0.185411009162603
4432,0.0044994338101681
4433,0.04850526771782021
4434,0.009243702773393902
4435,0.8341316404353695
4436,0.005634320279313742
4437,0.006891895163402723
4438,0.013536632957683096
4439,0.05046702119980445
4440,0.0015596785922893065
4441,0.008257002824964577
4442,0.010767396531575726
4443,0.005800060021944377
4444,0.05008230425045122
4445,0.0031042661277310224
4446,0.01799246245697766
4447,0.007848922150259788
4448,0.006095526781715162
4449,0.09530844904768203
4450,0.0021436634842751023
4451,0.02282471063028193
4452,0.08013704889967162
4453,0.0037722220525658167
4454,0.8068223046970278
4455,0.023823969412493585
4456,0.2090168289789352
4457,0.6021630524232857
4458,0.0031322177702636776
4459,0.009968196633465777
4460,0.014122769196612588
4461,0.901414132194357
4462,0.012692111690447778
4463,0.017690335919699367
4464,0.011847473251508471
4465,0.007186375856585188
4466,0.09052357585808703
4467,0.09001800543345177
4468,0.033739394064741794
4469,0.002684704538969985
4470,0.029868568422430557
4471,0.09620808697236709
4472,0.029295049388700374
4473,0.0493536532703483
4474,0.4192034113476974
4475,0.006079188623073719
4476,0.016477771463240594
4477,0.49747177324658387
4478,0.006401408278781311
4479,0.12323223014456396
4480,0.04288824373119534
4481,0.03459730883020065
4482,0.003866154722235513
4483,0.0028966894166837266
4484,0.004630814119887475
4485,0.013194317613476468
4486,0.004500833096108886
4487,0.18583469925128832
4488,0.895748426145195
4489,0.08907530145110094
4490,0.7715451607075808
4491,0.005904403230211584
4492,0.39465507026907204
4493,0.013809098076625103
4494,0.013027766333558888
4495,0.47644967396489507
4496,0.0024291183676185364
4497,0.03351942389749756
4498,0.008405520843996943
4499,0.014432057501131076
4500,0.01539500239687168
4501,0.0438933532212641
4502,0.032996231990847766
4503,0.002970086963850809
4504,0.0039755018982613214
4505,0.8699903278153754
4506,0.0099825004067515
4507,0.004249746004653696
4508,0.580948023148386
4509,0.7717566093912237
4510,0.013453502025114994
4511,0.04814987604759664
4512,0.0791970037689434
4513,0.009237966212168863
4514,0.012787787723843827
4515,0.011890084978503137
4516,0.011580105578333534
4517,0.12549681041525468
4518,0.006765658384616905
4519,0.01324411751925495
4520,0.04392998761579547
4521,0.00429594379729384
4522,0.002323594421849521
4523,0.4322389774797743
4524,0.009008443595592447
4525,0.004524668015989309
4526,0.006095328452130732
4527,0.026535684887293767
4528,0.212503501423384
4529,0.0026261137298636663
4530,0.005168823225897954
4531,0.020020920712885536
4532,0.06342576022336296
4533,0.05718890895368065
4534,0.0034885856747442065
4535,0.050813110660355085
4536,0.008383848992923547
4537,0.1376005491121114
4538,0.009511916903794883
4539,0.00942945437324776
4540,0.009214217403491546
4541,0.0395285199127849
4542,0.017446660278772515
4543,0.13840382265029594
4544,0.04765530818967334
4545,0.01415476382961332
4546,0.3349058119652457
4547,0.034750809826784974
4548,0.016746311861235146
4549,0.016356356508183276
4550,0.5889673224646584
4551,0.003214698823440087
4552,0.2452549447952511
4553,0.5005059171832908
4554,0.07817698797012085
4555,0.061521175563529096
4556,0.02571044321631317
4557,0.11537584530991551
4558,0.02183553066474844
4559,0.048983610867544734
4560,0.6216888609726983
4561,0.020803681634881402
4562,0.006133013135402756
4563,0.00851849484009874
4564,0.007699660301052404
4565,0.002107113162175083
4566,0.007909590363740797
4567,0.013252555364253975
4568,0.005528292569957919
4569,0.4909011715570501
4570,0.003591891551392517
4571,0.033686893850760666
4572,0.006670573934221819
4573,0.014397869115796628
4574,0.001941905782822286
4575,0.10184613984057822
4576,0.043140336121316715
4577,0.4129791412621637
4578,0.037001143177406645
4579,0.0038570930278670275
4580,0.016243813297434115
4581,0.010093649975646931
4582,0.024935841766067765
4583,0.030680355516705157
4584,0.02012366100236733
4585,0.03701601478851899
4586,0.09534187294434668
4587,0.0246247798375665
4588,0.009235677983098876
4589,0.1317497800644223
4590,0.022731655496232996
4591,0.03325104718061294
4592,0.31224873637254524
4593,0.005890016074534635
4594,0.006611049202635563
4595,0.042804071414116705
4596,0.07091868428377204
4597,0.007339718707731061
4598,0.0864114149650584
4599,0.6008911341894057
4600,0.03639796226298367
4601,0.005928839354875896
4602,0.14879890964086978
4603,0.11819596729830302
4604,0.07778709871811557
4605,0.0017096513625195033
4606,0.6286259686475686
4607,0.01295809061953306
4608,0.010822499233150623
4609,0.022721488807040936
4610,0.005534029030082008
4611,0.014974312975956628
4612,0.022745774868384614
4613,0.8452796309204982
4614,0.05042178727593775
4615,0.00440851382382408
4616,0.05237127392785244
4617,0.4026478414244368
4618,0.1651084946524534
4619,0.1318335598374095
4620,0.10205671157736637
4621,0.003123334612553165
4622,0.7220213665753701
4623,0.03788069316209052
4624,0.025895813117058224
4625,0.15974056666488318
4626,0.3269923038311217
4627,0.002661593359499475
4628,0.0063207378037577686
4629,0.0328118969999768
4630,0.19879225052007132
4631,0.008910517201494468
4632,0.014786899141068033
4633,0.7059759538584032
4634,0.04538924620681316
4635,0.7475333996275864
4636,0.12401482330528521
4637,0.09485370310872576
4638,0.042617889790794936
4639,0.015195096161171196
4640,0.006802059497979149
4641,0.5013957236262995
4642,0.0037579139986808406
4643,0.003004590065554077
4644,0.010948998174169933
4645,0.014235077110681822
4646,0.14378562246756574
4647,0.0021273363706362128
4648,0.001427049003926792
4649,0.0031247477717758344
4650,0.008007793490548818
4651,0.014577005634571899
4652,0.004881979892406671
4653,0.12624689175708
4654,0.07119261813549352
4655,0.007026147106676625
4656,0.06350427197054255
4657,0.17810415634851262
4658,0.0036093763399531673
4659,0.012084592873249492
4660,0.006819210462067315
4661,0.9206424300754035
4662,0.09934766904703994
4663,0.06090399839377442
4664,0.002679719705386283
4665,0.05172390993921925
4666,0.009042250040149859
4667,0.5978564296175485
4668,0.033311360266232964
4669,0.004383955078621875
4670,0.0049278966461895
4671,0.009942117516389617
4672,0.0243986677368896
4673,0.007230326241574639
4674,0.015804773953226936
4675,0.21714654843005107
4676,0.02103260180048088
4677,0.5714134775219948
4678,0.032143515592248574
4679,0.18335753308043853
4680,0.012972654316834602
4681,0.41687048589533077
4682,0.02598275058942652
4683,0.025060242335710043
4684,0.007117132297826362
4685,0.207713852485452
4686,0.009569267131924748
4687,0.7744216027259313
4688,0.5857113308155689
4689,0.004583969015670418
4690,0.5980784242576225
4691,0.014513323487053012
4692,0.8419855106760755
4693,0.32593179939937883
4694,0.007710926401596239
4695,0.0165124857022029
4696,0.8889477574963903
4697,0.01924547243000044
4698,0.007220258796735361
4699,0.02402957185809263
4700,0.1574957472189975
4701,0.08227501483515146
4702,0.41755864206666515
4703,0.052519636112373716
4704,0.10147440884377823
4705,0.025702170344391116
4706,0.08369214006427365
4707,0.07112743851333665
4708,0.025942437713197777
4709,0.8095887149287652
4710,0.006395037081406661
4711,0.010087973304940054
4712,0.005211618731420107
4713,0.006228764557925076
4714,0.024013763528231417
4715,0.953444795106824
4716,0.015281162602396623
4717,0.018862266340159042
4718,0.00513948427780877
4719,0.005183741758424878
4720,0.019519482424670425
4721,0.2654723935325176
4722,0.007753300675036195
4723,0.01402598632586425
4724,0.0016636014534732303
4725,0.0246130201260258
4726,0.6335126101077639
4727,0.004510118218744545
4728,0.10423587070821787
4729,0.0489530990138372
4730,0.051175515633619995
4731,0.8920750340994391
4732,0.016430515044567984
4733,0.005018301322955364
4734,0.001605536385483436
4735,0.005268241426553854
4736,0.7613006901531127
4737,0.0026901731289152024
4738,0.581708262031706
4739,0.03591518275123933
4740,0.04609783829628692
4741,0.0234052951624838
4742,0.004555935964111064
4743,0.684854897687941
4744,0.8718180093491391
4745,0.009817417627196035
4746,0.045743352792170816
4747,0.040493782938800016
4748,0.0023906844679983334
4749,0.027986025474272952
4750,0.4897293906660873
4751,0.08161507984530764
4752,0.008473226357125566
4753,0.018012954125090134
4754,0.05297273240921338
4755,0.01264351409082256
4756,0.754488838282424
4757,0.3021744472361868
4758,0.1004154349096244
4759,0.015179922215768528
4760,0.04286732386581725
4761,0.041464681521621104
4762,0.021684582805161806
4763,0.01575438660906634
4764,0.003278684503861405
4765,0.028732931779475484
4766,0.030829710395209823
4767,0.012317022273506971
4768,0.032178453863312854
4769,0.05539726940444025
4770,0.484125684760475
4771,0.08441081268670579
4772,0.024121925128742134
4773,0.5180121456691741
4774,0.01177571032753726
4775,0.004189109486159562
4776,0.013510311328099973
4777,0.0114295447634061
4778,0.006402046544247824
4779,0.002293094493020004
4780,0.014405290945466647
4781,0.01320899909539203
4782,0.018365544529167693
4783,0.02598756938126703
4784,0.01731053058591826
4785,0.046899196123610515
4786,0.006084837288434424
4787,0.018703996740814768
4788,0.007024620189090015
4789,0.06713534123983331
4790,0.009972970327157911
4791,0.009921969448763973
4792,0.06503246076791475
4793,0.027986025474272952
4794,0.3730508379742019
4795,0.006871794413481745
4796,0.17886101760780249
4797,0.14312550993270756
4798,0.33824237155132436
4799,0.1366934435345746
4800,0.0417950870673466
4801,0.008473666236314637
4802,0.02205791644376735
4803,0.77967236518677
4804,0.09888679742933756
4805,0.00902911005521724
4806,0.023487224537955893
4807,0.8045747364366812
4808,0.22876965221432902
4809,0.030795521955614504
4810,0.013221905082684957
4811,0.0009742037946782002
4812,0.011991952525874988
4813,0.11837793897913923
4814,0.06209651492981967
4815,0.00987485783469026
4816,0.1615627338887255
4817,0.03145314779720979
4818,0.032411962271092096
4819,0.0022118738467007295
4820,0.4225950886085979
4821,0.024834580636296046
4822,0.034172079760597586
4823,0.0045514032791580195
4824,0.006513307654867785
4825,0.016054326136530263
4826,0.3947348061863345
4827,0.040592116169192664
4828,0.01466574903501765
4829,0.002499026866778527
4830,0.2544140067207294
4831,0.006020874455375185
4832,0.33605424875795414
4833,0.040975781343321936
4834,0.002219120384682538
4835,0.005048022860138778
4836,0.12287196247799412
4837,0.06036810015325052
4838,0.019752839753360358
4839,0.057372415025839625
4840,0.6145191668709311
4841,0.009337949387086516
4842,0.01233263262484704
4843,0.0935730161567305
4844,0.025356478559413052
4845,0.004331387466756531
4846,0.07746414729886575
4847,0.0045354412721547105
4848,0.023850728762082805
4849,0.06953547095553979
4850,0.1310850822707853
4851,0.0016092238649070953
4852,0.2125297787963403
4853,0.0021675028822848007
4854,0.06347711304484278
4855,0.024258521321891754
4856,0.0918153778078437
4857,0.8151504226161814
4858,0.0023596976046398755
4859,0.008692248904357177
4860,0.20668029538689667
4861,0.06133690728328848
4862,0.017647197351763417
4863,0.015027721232346749
4864,0.29710954082227314
4865,0.16133434887248965
4866,0.0030527925266596078
4867,0.0020028613015749285
4868,0.12215651202915595
4869,0.03209405189151183
4870,0.10049911048907526
4871,0.0052409649019311225
4872,0.0055638138784033665
4873,0.05885295604676419
4874,0.43797718630593424
4875,0.8183643794230809
4876,0.048076661644240536
4877,0.004151199299184274
4878,0.9216232060481437
4879,0.020875877822813735
4880,0.014879893862055708
4881,0.002234932913064091
4882,0.054117634977561196
4883,0.009366496894884642
4884,0.05955974635080768
4885,0.01053184937441794
4886,0.013590257896801001
4887,0.010264444167765225
4888,0.012642141783932278
4889,0.004539809539080502
4890,0.3861566245427612
4891,0.04838431130531846
4892,0.744937786573595
4893,0.013633320488511074
4894,0.020653518015555494
4895,0.4552952046833868
4896,0.027996763245411182
4897,0.008619128216380856
4898,0.03446408500564648
4899,0.5002399167032697
4900,0.004712694332652493
4901,0.0039290337798371594
4902,0.00518564217898351
4903,0.8648879626987617
4904,0.1983359692986116
4905,0.0752653299419827
4906,0.005062781318651546
4907,0.007517656256425953
4908,0.005650058372143687
4909,0.007172876091024428
4910,0.06284018323687834
4911,0.00206879203926418
4912,0.005246406145995731
4913,0.14098123513953736
4914,0.18491281728843006
4915,0.4781002343384518
4916,0.24630338646654248
4917,0.007960165337382584
4918,0.05755244319257372
4919,0.017442707037710285
4920,0.010456489141643436
4921,0.010235936281225502
4922,0.01768660467918459
4923,0.0587292230927632
4924,0.013354777091147615
4925,0.33417252659613106
4926,0.007736584491942354
4927,0.01907388344372808
4928,0.004404119912547392
4929,0.006340158767710568
4930,0.0037320141727432616
4931,0.004204307701192828
4932,0.00602560185191999
4933,0.006589234410010252
4934,0.02845369558327702
4935,0.0070757285426341476
4936,0.06094986547128065
4937,0.028068086505517766
4938,0.5527912086276794
4939,0.0017509992760847337
4940,0.016758710255138892
4941,0.027056696107116234
4942,0.010392316081016451
4943,0.5408193152485219
4944,0.3306844417719032
4945,0.09921361144790217
4946,0.016405606494843964
4947,0.10744478276665603
4948,0.05404933455132625
4949,0.0059433465709135234
4950,0.00348569927225388
4951,0.010352196040076355
4952,0.007650819701665354
4953,0.0019805375545083586
4954,0.02530396553945191
4955,0.028421879394243073
4956,0.8196303682614732
4957,0.00539491459255705
4958,0.09624044067299867
4959,0.12790744869339415
4960,0.011245143701494716
4961,0.0063017987359075735
4962,0.24672565635505422
4963,0.029444646249400828
4964,0.28563680955586057
4965,0.0024463275960614973
4966,0.02442753030886692
4967,0.006951011570555537
4968,0.017108059477295937
4969,0.26417277064431655
4970,0.011788305966674394
4971,0.031230945114287815
4972,0.05835800669862611
4973,0.004755934393042723
4974,0.002261777383205762
4975,0.3609212631238914
4976,0.004327268833323439
4977,0.005365881403677637
4978,0.08401630703546434
4979,0.16428632222798314
4980,0.7648636283119224
4981,0.08976990306933404
4982,0.006116223990663191
4983,0.0022654312295633783
4984,0.01586971488837701
4985,0.12465875200231617
4986,0.07807073804833989
4987,0.19752058286798968
4988,0.19885646378122657
4989,0.003998925433228772
4990,0.028497837977461464
4991,0.031048774715171687
4992,0.015893579012498688
4993,0.01634275430550895
4994,0.02661639689625723
4995,0.009085233055927046
4996,0.03347517207249312
4997,0.001689654716010813
4998,0.26651505169531664
4999,0.05095124254533257
5000,0.05345343771844879
5001,0.006938406742296952
5002,0.011866425655221701
5003,0.017102737080037015
5004,0.008523242547760584
5005,0.09635580301305852
5006,0.006889495669964595
5007,0.37952239489343015
5008,0.6598965555505164
5009,0.9128158393607797
5010,0.021394994871415485
5011,0.01833402305765499
5012,0.006688327355747429
5013,0.2705512287707441
5014,0.011607439547981718
5015,0.09251291844536426
5016,0.005351620128663668
5017,0.002551590408095635
5018,0.024318724946676643
5019,0.10467394300609953
5020,0.021888508933512844
5021,0.04279222945941132
5022,0.03465033400695633
5023,0.36727170647605695
5024,0.00236189333209682
5025,0.0035364222306393947
5026,0.006817191049779504
5027,0.005294186799257905
5028,0.00819972339364886
5029,0.016995695160806526
5030,0.07043348821286786
5031,0.007095980451601406
5032,0.020083846333127438
5033,0.002076725160739049
5034,0.0012946416379184126
5035,0.016344355090404685
5036,0.007250897093454492
5037,0.1510441685062765
5038,0.006800500329614966
5039,0.001429588575111407
5040,0.292534864095629
5041,0.5472828608912335
5042,0.005889665053560464
5043,0.017577766335488215
5044,0.014833988091016829
5045,0.01442235945609659
5046,0.016211141667878164
5047,0.015555296357959455
5048,0.8466322313813903
5049,0.0034276631320817766
5050,0.010058303559282538
5051,0.0045158855598256414
5052,0.01431650711918002
5053,0.0960056735893235
5054,0.002003226660567619
5055,0.02132049540404142
5056,0.05616324861421818
5057,0.016287854061646203
5058,0.0018239527617156571
5059,0.005770697295588213
5060,0.002731465546069798
5061,0.006913981378749905
5062,0.004412467197305491
5063,0.0024571321720438335
5064,0.01089092127427435
5065,0.04109229011952024
5066,0.14288453077804428
5067,0.0241763831628222
5068,0.0035040619587996943
5069,0.06076522039611714
5070,0.021122581215479996
5071,0.43263420708635003
5072,0.04470322255433019
5073,0.3795129219016002
5074,0.3162774906272508
5075,0.002569802837419396
5076,0.020557240174228792
5077,0.0035453847754546917
5078,0.012511235594481928
5079,0.0034861333924527797
5080,0.0028637092956872137
5081,0.7578312895110418
5082,0.007570991488570214
5083,0.030162032539649473
5084,0.041831246826856704
5085,0.015604239320821469
5086,0.34121947251046175
5087,0.55611966734231
5088,0.003472451090341839
5089,0.05403615581282197
5090,0.07850365309899328
5091,0.05755728090628388
5092,0.298480839564206
5093,0.2690124882904219
5094,0.013954898108842217
5095,0.012493708534272474
5096,0.02127800991189485
5097,0.17317782150465938
5098,0.016336499608576877
5099,0.007864646461834835
5100,0.2133104230295898
5101,0.02632079953325164
5102,0.010042387367014672
5103,0.25864206277371177
5104,0.09821190157647917
5105,0.5197307943344102
5106,0.002135830742868269
5107,0.03808844569244971
5108,0.2114533342020806
5109,0.91039708597541
5110,0.0033004763377080834
5111,0.519618661737672
5112,0.028319080117226687
5113,0.0037608218370384005
5114,0.0028185622805130548
5115,0.1490764844655911
5116,0.04218348246161645
5117,0.010815612135768206
5118,0.007868797245847962
5119,0.044286555815491145
5120,0.005458736378716816
5121,0.01851380748955939
5122,0.059468098586553955
5123,0.5590829803978801
5124,0.06301678023865312
5125,0.38260012711172425
5126,0.21625408304129567
5127,0.007833070038005888
5128,0.007098046556881759
5129,0.3335690054476386
5130,0.009778453243287253
5131,0.025191419103541998
5132,0.017661084747069452
5133,0.2203228926036047
5134,0.018725519316448464
5135,0.016324954010431613
5136,0.01662557184421885
5137,0.0028041520163013117
5138,0.008233575428829756
5139,0.030003969489178484
5140,0.05251312842514249
5141,0.007279375153545094
5142,0.011681530769170516
5143,0.008330689768832706
5144,0.011103843117205097
5145,0.014809096755418362
5146,0.010372386308382107
5147,0.008408008939486202
5148,0.008602776929671669
5149,0.007465880678967634
5150,0.25554647616948306
5151,0.360440968745469
5152,0.01596752804997364
5153,0.5969428376013469
5154,0.07376426108795617
5155,0.018125067072773008
5156,0.022660563186350277
5157,0.0033071705788334806
5158,0.04130049101075022
5159,0.005628290636218264
5160,0.023268379457523834
5161,0.036044860810007226
5162,0.04398932649635802
5163,0.006932908466945474
5164,0.03568429189527551
5165,0.32648003794049524
5166,0.057423982976595504
5167,0.008837401242758305
5168,0.06445147446390528
5169,0.017378832116013532
5170,0.03821577193442527
5171,0.010099296831574622
5172,0.307798582168045
5173,0.8548160720899263
5174,0.025194062710371466
5175,0.016184731483878077
5176,0.004065668468468647
5177,0.9194578138329127
5178,0.24619481038992555
5179,0.0015543466501929401
5180,0.03176849422438328
5181,0.03152881309402405
5182,0.8484690692605941
5183,0.0047453636706468435
5184,0.011046297006827075
5185,0.3642571740715345
5186,0.008460591016222867
5187,0.10729805952410199
5188,0.03245769779395753
5189,0.9197367239785296
5190,0.10760855601509296
5191,0.005804343527269424
5192,0.012667952934846823
5193,0.005164636621912478
5194,0.3432398240225566
5195,0.0593726567182084
5196,0.11151052625788116
5197,0.007500002348911382
5198,0.02080326367750487
5199,0.0070605463749520425
5200,0.005662357520162121
5201,0.007260331622998217
5202,0.0014269946395377895
5203,0.013197862315762213
5204,0.0796174201448776
5205,0.03385972299792915
5206,0.0108742265645874
5207,0.13638205839814824
5208,0.12193758609353088
5209,0.004538775116869391
5210,0.029748496089224172
5211,0.015636015250824205
5212,0.025453834736283244
5213,0.013173231278398508
5214,0.004446250284763089
5215,0.007117985216121778
5216,0.048914777865169526
5217,0.007027671323922898
5218,0.01308261596705182
5219,0.0009800238796958973
5220,0.0029268526196498425
5221,0.0038693504721717922
5222,0.19661903756193774
5223,0.008202111938982466
5224,0.01426827991123968
5225,0.010744046908751775
5226,0.01969115097161961
5227,0.6092854929866344
5228,0.1425647815163666
5229,0.013280775606075278
5230,0.10351375595847859
5231,0.008331400665183425
5232,0.0262472395704214
5233,0.43100710381748614
5234,0.008587439862122615
5235,0.007653624232132318
5236,0.27828221532056524
5237,0.6934006350294888
5238,0.008989738309831954
5239,0.007464113602215866
5240,0.014054122236112531
5241,0.009436145839709148
5242,0.0012659777954567835
5243,0.884644518389351
5244,0.04492008608534721
5245,0.00927961452752268
5246,0.9394395505919451
5247,0.10899716023257038
5248,0.02882467718141613
5249,0.005753998976541359
5250,0.0051934260709577944
5251,0.002073335385411597
5252,0.0018902164014546492
5253,0.0413112667613352
5254,0.4091296651940832
5255,0.9767916933236023
5256,0.44147824564723986
5257,0.0024710622737204877
5258,0.023467436362462003
5259,0.006972432827941327
5260,0.30278192987534286
5261,0.051290117034903576
5262,0.008365508338540386
5263,0.5247306877745339
5264,0.011737523175837358
5265,0.002974515960518319
5266,0.195377661672699
5267,0.17127208168176436
5268,0.056549051185764386
5269,0.018172804459065516
5270,0.2014469567132296
5271,0.16321921328139014
5272,0.0240734541858798
5273,0.30714954993175786
5274,0.016284134032204682
5275,0.01172841163932054
5276,0.003105574517748963
5277,0.397113523017628
5278,0.008223085017420147
5279,0.00996468316970687
5280,0.014239383719965758
5281,0.02774609094562187
5282,0.4857784523968326
5283,0.0036320834209606625
5284,0.1591108803522813
5285,0.01863499137645336
5286,0.11774153763918918
5287,0.001671118825513821
5288,0.028035144501558213
5289,0.0023838366451867043
5290,0.15577905302338615
5291,0.002482447147299083
5292,0.6683663628066848
5293,0.04224226952203905
5294,0.246436685965795
5295,0.008449929818508346
5296,0.0029222564973446254
5297,0.682275700578664
5298,0.031812574366288315
5299,0.024632618266274556
5300,0.025757216418890488
5301,0.0067384454680338565
5302,0.0028459748632772546
5303,0.032050492354830075
5304,0.00537152059557423
5305,0.005941523408416323
5306,0.10926790960216014
5307,0.004785356916223271
5308,0.04181919320335566
5309,0.19658234290607668
5310,0.03418495292483714
5311,0.170921460689019
5312,0.4222507981418131
5313,0.046659600408319964
5314,0.46415742844254926
5315,0.006788007939076575
5316,0.3131606664323645
5317,0.027692380487836708
5318,0.0026031681747541164
5319,0.0012963282951348343
5320,0.010205510523424376
5321,0.4504296453890704
5322,0.007375635220778186
5323,0.28212540915579254
5324,0.053230434243186645
5325,0.01973975417882259
5326,0.011939285214748154
5327,0.011254075104345458
5328,0.005592381293382472
5329,0.02390903883416716
5330,0.4737725253447336
5331,0.008859032325425618
5332,0.0038471484878719155
5333,0.21495578080541083
5334,0.46498169288003405
5335,0.012083518201847873
5336,0.02568695865999233
5337,0.008252231545548803
5338,0.008970563510683297
5339,0.007856142048577961
5340,0.002016111646243928
5341,0.054518421531292695
5342,0.06989871558528439
5343,0.04511660224059838
5344,0.15328643667849465
5345,0.0039557228884083175
5346,0.003957132440685875
5347,0.012931455324042145
5348,0.20793694116172065
5349,0.041455632832967916
5350,0.03184875791582717
5351,0.024683522016525024
5352,0.06875640720067897
5353,0.004838364991180367
5354,0.002872490376594468
5355,0.007932265088043336
5356,0.06611065611699944
5357,0.049763456286448876
5358,0.021444175435017494
5359,0.009299572155961725
5360,0.012229717752800994
5361,0.003235867325785113
5362,0.003798439449444561
5363,0.09275889172482064
5364,0.007918668487895946
5365,0.5071627782393827
5366,0.44854648619781334
5367,0.9516783639184239
5368,0.16950368224525042
5369,0.49960382477325743
5370,0.011681930643363467
5371,0.01617495587426737
5372,0.08870718566542968
5373,0.00808117490059892
5374,0.011666387432243953
5375,0.023090810176831716
5376,0.4123211950431271
5377,0.00949031366583124
5378,0.007075484692434389
5379,0.9468279365188244
5380,0.0024518706158882467
5381,0.007464935257433994
5382,0.002785542343352898
5383,0.011488689280471967
5384,0.0023381186174714955
5385,0.029798431878586995
5386,0.006297342343136317
5387,0.0156329624918228
5388,0.0722892181176871
5389,0.774055832600516
5390,0.0028826776616391572
5391,0.013366947187913727
5392,0.3863805319141048
5393,0.12686748699516215
5394,0.0019284135924950013
5395,0.010407308591450972
5396,0.01713811003898046
5397,0.04066040356759407
5398,0.44793589660410515
5399,0.007188569565300661
5400,0.017752376105459544
5401,0.0027072367213685417
5402,0.048832889413726537
5403,0.009650700163627327
5404,0.00818892412197258
5405,0.0113765797924655
5406,0.0035455509402410306
5407,0.010536309174251256
5408,0.01638938152086631
5409,0.7494784765754183
5410,0.0026988513058582597
5411,0.10846353355637868
5412,0.07261315232580882
5413,0.010571587809465138
5414,0.07976815970833247
5415,0.8505034105829088
5416,0.008350059343761939
5417,0.03910123806048428
5418,0.010465618431312548
5419,0.43213156591430985
5420,0.02228353171784581
5421,0.2378364395848892
5422,0.3565099638535554
5423,0.013680796721776656
5424,0.00877209225199045
5425,0.021271333517981304
5426,0.006730155771033942
5427,0.023816908793129137
5428,0.05611610817473819
5429,0.015250950672071497
5430,0.7491271044550856
5431,0.5319855818356657
5432,0.004412474868150418
5433,0.8975080421231575
5434,0.6572571736416827
5435,0.020481258853935307
5436,0.12199120180924297
5437,0.009872098524669878
5438,0.09925487570215619
5439,0.05235861362390705
5440,0.004074804027201672
5441,0.008841956141734832
5442,0.4602207349453193
5443,0.012632647247038829
5444,0.005268089593550064
5445,0.005506641446460974
5446,0.022037399723625273
5447,0.004758690208802611
5448,0.5098347646269449
5449,0.20289207195140835
5450,0.017035656561413943
5451,0.007746384236722311
5452,0.3488627733197684
5453,0.0048149335274067255
5454,0.0076063418719646385
5455,0.08414679915787526
5456,0.02222859889284207
5457,0.0036911441619329735
5458,0.019248026911834963
5459,0.7633757341303197
5460,0.01714038038685406
5461,0.00953908444210317
5462,0.018039375639192973
5463,0.009632453542530464
5464,0.02005098434732306
5465,0.46280335288389524
5466,0.01738469480588417
5467,0.13225293552823084
5468,0.014974211398754114
5469,0.10161397979518347
5470,0.010598000939723932
5471,0.5512535669988009
5472,0.5095328804770108
5473,0.09010020368067047
5474,0.4175867342379774
5475,0.004564060367545411
5476,0.0075238682637817625
5477,0.0028887545429930536
5478,0.04949033965000979
5479,0.0053818867309461385
5480,0.07330310512687027
5481,0.5827757340684073
5482,0.00985449958289971
5483,0.46568702133452605
5484,0.007530862163156076
5485,0.3738424734640697
5486,0.009543647314088926
5487,0.013444023906694367
5488,0.03026089161577194
5489,0.0067435533256113445
5490,0.26859560941158134
5491,0.032097783661162615
5492,0.020162540296219108
5493,0.07978688955728097
5494,0.01199243915473243
5495,0.01407766840864429
5496,0.00586611181545666
5497,0.019889721157361578
5498,0.0077683691288868185
5499,0.030390046993005407
5500,0.055555494196694435
5501,0.03701969126158913
5502,0.11141371802083017
5503,0.0940658848311438
5504,0.07415870828884694
5505,0.03417897093793791
5506,0.022011392879954194
5507,0.6292875711941129
5508,0.003789268930343949
5509,0.008686476947079523
5510,0.018161748122607065
5511,0.5245636568764638
5512,0.005316848559119145
5513,0.03257754177882072
5514,0.22772342804865114
5515,0.036419447094840095
5516,0.003369017964496774
5517,0.004317104998996491
5518,0.002187000613738202
5519,0.00445197091485182
5520,0.004363953862492544
5521,0.0018649681614245721
5522,0.5864887793248134
5523,0.08000512738758447
5524,0.008686256600928073
5525,0.0029000585674214866
5526,0.0023337668244374408
5527,0.60292882985536
5528,0.007189943041676246
5529,0.016076863123945514
5530,0.006038428335263074
5531,0.007828698304221351
5532,0.03166097649821553
5533,0.005154765736391429
5534,0.2163755963327284
5535,0.004704683591130823
5536,0.0578090931502617
5537,0.08661251518021777
5538,0.0031443640945003418
5539,0.003495956354991168
5540,0.0067807286304096435
5541,0.0022365977055074956
5542,0.0015672732053125435
5543,0.02655848235927952
5544,0.0061845299118600365
5545,0.01469392550812657
5546,0.6747991806030552
5547,0.9471615179918603
5548,0.017089675516694196
5549,0.007490082632739074
5550,0.530409522437879
5551,0.6485177332595045
5552,0.005772043025402718
5553,0.005215356046180487
5554,0.002308287693700537
5555,0.022779063324454358
5556,0.009117218792262984
5557,0.2830061279998226
5558,0.007071683627954975
5559,0.011710279399067526
5560,0.028556819140752147
5561,0.014418015776551217
5562,0.17289586883129532
5563,0.40741247793435653
5564,0.02454158029576438
5565,0.029993971672647248
5566,0.024964100510756048
5567,0.46042686764195256
5568,0.25509156471343036
5569,0.3374665499801637
5570,0.019233998650449932
5571,0.004197638063213025
5572,0.009278046348601583
5573,0.904522903706691
5574,0.19430847478253546
5575,0.13716659018828484
5576,0.019180339735435634
5577,0.01147919336774484
5578,0.46110130909285235
5579,0.05881486272842226
5580,0.005535300564039737
5581,0.004168202193561766
5582,0.03222062265591697
5583,0.007541006501925179
5584,0.5973952951147933
5585,0.0025510597251911836
5586,0.02202085223660467
5587,0.010065553550906652
5588,0.005068949223667576
5589,0.01898632828350268
5590,0.39154543684006
5591,0.01933390198393917
5592,0.004146769064078313
5593,0.11262895591663596
5594,0.003826891742778428
5595,0.3384024938964849
5596,0.6290987862678469
5597,0.0038486840675945803
5598,0.014134551201615211
5599,0.15953425217522696
5600,0.7915147184593706
5601,0.006702847701634375
5602,0.061222812612837005
5603,0.08938678934820718
5604,0.35176162908742453
5605,0.016760727182305233
5606,0.021422856120149044
5607,0.022454068930779066
5608,0.35247469504558987
5609,0.00711289717766809
5610,0.1249347780568505
5611,0.04364418998080698
5612,0.600913150471555
5613,0.004143000949081046
5614,0.009741875431226907
5615,0.040831118262931836
5616,0.01557106658189671
5617,0.11929670369118893
5618,0.11609596127641501
5619,0.38781959650252085
5620,0.01744233153533047
5621,0.009859921287510075
5622,0.0090913416458107
5623,0.157008351825727
5624,0.2733754634917181
5625,0.10441436628799462
5626,0.6552892224261971
5627,0.025416422026913545
5628,0.26974784116486716
5629,0.002987501527117868
5630,0.006100241079214409
5631,0.02345169620498902
5632,0.01964500550906803
5633,0.012910435171593385
5634,0.015249297189635904
5635,0.0030699623823258865
5636,0.18668074300593182
5637,0.0019342281205936337
5638,0.001147169202233243
5639,0.6267986279560288
5640,0.20564185785661762
5641,0.011046469635477838
5642,0.08469858144005174
5643,0.2303141036224266
5644,0.015560172730283444
5645,0.023746900250970898
5646,0.13200630710017922
5647,0.014501429663745109
5648,0.003452158133158717
5649,0.021664417683985034
5650,0.01617047068715851
5651,0.37815715349023377
5652,0.025848927833307472
5653,0.40592203954460077
5654,0.052140376735555195
5655,0.005445624916513983
5656,0.24520218266105945
5657,0.006967603866678162
5658,0.009391284155995319
5659,0.6073043907972637
5660,0.021512884698008595
5661,0.07467254402740506
5662,0.023538943729161335
5663,0.006959070299740519
5664,0.03541340813517924
5665,0.005449927777895777
5666,0.00363275132789143
5667,0.8967569551437982
5668,0.4299050667326442
5669,0.10464119406107167
5670,0.041760115311684255
5671,0.04451219746826172
5672,0.05500606387546064
5673,0.036113368788890085
5674,0.0019893160656472586
5675,0.005853653491890875
5676,0.0025923578739466473
5677,0.02801900132023665
5678,0.04654095637914899
5679,0.19798643930508936
5680,0.4248404462470408
5681,0.0036845799671538005
5682,0.06065573101641364
5683,0.15173409970678467
5684,0.030740096902703656
5685,0.024747130609029517
5686,0.3764900889467957
5687,0.013076626688304178
5688,0.012906052861030496
5689,0.13532625137112292
5690,0.04046006817667774
5691,0.013452884461938552
5692,0.003364388041763111
5693,0.07200439149240194
5694,0.059654964238496554
5695,0.7094244957537675
5696,0.0016978160922139802
5697,0.42001418363677473
5698,0.028244105594722083
5699,0.00937838614741413
5700,0.007939599940138268
5701,0.5531286655408285
5702,0.010274386178922821
5703,0.008906197920383068
5704,0.018003434491890576
5705,0.004537437636444473
5706,0.03393958462423831
5707,0.001748918154215583
5708,0.17620782602251203
5709,0.0028876579689521404
5710,0.1608089646904063
5711,0.11761222610886639
5712,0.05502738764122255
5713,0.09393952833237698
5714,0.06167886023166421
5715,0.07049141827018623
5716,0.6639157018201707
5717,0.04832681162758847
5718,0.04082670962023898
5719,0.308650058431801
5720,0.03301015127784856
5721,0.006543479581430698
5722,0.016979974724157503
5723,0.0025418952107437265
5724,0.010312731367148133
5725,0.004801567850142233
5726,0.038715567079070645
5727,0.01105156577313172
5728,0.04981873320756867
5729,0.08969274174268295
5730,0.02389576266115141
5731,0.03169552220008834
5732,0.19970063545407474
5733,0.12066928433883323
5734,0.05655010652118506
5735,0.021540541201685335
5736,0.1329340012438138
5737,0.06489537493470073
5738,0.013207516258118116
5739,0.012319851184029819
5740,0.009303030202248352
5741,0.009617405111945601
5742,0.1503931065724105
5743,0.0021595496650207166
5744,0.007238173113700948
5745,0.007475460366517705
5746,0.003316625640748823
5747,0.015757662741706303
5748,0.1383444801255037
5749,0.48911132148146125
5750,0.09511093716628745
5751,0.001675512732101662
5752,0.009581662049300962
5753,0.0500409555347326
5754,0.004285078731470257
5755,0.006226762969953251
5756,0.04385958003344503
5757,0.0016487417653105866
5758,0.08265191392551816
5759,0.007753095110637813
5760,0.049108557377319874
5761,0.0073399232269053625
5762,0.049565290425441645
5763,0.0025927588064405464
5764,0.01172580432140712
5765,0.0044322886225093335
5766,0.01648287737314261
5767,0.0319949671422396
5768,0.009031819530084638
5769,0.013074418950221036
5770,0.019200766060697594
5771,0.0045530721535978124
5772,0.0024525037157980475
5773,0.0027119696073084907
5774,0.5070191986849021
5775,0.023941950271296863
5776,0.2542883334659979
5777,0.016988381320781037
5778,0.042512226059379064
5779,0.07514985748219882
5780,0.00846009639308977
5781,0.029196305639585484
5782,0.012127152576397926
5783,0.006148515754544722
5784,0.017864564218509554
5785,0.0047237106337390655
5786,0.22805909131781743
5787,0.1047351633817995
5788,0.00930510679535173
5789,0.005496369397437233
5790,0.04698342690507517
5791,0.023522832897580646
5792,0.04902381966950034
5793,0.0053735945748549716
5794,0.6028728667378646
5795,0.0751044155230196
5796,0.024174548855608234
5797,0.08082518467969381
5798,0.005084742580795453
5799,0.0013073280474568715
5800,0.004003120948998622
5801,0.01905265521920771
5802,0.02006848266457711
5803,0.004205344339417922
5804,0.003431308118122995
5805,0.019179135753528146
5806,0.028663244484182022
5807,0.03571355407395931
5808,0.7315773004945175
5809,0.07467670220846621
5810,0.005087146081400923
5811,0.686252175418289
5812,0.5807679796129978
5813,0.5423967338461589
5814,0.6352932032561355
5815,0.049118732325298106
5816,0.7414353247336068
5817,0.0028755254231910498
5818,0.00946608095107161
5819,0.2049993248013055
5820,0.008104898382779795
5821,0.004199553538236219
5822,0.05159176584320462
5823,0.1309936416869524
5824,0.01041423553915844
5825,0.33453851359565806
5826,0.038154944115964894
5827,0.5922723952883486
5828,0.008041638999755903
5829,0.6942105281373672
5830,0.006330606272803307
5831,0.002798235689510279
5832,0.47943526537428555
5833,0.009733537737169118
5834,0.08395410762694024
5835,0.12099894235738871
5836,0.04379836207807997
5837,0.31648109088437154
5838,0.10254699111009298
5839,0.0076164206683795544
5840,0.023319815448280424
5841,0.8705720291162934
5842,0.29593606780459525
5843,0.0761587888962308
5844,0.5541208125888394
5845,0.02389661650988526
5846,0.02344839683798378
5847,0.0056176939663051826
5848,0.022893159352210115
5849,0.06812643304206974
5850,0.8030640637789411
5851,0.05900626192288934
5852,0.5109799026303088
5853,0.12382019167879985
5854,0.47018490529352036
5855,0.2495035528304644
5856,0.008736993307952268
5857,0.058216502586859425
5858,0.35321723995774784
5859,0.09546071468368537
5860,0.009368541655220976
5861,0.8032657071714547
5862,0.09564775331015991
5863,0.016284399720797902
5864,0.03787259366014129
5865,0.9409744783541087
5866,0.005567455457685672
5867,0.018352234491220226
5868,0.1454680125916929
5869,0.036474516956656405
5870,0.13174142590991061
5871,0.018801679828562602
5872,0.5630080717947782
5873,0.03741557607463897
5874,0.9168142670160169
5875,0.00209003910804631
5876,0.012679195604736937
5877,0.004955605021927064
5878,0.2809965888499707
5879,0.015177510585461651
5880,0.6397139929602486
5881,0.005597192153206779
5882,0.0023711874516328694
5883,0.01763889662435413
5884,0.06505495027587073
5885,0.05882681729811469
5886,0.07556387701038143
5887,0.008558040024339882
5888,0.01774432679165409
5889,0.009982174642562175
5890,0.042013987531640866
5891,0.03168988277185302
5892,0.0027016381010275168
5893,0.3760367424292654
5894,0.016064054683148296
5895,0.045362596256424415
5896,0.027335319687610396
5897,0.004295867615097201
5898,0.9074268681798875
5899,0.03318971460541919
5900,0.008529364087717196
5901,0.009817834571466942
5902,0.010565359521119703
5903,0.016213510113902138
5904,0.008071094681696703
5905,0.003401551842885195
5906,0.14270090876772906
5907,0.07680768990405061
5908,0.23490128721178788
5909,0.17701121390304883
5910,0.009563411338435957
5911,0.0096807800364632
5912,0.36244936708567255
5913,0.10587283231172168
5914,0.016693539805870797
5915,0.019367797737317023
5916,0.0044590517896686025
5917,0.003853778630178719
5918,0.08098872905464015
5919,0.46665403943663625
5920,0.46940981120030506
5921,0.006746030822709955
5922,0.49254726025542794
5923,0.4511521320801332
5924,0.2845311433633769
5925,0.17383730150703194
5926,0.003102647764341873
5927,0.012805506596643278
5928,0.0043959386290269645
5929,0.2890792750752447
5930,0.011113265810130142
5931,0.01532576379345577
5932,0.03106528526749933
5933,0.006419585177343789
5934,0.02978520235801365
5935,0.007400601200613857
5936,0.02102926129974004
5937,0.004233186006175937
5938,0.02821320886076891
5939,0.12641628349411776
5940,0.5996074309394444
5941,0.031055473792506148
5942,0.006034800025293485
5943,0.03803911896317546
5944,0.00949572907987794
5945,0.00681155329452876
5946,0.6038366367620537
5947,0.004179185710926099
5948,0.01165064873090637
5949,0.006038287671584457
5950,0.35171689931393846
5951,0.35597076339677813
5952,0.03521921161298601
5953,0.05272562319679163
5954,0.009869837585397716
5955,0.010441278144756662
5956,0.3046861427832839
5957,0.005676605733001448
5958,0.48353084192789697
5959,0.11028949002763268
5960,0.02082134483655303
5961,0.4947842577289999
5962,0.11510103851257436
5963,0.005688365304110112
5964,0.018229540138876385
5965,0.04458705161928208
5966,0.3237989245253779
5967,0.03516500896684197
5968,0.010461069169010212
5969,0.016486032766514874
5970,0.007723732937964749
5971,0.032544602576154345
5972,0.054693965729209655
5973,0.007070702581267687
5974,0.3224836564497616
5975,0.001895431328357711
5976,0.005568431004519689
5977,0.905616060775413
5978,0.21625829080739378
5979,0.016543942759971834
5980,0.42820602351025483
5981,0.5004721235437087
5982,0.18482494840740454
5983,0.00713119319089239
5984,0.002168000011452836
5985,0.053044757992394644
5986,0.1464888498798943
5987,0.023315957192543833
5988,0.8478923211049485
5989,0.10162529145617662
5990,0.4405228648481341
5991,0.009708317127706001
5992,0.0019538970233828525
5993,0.03495482231915562
5994,0.3997004306592012
5995,0.005874679325586234
5996,0.015193964005753112
5997,0.04185435853708212
5998,0.1288721958390083
5999,0.042313932032381
6000,0.38737322427740106
6001,0.013189924748426514
6002,0.37300454236245134
6003,0.1347096734721142
6004,0.006473672553068914
6005,0.04341373027033941
6006,0.007915170366048805
6007,0.0066092990830651155
6008,0.010862983967296739
6009,0.3233200791434456
6010,0.5793469908727281
6011,0.41615967908822266
6012,0.009364751906362394
6013,0.16941361791412238
6014,0.009714408260297923
6015,0.004404686864867042
6016,0.023495893533002174
6017,0.13063684976580367
6018,0.011018455285039646
6019,0.11128363030025443
6020,0.04028457171314653
6021,0.0281056268584379
6022,0.7941889402969236
6023,0.028340252430031385
6024,0.0017281050319865405
6025,0.04707519218757935
6026,0.044570397456798784
6027,0.019745850056047676
6028,0.13501732259743685
6029,0.015584516893900186
6030,0.6546725018555017
6031,0.036611329300985734
6032,0.018816645393607417
6033,0.0031842021918863316
6034,0.017971235314771152
6035,0.5550303943160526
6036,0.3119998480007763
6037,0.09581348155350224
6038,0.017600276357342955
6039,0.002240168588136936
6040,0.013128302043263682
6041,0.16525405539845844
6042,0.004436783972219066
6043,0.1484663388671273
6044,0.05498018660375932
6045,0.014661928458610444
6046,0.004681228402484325
6047,0.006999294555839049
6048,0.6078319057156842
6049,0.14724404145801676
6050,0.005655367387406562
6051,0.002082895569216211
6052,0.0040302461968867755
6053,0.005892357899683222
6054,0.006537004749942812
6055,0.013129880791186785
6056,0.00306573039888834
6057,0.3457781598782241
6058,0.0058491764802431866
6059,0.04089721542590327
6060,0.7194924423693092
6061,0.00870643723861392
6062,0.01174420674180815
6063,0.13021626368730083
6064,0.025434667396621036
6065,0.0025625189388207726
6066,0.015077657955328517
6067,0.0020686569179624967
6068,0.03584009036828494
6069,0.0130633047592653
6070,0.007736019465420166
6071,0.01040360387535783
6072,0.13321697730634754
6073,0.19663748043561502
6074,0.0808957723095916
6075,0.0821618983220065
6076,0.08629876144333354
6077,0.007913557660142906
6078,0.0093077189685757
6079,0.011471985949720044
6080,0.7536446461263067
6081,0.01075502617455559
6082,0.35296001129845195
6083,0.0044191954135031275
6084,0.019170828705161735
6085,0.331912676107537
6086,0.0030150898037803243
6087,0.009008336471976018
6088,0.005305588909581022
6089,0.38043773942607306
6090,0.2828411596699152
6091,0.2564153391457882
6092,0.07634879403473262
6093,0.009967381604926514
6094,0.0048988155937075275
6095,0.007806682346507376
6096,0.001539598944256991
6097,0.07498196650651141
6098,0.07568410908491881
6099,0.4099340365965975
6100,0.0078082390249372795
6101,0.025182516955454957
6102,0.0024313310290831253
6103,0.0015463023292710935
6104,0.20755951252450333
6105,0.005706956676371229
6106,0.034656969271941084
6107,0.027702784896461108
6108,0.016464291930915302
6109,0.4011005062284561
6110,0.3961429491436227
6111,0.03176430323110652
6112,0.014219153418006735
6113,0.039370188827294435
6114,0.045027307393666345
6115,0.3179826769949149
6116,0.0062893407981669865
6117,0.009716907151264552
6118,0.0031648484570628334
6119,0.037129239787088
6120,0.5515244653239598
6121,0.0032056275794214014
6122,0.6266771164242487
6123,0.010721993324293298
6124,0.033586027088968705
6125,0.10653060072536849
6126,0.00485473910436338
6127,0.02651373128663664
6128,0.12243240617087144
6129,0.042015512426425504
6130,0.006377588623933662
6131,0.02806548057336331
6132,0.04289380085336424
6133,0.0038351417549399316
6134,0.003003295080787818
6135,0.030492770345094115
6136,0.005534071870358621
6137,0.03520076261584544
6138,0.15466784606364103
6139,0.03211690338255037
6140,0.006109295721803777
6141,0.02281749176021269
6142,0.023166008644334716
6143,0.012573806238109407
6144,0.0023998434474600963
6145,0.1595973759863714
6146,0.008409124463952573
6147,0.008359569059896587
6148,0.0012283157144417742
6149,0.21407039817456694
6150,0.47827178735197845
6151,0.006354269715908286
6152,0.010273335686576878
6153,0.20199755608615286
6154,0.011072697668579195
6155,0.014902954137536947
6156,0.004024955071523425
6157,0.45608334126002037
6158,0.0583847582949973
6159,0.05320216173322787
6160,0.004761144607237136
6161,0.01814060511975402
6162,0.04803009585430367
6163,0.023777205906094664
6164,0.0013969679150312216
6165,0.01120539802160412
6166,0.019943948313600725
6167,0.031419486085351014
6168,0.0051697371439434325
6169,0.019687987544624894
6170,0.03265293910546854
6171,0.006970740730177526
6172,0.5000488949548632
6173,0.005148184588444195
6174,0.003785456275614276
6175,0.004811862874116393
6176,0.0029702039121866867
6177,0.00187352516604711
6178,0.011662491679885643
6179,0.15588759603874164
6180,0.2640446140381795
6181,0.2787254632806012
6182,0.011336684490866628
6183,0.4533081960383312
6184,0.002477640628896722
6185,0.07370266865814483
6186,0.1283443594284446
6187,0.03420548822858241
6188,0.6207259432724864
6189,0.07339913537793491
6190,0.009246707358019161
6191,0.044367684761246806
6192,0.09176133840340904
6193,0.1701459772788892
6194,0.013364736689480922
6195,0.01650898725189229
6196,0.011716761825882745
6197,0.007751101375224305
6198,0.006714352994849839
6199,0.7219087663531164
6200,0.008650624128975895
6201,0.00839171497566033
6202,0.168090661324218
6203,0.02379853786747063
6204,0.29770528624620707
6205,0.20245593471974221
6206,0.004885592803487257
6207,0.3042471680359079
6208,0.022183684280100216
6209,0.005119616531618722
6210,0.25137023612723286
6211,0.10720313579808113
6212,0.0036475002780520078
6213,0.0018918652547718657
6214,0.0177803079657312
6215,0.18791774845438747
6216,0.03195104098674065
6217,0.08609797698776528
6218,0.0121265631509909
6219,0.024943190642941128
6220,0.0439597221500139
6221,0.017048961339134985
6222,0.016985216662880644
6223,0.2965608730446537
6224,0.4251396014791404
6225,0.007570394429652624
6226,0.8573252143315843
6227,0.003692882241557172
6228,0.010039911149441487
6229,0.029220321147297827
6230,0.023197204286258575
6231,0.01166017248959774
6232,0.09037073770651989
6233,0.006931210075691836
6234,0.017936330635534636
6235,0.010779860964119902
6236,0.012303090183428253
6237,0.03573749155344629
6238,0.610043431029278
6239,0.016346510671411123
6240,0.07165154160315902
6241,0.15892994192811005
6242,0.008303802497390817
6243,0.8434677108520843
6244,0.033660188452415425
6245,0.009352451902033852
6246,0.15026074853534174
6247,0.012550635732983541
6248,0.007427244958222782
6249,0.06412674482060189
6250,0.7153927190347005
6251,0.010433602299633834
6252,0.011775687332391224
6253,0.11905311072461097
6254,0.09506010585693579
6255,0.007778089873609941
6256,0.44570248330998224
6257,0.0018590804241278736
6258,0.05969948384685047
6259,0.011381959505033441
6260,0.3767306689353528
6261,0.01829873122764975
6262,0.010417094271984131
6263,0.007962766632414964
6264,0.1595513294888278
6265,0.03315620759705603
6266,0.6518003534772603
6267,0.00927650775406964
6268,0.26454870156868193
6269,0.002786491406089783
6270,0.008956364457532486
6271,0.6967948384445404
6272,0.007165555206521003
6273,0.6768937034334803
6274,0.3021435436490416
6275,0.010070894034729575
6276,0.004428909975883555
6277,0.010403753655354358
6278,0.006605629863709417
6279,0.0042233979587226415
6280,0.034447172812800714
6281,0.011833157816654786
6282,0.07657205087909943
6283,0.005201565171583528
6284,0.20776458455901514
6285,0.007466809004221633
6286,0.0657458613922048
6287,0.06202980652979442
6288,0.008971592069372872
6289,0.018012199188697394
6290,0.023251753194222208
6291,0.24284587553794817
6292,0.020645966439762003
6293,0.03875471580114277
6294,0.491050931116948
6295,0.00496604893106824
6296,0.00599451960713521
6297,0.06659297362433858
6298,0.005723038944730595
6299,0.06867738714529206
6300,0.01315708058195373
6301,0.07523163804865038
6302,0.011200789629815912
6303,0.0060950529149716125
6304,0.07763702964497826
6305,0.09385268956042055
6306,0.01668484298339083
6307,0.005610811250708532
6308,0.008088232414739995
6309,0.011839309794609162
6310,0.7105002107672124
6311,0.002633600803394614
6312,0.01866966567936149
6313,0.03150457635735695
6314,0.09871980952179604
6315,0.006477744683227378
6316,0.05006121467217983
6317,0.1406162897684652
6318,0.37163905773510647
6319,0.011658661237617914
6320,0.008700170953277818
6321,0.0323586788196304
6322,0.010208712839524264
6323,0.3856931370071855
6324,0.01641142554658962
6325,0.04721098985249319
6326,0.574017842928548
6327,0.06171432774984174
6328,0.01901790045271077
6329,0.0045931275287232655
6330,0.009787071348892564
6331,0.0036790356742799823
6332,0.013191979040162248
6333,0.30437048175890785
6334,0.04126297034239985
6335,0.08990554191653348
6336,0.22349281791698633
6337,0.03808233042806033
6338,0.06634495131505945
6339,0.32041016080752177
6340,0.03863537124536199
6341,0.01744881933822474
6342,0.04261169083175025
6343,0.007033802322155071
6344,0.08404998145918577
6345,0.006910630297674551
6346,0.020337459104171302
6347,0.08305307117155918
6348,0.08467006253879443
6349,0.21819013739183235
6350,0.00594984085384937
6351,0.019220269018261023
6352,0.0652758827491163
6353,0.5286340608677979
6354,0.010865407334070754
6355,0.15406248831086825
6356,0.0011955297146455837
6357,0.20521474266318293
6358,0.08583174130485137
6359,0.007274772899510411
6360,0.1413489619715584
6361,0.0362848265364056
6362,0.0017000876605578596
6363,0.003371273468477788
6364,0.005114739130013704
6365,0.41990776484974474
6366,0.36718414455213333
6367,0.0029026270149289553
6368,0.008948118604826378
6369,0.007699512690705258
6370,0.025747610157239254
6371,0.2871060326066833
6372,0.6404638662744777
6373,0.008112318845027253
6374,0.022435229090426636
6375,0.0072326863424334665
6376,0.18008673492938027
6377,0.002047140924107561
6378,0.5759150360084294
6379,0.005000546344237701
6380,0.015106121364709027
6381,0.7995105105010253
6382,0.002230097074674713
6383,0.02054345996919275
6384,0.02794289374355126
6385,0.06991541746326575
6386,0.013182415375306917
6387,0.0328697115235681
6388,0.013054510704530172
6389,0.010548100586768262
6390,0.008311339623929541
6391,0.002636836209951573
6392,0.002466343686880834
6393,0.15828382852895403
6394,0.01186026789915621
6395,0.022924658587019225
6396,0.01830004995719364
6397,0.007604138896186124
6398,0.031078407542911884
6399,0.028123268631639983
6400,0.003174390779512499
6401,0.016178038528417392
6402,0.005716058429359229
6403,0.8514380909113374
6404,0.012697416923269826
6405,0.007325219525298137
6406,0.013655070960124194
6407,0.02260778586485328
6408,0.009961164584464867
6409,0.0047464324668807754
6410,0.7397152154267985
6411,0.00917107410935456
6412,0.7781641042045712
6413,0.015886169990588558
6414,0.00635502035840042
6415,0.011740245336522261
6416,0.3365559889741668
6417,0.013866304201088862
6418,0.009373368224615644
6419,0.08578671735094862
6420,0.011233777730953626
6421,0.008298490855420447
6422,0.0064574232170308546
6423,0.05081823679739861
6424,0.002005181679720574
6425,0.02136261705435309
6426,0.15513462940427064
6427,0.29773188112993015
6428,0.03993025599453422
6429,0.07910053598722344
6430,0.0028651185211548
6431,0.6101491095442592
6432,0.005433616808854341
6433,0.4740448960026611
6434,0.010876177080251449
6435,0.5815379862058906
6436,0.008157280034768124
6437,0.012210211583014118
6438,0.005759429273269526
6439,0.017948447670934165
6440,0.007918370815482401
6441,0.025283506596783186
6442,0.036693768099678906
6443,0.004813094989159256
6444,0.0069541174308383556
6445,0.0031811676934602297
6446,0.018732919948015275
6447,0.41054928742096264
6448,0.36505630833303254
6449,0.011759241026055274
6450,0.007718091242551405
6451,0.0412571411090272
6452,0.006027292311043147
6453,0.08648763235320485
6454,0.8074203095300819
6455,0.016268157110785036
6456,0.007728895618297656
6457,0.005648395892475084
6458,0.006325775618092231
6459,0.018154791844281624
6460,0.0859442897124714
6461,0.001548786326023557
6462,0.0044604512174255435
6463,0.01426467031643445
6464,0.059961894839317756
6465,0.010313399914820658
6466,0.023328754374491143
6467,0.0034083214148079234
6468,0.12717682443579573
6469,0.0173913564701498
6470,0.005967267442360554
6471,0.227208448980606
6472,0.016691137720847342
6473,0.02002665031619351
6474,0.002379981841121753
6475,0.16378659718020755
6476,0.11702367227480359
6477,0.012160320249799352
6478,0.22222009136698542
6479,0.01708434226350039
6480,0.02123972944446234
6481,0.01645453189792097
6482,0.09892096561271203
6483,0.32308630176189557
6484,0.006864491189108745
6485,0.006076487761693475
6486,0.010153759959239922
6487,0.017544636320040014
6488,0.005674584921271749
6489,0.005899843278481688
6490,0.014793904303174604
6491,0.02550039874772893
6492,0.44869404706450683
6493,0.0574127861272208
6494,0.07114212857843126
6495,0.004089666806434685
6496,0.004302665635001504
6497,0.02615154595075865
6498,0.00840992738968137
6499,0.007094333426469693
6500,0.023208654475941344
6501,0.03151558751707588
6502,0.03834688714337874
6503,0.008340025157371792
6504,0.40928074129172703
6505,0.057649602992813444
6506,0.007104132509541053
6507,0.022990055066813384
6508,0.06668330001818379
6509,0.03966104992171484
6510,0.027396959721058753
6511,0.006504083634197295
6512,0.015454249735311476
6513,0.03396100109950921
6514,0.005527852580343042
6515,0.051121985854929684
6516,0.007500949649001636
6517,0.02617048257844916
6518,0.005696016298094775
6519,0.0048079796125855565
6520,0.5516465208762195
6521,0.10537037636289703
6522,0.029563286309056074
6523,0.004688781050457388
6524,0.006513713603906306
6525,0.010865510702755295
6526,0.0018992174026204308
6527,0.13388477063298626
6528,0.020949222042465746
6529,0.061663166103342285
6530,0.03767272225222515
6531,0.013083430619152932
6532,0.008710490936543523
6533,0.0021693372488312958
6534,0.004573026045634453
6535,0.005966861210284987
6536,0.05760920739483178
6537,0.014201092463576998
6538,0.1303592280190016
6539,0.009982263422786575
6540,0.0025876095655298814
6541,0.004535982912292429
6542,0.002878571746082973
6543,0.009356666565853744
6544,0.014225365232192188
6545,0.006113015964343302
6546,0.08267057683539746
6547,0.011090659656779883
6548,0.010788819322053046
6549,0.09176791481393576
6550,0.09547311056842127
6551,0.03186170429856584
6552,0.008925223861941715
6553,0.02962240585826601
6554,0.014766575066629426
6555,0.22472886553573979
6556,0.007717449583300222
6557,0.2887056105792384
6558,0.011186189430801663
6559,0.013067063047422164
6560,0.04748609745086127
6561,0.004458198238277527
6562,0.7125197556027054
6563,0.022183127238456408
6564,0.01522364609994313
6565,0.4586210418347667
6566,0.00386913372769881
6567,0.0419955011312952
6568,0.0035446559415665156
6569,0.02836589412888705
6570,0.5731905436974537
6571,0.03315048153398374
6572,0.06147545030485986
6573,0.008794608925573382
6574,0.006117181367802658
6575,0.0035337625962775566
6576,0.008816417327520639
6577,0.2702519885913829
6578,0.017605206913513506
6579,0.40855268769804326
6580,0.010819921277279852
6581,0.0034344818982925667
6582,0.004912664592863001
6583,0.004105335951865745
6584,0.0654528277807773
6585,0.0025081881991791104
6586,0.10242181623594811
6587,0.009277628210354676
6588,0.07098713417397504
6589,0.05594809305145237
6590,0.20850829442455612
6591,0.5850375929114587
6592,0.009881701820237121
6593,0.04758905972403633
6594,0.45252370453969887
6595,0.02557421811753807
6596,0.008149226833206893
6597,0.008712454316571179
6598,0.495557577513417
6599,0.06957389737496014
6600,0.5275350076580728
6601,0.011788380610789684
6602,0.0021628920782972524
6603,0.009152427708011364
6604,0.003263649891086048
6605,0.017246780213230693
6606,0.03507462004496886
6607,0.019759835525572506
6608,0.33393337077679214
6609,0.24293453569487705
6610,0.016145946480369266
6611,0.04954312400587224
6612,0.02493036765533551
6613,0.015035362882118276
6614,0.4254877513308109
6615,0.06748331294722248
6616,0.0614280091434425
6617,0.0028811939692504965
6618,0.16220635502233777
6619,0.010710144782298493
6620,0.9707201388986788
6621,0.013122983597824833
6622,0.19811286458765576
6623,0.5327083564060872
6624,0.29475112908444084
6625,0.12958463219781133
6626,0.005075746651066973
6627,0.0020640708227443716
6628,0.011962025767970919
6629,0.002862179910433257
6630,0.007744631281662195
6631,0.006683744698274839
6632,0.004405336547012027
6633,0.007908428655680432
6634,0.002580242582252298
6635,0.6006056049739182
6636,0.00500703770357562
6637,0.0030513165668198247
6638,0.003289541872620774
6639,0.005862818539004541
6640,0.010336097236823041
6641,0.2808674063289057
6642,0.0026806432803482133
6643,0.13055709115260508
6644,0.006115642404703295
6645,0.011036729865156329
6646,0.005000960813913962
6647,0.01695213035015843
6648,0.8357645633419027
6649,0.0035070703954746736
6650,0.020897749649051774
6651,0.12398597182354076
6652,0.027245451551174266
6653,0.0044816431251043995
6654,0.041633419016775364
6655,0.08458620095963405
6656,0.001526744973570122
6657,0.46446195080531943
6658,0.016725606532670245
6659,0.007120527410202426
6660,0.023011897074406935
6661,0.009792487774425358
6662,0.16454111593857226
6663,0.030829798728722935
6664,0.01685339085717529
6665,0.007997009355678195
6666,0.00985645915299685
6667,0.0025612429126927946
6668,0.005023755549167733
6669,0.00295310567782628
6670,0.7883681593024218
6671,0.025739141583192956
6672,0.05507618861760622
6673,0.011473869427798176
6674,0.01101819150826161
6675,0.023475027365292816
6676,0.01396337833426237
6677,0.20256333090823578
6678,0.016535672236316346
6679,0.24611534529952112
6680,0.003962723637201789
6681,0.06896223680894203
6682,0.0128839763954455
6683,0.0027818725850342887
6684,0.03176832289208837
6685,0.016188547709000932
6686,0.009990166116269851
6687,0.013573216875760652
6688,0.1330968162134968
6689,0.19493914502649953
6690,0.06558926901041721
6691,0.050697714761868705
6692,0.0026138277800184058
6693,0.05128944992554191
6694,0.14931874309471746
6695,0.010784706380867768
6696,0.02421580419855965
6697,0.0012087065136927296
6698,0.014907474981707148
6699,0.08867493822740166
6700,0.01638688965873925
6701,0.015296304743037748
6702,0.054957358812296
6703,0.004396888207773829
6704,0.004789274568441301
6705,0.008124419687517643
6706,0.35556424916196167
6707,0.8915326207270352
6708,0.035596588987725004
6709,0.002107671858393261
6710,0.04385972080219854
6711,0.010571779035323293
6712,0.0469834783645579
6713,0.015253761665004556
6714,0.03004697126309311
6715,0.005253130712864173
6716,0.01813013349662555
6717,0.003114757371539993
6718,0.11934641304385538
6719,0.018421947602059178
6720,0.0018946139969360472
6721,0.008210703867067258
6722,0.008187297645420023
6723,0.0137195443593487
6724,0.015695897083429142
6725,0.009473957784141066
6726,0.028691031287032757
6727,0.0017166797480459848
6728,0.036251453462989754
6729,0.29993989519255126
6730,0.010751222133943838
6731,0.03015134891527032
6732,0.007738158768048787
6733,0.13460536259525258
6734,0.7935110542484984
6735,0.012746147408073638
6736,0.003352039336718981
6737,0.011151282569758076
6738,0.025787158653877307
6739,0.20161478565759525
6740,0.017301138806385723
6741,0.011712325140089032
6742,0.05887374255783732
6743,0.022968702967542685
6744,0.6939425740769333
6745,0.026180750833210493
6746,0.005590339227131579
6747,0.0315784428838412
6748,0.004604240219874839
6749,0.536134018025471
6750,0.08370050672120562
6751,0.5577028157464959
6752,0.011071726604819454
6753,0.010294492176857442
6754,0.14804158935733003
6755,0.007982209569815713
6756,0.005842871096213641
6757,0.03774044227514561
6758,0.002185111358134536
6759,0.006744336057751894
6760,0.34094484351413024
6761,0.3521769130644305
6762,0.5308398572121292
6763,0.004187920472933751
6764,0.054253834531486585
6765,0.006980996407077339
6766,0.005963088447485374
6767,0.024807990929320865
6768,0.014571764655496993
6769,0.021022595379567147
6770,0.05959312723230318
6771,0.00744443706898766
6772,0.7194486120120228
6773,0.027112715495478758
6774,0.19512904347620535
6775,0.49684087320431974
6776,0.0079017885000844
6777,0.08190433784700929
6778,0.0017853779847378367
6779,0.009014748188243845
6780,0.00916384390846056
6781,0.00887878017761625
6782,0.02242050797703229
6783,0.004533013737295918
6784,0.014453890130743502
6785,0.0036115642418038936
6786,0.003302154831546375
6787,0.7005860083395733
6788,0.01229209817487676
6789,0.6322491676167712
6790,0.003105697833421408
6791,0.020392123425617963
6792,0.007841640268119834
6793,0.04439186859482287
6794,0.008765710316188686
6795,0.0052844134558212305
6796,0.011125539003853081
6797,0.0205518423289906
6798,0.007675301498579241
6799,0.016950053696867688
6800,0.0029183172068522416
6801,0.0026358564214125284
6802,0.027112713258802313
6803,0.010274887919881456
6804,0.05285664302677376
6805,0.014519871197431646
6806,0.034060854041478156
6807,0.012862530976197186
6808,0.14910451697721963
6809,0.005375762693026072
6810,0.008997774825558648
6811,0.2049278326113078
6812,0.010895025442804497
6813,0.593070044799128
6814,0.8315947500778588
6815,0.004759160299078825
6816,0.5968141703420211
6817,0.009394959388015286
6818,0.5267150368305179
6819,0.2109404263370343
6820,0.19429304930661553
6821,0.3477532232465861
6822,0.5501525032880622
6823,0.6492576595757948
6824,0.0802677067235854
6825,0.008673141551627236
6826,0.0163549966840626
6827,0.0068976354612716225
6828,0.009556333394507656
6829,0.009616041861466086
6830,0.005139528891015993
6831,0.006023857067316609
6832,0.0055950996077862025
6833,0.002673067027943157
6834,0.0033461080794028345
6835,0.028046892913436344
6836,0.004129635301470609
6837,0.971177472863063
6838,0.00563221039011003
6839,0.05467190854236802
6840,0.08992824134942094
6841,0.022363685193805664
6842,0.011207383957039846
6843,0.00807395279381962
6844,0.003985202953886346
6845,0.03356494976918361
6846,0.011709835384497654
6847,0.007299672927128958
6848,0.7968621152485142
6849,0.010154113570784164
6850,0.08010603109391475
6851,0.003282865819886383
6852,0.004154257193012012
6853,0.01564523456565003
6854,0.024689020386047096
6855,0.01752247845610106
6856,0.0036923907969398815
6857,0.008799252908861953
6858,0.29959269654705967
6859,0.0011541247192680632
6860,0.02864634704894182
6861,0.01400693661957149
6862,0.0019131073064067561
6863,0.06811241401076513
6864,0.0033490960513737488
6865,0.037380855996297827
6866,0.008130725153677902
6867,0.016744275669709725
6868,0.3702165942894708
6869,0.00948843463893893
6870,0.06683080871599346
6871,0.008818458777922035
6872,0.009266732452143012
6873,0.013371134331080944
6874,0.002605944069201049
6875,0.0034223254468849227
6876,0.08694299031148599
6877,0.00702362746929337
6878,0.008725977343425315
6879,0.07344399459187409
6880,0.5766529247126755
6881,0.0046419107833940544
6882,0.6822701303486703
6883,0.016135941679339585
6884,0.01814640644453612
6885,0.00963710053052244
6886,0.00959442008505353
6887,0.5402114194714905
6888,0.0024986072557284
6889,0.015891409740508393
6890,0.020933509094374973
6891,0.0033916321711219733
6892,0.030852426840839123
6893,0.036331750455060735
6894,0.02458817830343436
6895,0.01205748763651282
6896,0.19442895003636945
6897,0.04885755199870811
6898,0.03809092808022276
6899,0.034667463594236
6900,0.0065496823060955415
6901,0.2840765733513574
6902,0.702274251746892
6903,0.0531743501087669
6904,0.8995993066969243
6905,0.018794734365234808
6906,0.006172882002388702
6907,0.048784478577268385
6908,0.16586178011641398
6909,0.01681727911819896
6910,0.4028359928905626
6911,0.07477255150320623
6912,0.0042820232209583526
6913,0.0129538664398193
6914,0.012716201982809839
6915,0.029688830082172754
6916,0.03063349099734613
6917,0.13276424835690673
6918,0.5794278903358222
6919,0.007585216342046698
6920,0.00839943878448239
6921,0.5073703911123225
6922,0.01545577575966687
6923,0.007577040607674102
6924,0.08435321899444691
6925,0.415847284135145
6926,0.0052534363593658125
6927,0.0029810284510609773
6928,0.23727725644663963
6929,0.030230690437514765
6930,0.0033621971387701854
6931,0.005056313146927159
6932,0.018475785989603203
6933,0.005075958244119967
6934,0.15140159309168122
6935,0.40875085558716956
6936,0.09484210083797186
6937,0.21441752738049857
6938,0.04054207679509898
6939,0.028047792328114118
6940,0.003309415820384293
6941,0.008790348353004998
6942,0.0027535735116339818
6943,0.12618527224522447
6944,0.004000372345340725
6945,0.76177591232509
6946,0.005581788864880304
6947,0.013424965077687692
6948,0.3668778029294958
6949,0.005299281680923282
6950,0.04049526404898658
6951,0.011164337462862257
6952,0.0963781925886829
6953,0.006589497367670206
6954,0.35982189981762064
6955,0.010491437147574632
6956,0.0031525053540693215
6957,0.011533998517208755
6958,0.008931806550871167
6959,0.017745825993974576
6960,0.008106858100139567
6961,0.03776039874941556
6962,0.1120560464878849
6963,0.027756805774067
6964,0.00459730036649909
6965,0.44906016304126123
6966,0.013489572640215677
6967,0.0016859262565269238
6968,0.007742176193953988
6969,0.0069096265707852735
6970,0.3257703470064299
6971,0.08372322587326787
6972,0.01367516675539564
6973,0.036479790325839326
6974,0.0065769455953662995
6975,0.026479420207189932
6976,0.05279319854626015
6977,0.910691693108728
6978,0.012464258784437686
6979,0.17918888642627656
6980,0.023816314501513208
6981,0.007566346831349592
6982,0.10856303911540552
6983,0.031305207681008175
6984,0.09291956035096827
6985,0.012275577458944658
6986,0.019830573244271715
6987,0.0922956000831602
6988,0.005462024761018055
6989,0.07557397039186516
6990,0.8848735979009285
6991,0.002138012612698479
6992,0.009113433275649115
6993,0.009050124396362639
6994,0.9248212228214225
6995,0.05836837828182749
6996,0.009348551883866015
6997,0.2997266171652854
6998,0.09536007083584608
6999,0.002444062455920805
7000,0.02346840543795011
7001,0.006631965647102745
7002,0.33841179263947835
7003,0.8282360324148084
7004,0.10848295174781211
7005,0.05647084120941486
7006,0.22123191818571591
7007,0.14896651214783058
7008,0.9189777692409882
7009,0.013773787899510703
7010,0.06267828517461939
7011,0.03777301769570198
7012,0.01684979182308794
7013,0.008581582563962386
7014,0.003828564910679329
7015,0.5278095529189025
7016,0.01490077891622542
7017,0.04614665036501932
7018,0.006856796556859614
7019,0.4030519307678863
7020,0.14592485555286233
7021,0.008253984885204584
7022,0.5965180071349787
7023,0.010931292398073422
7024,0.07307859507246355
7025,0.004518355923229979
7026,0.9137474074413217
7027,0.5303569164120608
7028,0.005582551516891774
7029,0.04482493074932785
7030,0.11927437708495046
7031,0.0044031681106039946
7032,0.3864739310154983
7033,0.299517851787371
7034,0.1693065519580659
7035,0.1644169853187582
7036,0.4375100094588503
7037,0.19071132563157575
7038,0.004643128677926332
7039,0.00704802989534359
7040,0.3298882900695964
7041,0.0028953212483361925
7042,0.13039650338384967
7043,0.048489782930041234
7044,0.007200685873713114
7045,0.12809392236680772
7046,0.0908537307280124
7047,0.7744140215639114
7048,0.20581347311188983
7049,0.003162681681520725
7050,0.05165674389003877
7051,0.01990332660913044
7052,0.038481078538545446
7053,0.3237700425427568
7054,0.017607044521348373
7055,0.7347041219994943
7056,0.020512674404902752
7057,0.0010803150232792673
7058,0.017906458099267615
7059,0.009473957784141066
7060,0.00664269478677706
7061,0.878238655091464
7062,0.01718912035652214
7063,0.3168804414258369
7064,0.36029135418524866
7065,0.009264647934124648
7066,0.02900717360846832
7067,0.010792171717849203
7068,0.010962222723399835
7069,0.01846027424822355
7070,0.011610361055484594
7071,0.014194718041297003
7072,0.09329857024395484
7073,0.03355592714561995
7074,0.011130035059389311
7075,0.008821984729462563
7076,0.005055985277269939
7077,0.1697612151018125
7078,0.0064916260309598175
7079,0.15566155027275735
7080,0.004219209068318932
7081,0.0016838924836656778
7082,0.03006060194365469
7083,0.012625093288112253
7084,0.26728314981862766
7085,0.09289662169740513
7086,0.06189014767306253
7087,0.29432757812749444
7088,0.01602383566185602
7089,0.12123757991323426
7090,0.00921124307324436
7091,0.009384511060663908
7092,0.33917802006771275
7093,0.00451924772764406
7094,0.025266665713846743
7095,0.005959287588209031
7096,0.0027367959905491676
7097,0.29826397575680824
7098,0.5833956572620098
7099,0.00407388908979435
7100,0.005944834826020752
7101,0.04428697193144998
7102,0.003884411272411329
7103,0.023614563130217366
7104,0.010814922458381282
7105,0.6321949644167901
7106,0.02664014131466888
7107,0.01627581350613011
7108,0.0034401435358777667
7109,0.8410789479420734
7110,0.008254950014287459
7111,0.023163330562643972
7112,0.020374685757280915
7113,0.07241202460752287
7114,0.03304107113208106
7115,0.19323939526220868
7116,0.02755696593884885
7117,0.0032347840728026477
7118,0.20805355396897682
7119,0.009208605902163023
7120,0.008839971798730547
7121,0.008164445639122744
7122,0.38794507227404035
7123,0.005675215143173007
7124,0.5210132511180441
7125,0.3892864986651684
7126,0.009781700664693903
7127,0.00484640251884384
7128,0.0042113826443382985
7129,0.010140077155617868
7130,0.009126424556555763
7131,0.021627273345410862
7132,0.044094839562781596
7133,0.03257692267037662
7134,0.12531750638637643
7135,0.007056595636912252
7136,0.007209321455349306
7137,0.005499867093517175
7138,0.06078274449658442
7139,0.154624552430516
7140,0.27682937926376494
7141,0.2687620606105047
7142,0.7975830388624386
7143,0.022020819248958046
7144,0.010793211016008013
7145,0.0019107991027695781
7146,0.033302117518339044
7147,0.02615700636939968
7148,0.002543261378386971
7149,0.050734753738254125
7150,0.6041213631372379
7151,0.17525542906397215
7152,0.022090017720387576
7153,0.011520095729587801
7154,0.0038508164264094698
7155,0.10998195820195342
7156,0.011752576684438024
7157,0.4764980463789476
7158,0.148089694070987
7159,0.023449348270899548
7160,0.036072635649674036
7161,0.019495086700761114
7162,0.007059970358113788
7163,0.1439906816838659
7164,0.0095518859399522
7165,0.00875670191820839
7166,0.013378877047067668
7167,0.039275205772741566
7168,0.029775170459952552
7169,0.008511260514462795
7170,0.06170366446545848
7171,0.019667177509924673
7172,0.4559318403355493
7173,0.009023449272897754
7174,0.019330315333623338
7175,0.010238835760798004
7176,0.3403213910818135
7177,0.010314459715893077
7178,0.009620830579963496
7179,0.013856425147546196
7180,0.04117217166903299
7181,0.28426446612937895
7182,0.7423890982155122
7183,0.05854920337655532
7184,0.40871239292585104
7185,0.37491755686741307
7186,0.002694109572938811
7187,0.2165175034462336
7188,0.002219307026469154
7189,0.0045577948234118365
7190,0.12004103001393246
7191,0.6720892609341396
7192,0.013245098823742116
7193,0.29764779795095064
7194,0.01835860225909051
7195,0.005551622606925713
7196,0.036266363364271546
7197,0.016131107038168616
7198,0.021321464356963464
7199,0.040327638026540165
7200,0.2713571771354233
7201,0.032018089546768116
7202,0.23210961352349538
7203,0.004977256767956194
7204,0.042248361889389296
7205,0.016055214612075614
7206,0.020360324393840407
7207,0.24886541872409923
7208,0.4799775240521178
7209,0.04648869229338677
7210,0.016427443806213197
7211,0.09411996527559816
7212,0.009084530273108436
7213,0.03340330930025826
7214,0.557848669036369
7215,0.0018482643752393798
7216,0.0057865384609684465
7217,0.015736723851185703
7218,0.00454773326037202
7219,0.008729735490071255
7220,0.15459977835909314
7221,0.8043822701528823
7222,0.008153239078977388
7223,0.39546952583620654
7224,0.007357423014674822
7225,0.0034016133053703587
7226,0.0031284046705797462
7227,0.04289503856947883
7228,0.015708478669366508
7229,0.017384025962227267
7230,0.0031140249872008926
7231,0.6397805471663779
7232,0.010224022363636542
7233,0.11437121480659583
7234,0.019639892021420767
7235,0.037501217679800684
7236,0.0036179801548091232
7237,0.0016184613453915121
7238,0.02904349177163446
7239,0.0012788901235207075
7240,0.47289919593365537
7241,0.0022854491532015163
7242,0.5865398567914815
7243,0.03223804944561827
7244,0.06445589045852132
7245,0.01656520327618344
7246,0.7559051878213001
7247,0.8836696863328432
7248,0.4667234974377115
7249,0.0067862273594298615
7250,0.04312271148101683
7251,0.0043546408436534855
7252,0.10856400847594128
7253,0.024147517285049807
7254,0.015812995860744396
7255,0.7202227099092628
7256,0.01499937080501485
7257,0.010018182764464994
7258,0.010153248524098562
7259,0.02495592445519255
7260,0.002962649473989
7261,0.011967874984616931
7262,0.04350622701371067
7263,0.3194256673443687
7264,0.012424752383848632
7265,0.1432157793504767
7266,0.01683511824315054
7267,0.004916370580881764
7268,0.042752449012014346
7269,0.16567374330491583
7270,0.00779327795122292
7271,0.04009627972166792
7272,0.01882086333694014
7273,0.021701395698218866
7274,0.00703230570263965
7275,0.004267961771318389
7276,0.00466173724210828
7277,0.00634432748195527
7278,0.009231317807540024
7279,0.008033143096726415
7280,0.005654959158650807
7281,0.015519465709221813
7282,0.0021733423169672614
7283,0.003488695439448796
7284,0.02580439603162503
7285,0.01098403122395173
7286,0.0634453876711331
7287,0.3338666063579247
7288,0.01613772946566677
7289,0.021262782164980638
7290,0.04039378087896868
7291,0.026910378636194356
7292,0.0328147893715956
7293,0.09039819371713761
7294,0.006984358334943236
7295,0.0025703286098498154
7296,0.004771548176218209
7297,0.049924772635757286
7298,0.004563301488540841
7299,0.0027240733571625743
7300,0.027789274693352
7301,0.10753094261318051
7302,0.0029604127669361022
7303,0.005376655176368034
7304,0.0015022459458184935
7305,0.060470601912837665
7306,0.009987830538192908
7307,0.5390810783563553
7308,0.11157081836300815
7309,0.29812779307547504
7310,0.0020751955272290024
7311,0.04221910261279796
7312,0.014884604688047722
7313,0.019755984755699493
7314,0.20666961300993045
7315,0.11877122102383403
7316,0.58955250549367
7317,0.0018314102688593004
7318,0.012754589368689478
7319,0.022078523157704748
7320,0.5008054536101801
7321,0.010396188327982196
7322,0.05733703976635242
7323,0.009577446120117619
7324,0.7579913857907495
7325,0.005822768512823462
7326,0.00820532167861631
7327,0.0550662939039322
7328,0.21709037846771298
7329,0.05305924825970094
7330,0.14023260396158607
7331,0.05960374233839283
7332,0.003257873501444912
7333,0.044772806050114966
7334,0.12894536893588054
7335,0.0515295539798465
7336,0.6513852779557887
7337,0.009757504231897614
7338,0.00407123425866464
7339,0.06403083465802101
7340,0.0134574052843299
7341,0.02652959335855032
7342,0.04797914404329844
7343,0.013459112220989413
7344,0.015142235820908609
7345,0.0029574411024543747
7346,0.004834405243182766
7347,0.3082881033128993
7348,0.117646383201898
7349,0.003159803966378487
7350,0.8817708943733147
7351,0.08805118906723965
7352,0.12188556802393347
7353,0.20149479470949516
7354,0.36833462523834587
7355,0.0353705714868097
7356,0.4469650285285867
7357,0.010958610671867559
7358,0.6321928991962489
7359,0.012329566681138326
7360,0.8934768843979789
7361,0.005224514807404995
7362,0.06996707881047799
7363,0.009671179562754683
7364,0.013620593374484269
7365,0.058779030688390604
7366,0.01915589262894387
7367,0.02224409461725933
7368,0.07809484073545093
7369,0.1330968162134968
7370,0.029255022900589914
7371,0.24734144932458774
7372,0.015410348569468714
7373,0.04531166802357195
7374,0.5092044986587229
7375,0.004182994372528655
7376,0.0806199332346651
7377,0.018613759611972744
7378,0.03300781076078513
7379,0.49446662728629304
7380,0.23633126848366565
7381,0.6695108190431317
7382,0.002438015506194592
7383,0.6542943817844453
7384,0.02682083895853898
7385,0.9555330601655639
7386,0.005167731012081732
7387,0.020775902409689996
7388,0.0030343560898469296
7389,0.01708095049173324
7390,0.38393238545371206
7391,0.41310923027886653
7392,0.03798007143116511
7393,0.009970553731268076
7394,0.007523859803017786
7395,0.019723675361866654
7396,0.004052566252914699
7397,0.07978828412025767
7398,0.027546925560473487
7399,0.7685842152787671
7400,0.003235453615827013
7401,0.017643181949454648
7402,0.015151007673882473
7403,0.024927664041265684
7404,0.9366922364853877
7405,0.03465352761858085
7406,0.0019545778654017623
7407,0.016489624098032115
7408,0.022223258289394306
7409,0.006455094627326325
7410,0.010014327585577252
7411,0.01167901855788858
7412,0.020773777297090873
7413,0.011041535866528233
7414,0.007730966982741867
7415,0.03370201237248576
7416,0.00623533562603843
7417,0.03496965681190786
7418,0.07760385959949696
7419,0.006156329428971104
7420,0.044676622293740004
7421,0.02040259699265147
7422,0.052869329459496434
7423,0.010293282829634253
7424,0.014489914681805901
7425,0.011200196636040336
7426,0.00805082300660241
7427,0.1719761644910211
7428,0.005223449228201516
7429,0.42690957306679755
7430,0.07231970177258923
7431,0.46281813830367025
7432,0.021699618294300532
7433,0.802544644181294
7434,0.9033446186558918
7435,0.02764074002703875
7436,0.017197512757188685
7437,0.10751013055848575
7438,0.5280839068299363
7439,0.9769159375993679
7440,0.682956895705769
7441,0.03973146447027919
7442,0.17411949981091043
7443,0.8507115189959301
7444,0.006589977313905116
7445,0.022175297304424278
7446,0.02443455473090622
7447,0.026562086172439773
7448,0.02535261875603562
7449,0.06873752031773364
7450,0.0026107978218667407
7451,0.09458009659721611
7452,0.5793476263680436
7453,0.06092356361605194
7454,0.003052205210351653
7455,0.08420162239846181
7456,0.019823376063266993
7457,0.04350561145876465
7458,0.016847466990019155
7459,0.006343123937795533
7460,0.00884274598634613
7461,0.39217410845702383
7462,0.016607682909723184
7463,0.027973793405295544
7464,0.023681238735113797
7465,0.00737698776137542
7466,0.6481488798740668
7467,0.005037848195516076
7468,0.13285355981491304
7469,0.02261957480414426
7470,0.01041960314354849
7471,0.0069377588542405945
7472,0.0025567538455658215
7473,0.059031547232588015
7474,0.005711359484154747
7475,0.02333539698206815
7476,0.009521963646839632
7477,0.007031198013301694
7478,0.03158698687459237
7479,0.11559638051474579
7480,0.008976295405226245
7481,0.0030456963315198217
7482,0.0018022757656303836
7483,0.018499664261081947
7484,0.0021818819008287017
7485,0.0722137713419283
7486,0.32512726357126154
7487,0.012244140669050463
7488,0.3424866611367363
7489,0.028258556905733954
7490,0.0099591233502622
7491,0.7795625635043896
7492,0.010517078066287584
7493,0.003550885588112788
7494,0.003370793974924681
7495,0.0018557839882731024
7496,0.4221404130303189
7497,0.031058340142308353
7498,0.09558496705560067
7499,0.02617749730150023
7500,0.01639098106274203
7501,0.011981951773334073
7502,0.020630345109105004
7503,0.0148978127905207
7504,0.053792671628323116
7505,0.008676989003729294
7506,0.044210443676123944
7507,0.022754662444032764
7508,0.0158051617607607
7509,0.03316166039310431
7510,0.026095555226483984
7511,0.01622448828063129
7512,0.09352254360698793
7513,0.045870027311199074
7514,0.013569351327823546
7515,0.004935814609933479
7516,0.12969695638427145
7517,0.030672418850850584
7518,0.012341816325630223
7519,0.006686098629304712
7520,0.03766851756324599
7521,0.0059914304981232075
7522,0.4644543313889673
7523,0.019105891479638076
7524,0.008766308422882459
7525,0.014853424377430183
7526,0.040233149176732395
7527,0.09177064934532125
7528,0.021276242848841956
7529,0.17778445145019525
7530,0.01115785551473014
7531,0.020165789258777787
7532,0.2423478609200762
7533,0.6836148591653862
7534,0.35844722806976304
7535,0.02535804942064503
7536,0.1337317126359741
7537,0.597751344243944
7538,0.05245945655979675
7539,0.026179889996314622
7540,0.0406273622152797
7541,0.009569558359728196
7542,0.020587561292370667
7543,0.43484257052329695
7544,0.4382169666087683
7545,0.4873833379300575
7546,0.008089951351775145
7547,0.46815291115153784
7548,0.36833610898187347
7549,0.09414406154625822
7550,0.008554818304223197
7551,0.7381229657777697
7552,0.011238905881981072
7553,0.4190236251097536
7554,0.415885909635838
7555,0.0034534607516742756
7556,0.09954762566198035
7557,0.28556532196981393
7558,0.013323712977341985
7559,0.0325049869432855
7560,0.17532367404955082
7561,0.26953951469447907
7562,0.010127161458308831
7563,0.011755753021018387
7564,0.06740000079755315
7565,0.4718840795001905
7566,0.03639403815868311
7567,0.023947187413885705
7568,0.021473492084754037
7569,0.003922815891768024
7570,0.038805386588706164
7571,0.13654234778689206
7572,0.04298629101625042
7573,0.35925864783783934
7574,0.02784812908423874
7575,0.5266244413404508
7576,0.01738755353062539
7577,0.016136430320598538
7578,0.01345458504623027
7579,0.012337936889343697
7580,0.0036581611810380926
7581,0.026313672052827686
7582,0.1615382288109895
7583,0.134544676492454
7584,0.005413728801854425
7585,0.00527943211507325
7586,0.03874062721536223
7587,0.40645821081860956
7588,0.008505437252489825
7589,0.9153315023392262
7590,0.09696205207445384
7591,0.002409101886612333
7592,0.20285802470891104
7593,0.009880106899810469
7594,0.015669310882669284
7595,0.18625853986929597
7596,0.019957269853499195
7597,0.007897820876496122
7598,0.01726879018263347
7599,0.09350031772259552
7600,0.03326093975798088
7601,0.0018205329802184137
7602,0.01247327467228562
7603,0.02488572474031272
7604,0.006665591915980461
7605,0.5397728229734731
7606,0.08382043106882696
7607,0.004695816980563208
7608,0.047892115725031
7609,0.008156436804463311
7610,0.0019235201267963486
7611,0.37508660717172176
7612,0.5570276079793732
7613,0.07156973770878496
7614,0.046129407964257726
7615,0.028241990146489735
7616,0.06119132246107781
7617,0.011492344093343413
7618,0.008272194918016517
7619,0.021790470791079607
7620,0.001964840216091084
7621,0.030780779724669857
7622,0.22899512228944402
7623,0.4626212285285764
7624,0.4091468639804843
7625,0.024086490595369468
7626,0.02390982218046781
7627,0.010337448318757018
7628,0.00459888191170021
7629,0.03541235681450904
7630,0.006923167328072226
7631,0.21645690671635484
7632,0.15971527025726862
7633,0.007784079799475336
7634,0.0029418631228198123
7635,0.01317355790137726
7636,0.03877570981493863
7637,0.09414413550036599
7638,0.0026399471855649355
7639,0.1093220037611823
7640,0.026038972540941223
7641,0.5910611996799603
7642,0.003407018203783335
7643,0.03373780685446811
7644,0.005539778938721097
7645,0.01518837680440536
7646,0.314718013774964
7647,0.015044919669388567
7648,0.005455291651984443
7649,0.30757941690267204
7650,0.027379450482268395
7651,0.019195354544983754
7652,0.01161037878894935
7653,0.047245997637206806
7654,0.033907376523938416
7655,0.0051144424554282805
7656,0.00534538352596789
7657,0.16205722737586195
7658,0.02764066136794636
7659,0.015525465431040707
7660,0.6960588949128742
7661,0.016929235941728533
7662,0.19196987304904398
7663,0.24062096687911097
7664,0.34067228436966857
7665,0.03363120181618143
7666,0.09845792639627539
7667,0.0038029252062188822
7668,0.010968728972258496
7669,0.020631421510603997
7670,0.10568424528106177
7671,0.014590961127472228
7672,0.007726920218231713
7673,0.06727955330079267
7674,0.016880682629120854
7675,0.013615892582992723
7676,0.05451034173129135
7677,0.007439020021999199
7678,0.0744696674541061
7679,0.12795274436199555
7680,0.00910724419934626
7681,0.03723183673574595
7682,0.06521618702012687
7683,0.07346271341238614
7684,0.010890590208399501
7685,0.045281540135171695
7686,0.00729925420177639
7687,0.016944119047536933
7688,0.6777184078977512
7689,0.015885495113807407
7690,0.010171019775250518
7691,0.21067481438740657
7692,0.003046107552338174
7693,0.25078996905337325
7694,0.0035407689089533042
7695,0.01197051838278465
7696,0.010505292890416242
7697,0.006051675821158521
7698,0.34636572596018816
7699,0.6732208421377759
7700,0.007687318579873072
7701,0.3154002840409954
7702,0.006231774465115327
7703,0.04940304111697716
7704,0.03398277125140096
7705,0.014866674950226345
7706,0.010875693051825437
7707,0.008022900009592035
7708,0.039100654772414374
7709,0.16500252130514725
7710,0.10634612759561202
7711,0.0024887931103215674
7712,0.30840568955275843
7713,0.4929333569198335
7714,0.0951921070342044
7715,0.02617167470948008
7716,0.5287553148865635
7717,0.014746831618105655
7718,0.004553911302362566
7719,0.020378475470445023
7720,0.09884366843291338
7721,0.04317370804186658
7722,0.027498341211724685
7723,0.00797779611328945
7724,0.012501137380152412
7725,0.018991118599953408
7726,0.08958999710101329
7727,0.26377087935654914
7728,0.01680143259483399
7729,0.004976673715006992
7730,0.13294525118914477
7731,0.034332929593910884
7732,0.004564965078593546
7733,0.004176026835711167
7734,0.4976844139407457
7735,0.5506497145172673
7736,0.355166726306792
7737,0.009345973075710001
7738,0.01133814839817729
7739,0.15509124858986179
7740,0.09192226369203024
7741,0.0017196810093958908
7742,0.00230503350367391
7743,0.26818605009018226
7744,0.0049541307511222835
7745,0.2186265790214525
7746,0.08022343392299203
7747,0.016981429330422397
7748,0.023013874622646927
7749,0.3692602889571074
7750,0.19895881528774723
7751,0.021031712863175456
7752,0.010216904785937175
7753,0.021573413976738356
7754,0.3166147384146411
7755,0.009278914392570904
7756,0.08094706056807553
7757,0.5390169086560727
7758,0.051465266826544724
7759,0.0341674942617048
7760,0.017860843602642115
7761,0.03896810489006916
7762,0.19613844663876323
7763,0.044785534555169045
7764,0.0013389106546014987
7765,0.03363142857540434
7766,0.022340040655125806
7767,0.18196952680977113
7768,0.4377145743759256
7769,0.20077908796586788
7770,0.01694261576574739
7771,0.010657396804994194
7772,0.01678115516615758
7773,0.20094584400555876
7774,0.10276687435408201
7775,0.005681672494724131
7776,0.02445551049082058
7777,0.04356272946172794
7778,0.0066199260750647495
7779,0.8794535565316672
7780,0.018333209570445017
7781,0.009695448126796109
7782,0.01003527594028071
7783,0.056331591196964
7784,0.05517000897441001
7785,0.012935847103335372
7786,0.008622599233189832
7787,0.015030163638788532
7788,0.0030932603018875037
7789,0.008845151281521956
7790,0.4885663712725272
7791,0.012896682041732223
7792,0.025881935056109074
7793,0.015394467506481335
7794,0.005806035907152512
7795,0.06800647875696465
7796,0.152401874033453
7797,0.5023037892212514
7798,0.007651326920699585
7799,0.008975737456915937
7800,0.006718017172432173
7801,0.0016352984787190996
7802,0.0049845203727248485
7803,0.004203775733304918
7804,0.05656522961332457
7805,0.7665228506536194
7806,0.07863380163431655
7807,0.02015071055932155
7808,0.015897607126653963
7809,0.4656100853820994
7810,0.01933596585607834
7811,0.07077589485094153
7812,0.5137843092499609
7813,0.01388696726123244
7814,0.05976346289529688
7815,0.007426118304029644
7816,0.5782887076683477
7817,0.0037556460356995137
7818,0.18938622209265893
7819,0.17675425082468715
7820,0.6202610328919983
7821,0.028166274965840076
7822,0.3669746769533647
7823,0.024175038445119697
7824,0.026653926135676693
7825,0.006733027117141267
7826,0.012657901307705492
7827,0.016307672995963366
7828,0.12119329405839777
7829,0.010477731969855032
7830,0.017853202107844305
7831,0.5219123402346922
7832,0.014346261378071348
7833,0.02469464692898239
7834,0.00428619705189596
7835,0.061987831264053286
7836,0.06252839712676976
7837,0.5076147523994373
7838,0.02628125608160682
7839,0.01028323940808919
7840,0.016974034454154185
7841,0.01660180631030893
7842,0.543761483871994
7843,0.25527455695595014
7844,0.0034717821947480854
7845,0.0056008354903277465
7846,0.3744569517003942
7847,0.013925174176736803
7848,0.042398625095902476
7849,0.08084332225490903
7850,0.002156030036255871
7851,0.7392934109383278
7852,0.005081804566181004
7853,0.011825426325559007
7854,0.008685534066511824
7855,0.011497282737514922
7856,0.09437405962577183
7857,0.006929989878508571
7858,0.2667292043560668
7859,0.019386637643242756
7860,0.7272137463321128
7861,0.009652533387273787
7862,0.11303033589742559
7863,0.0061281266827001545
7864,0.033240333425211856
7865,0.002728812460001262
7866,0.06199932811437333
7867,0.014149877901475257
7868,0.03385535406970589
7869,0.09954853206003433
7870,0.0010577631771434895
7871,0.008778082300012445
7872,0.015320356393310818
7873,0.005099536254573869
7874,0.04770913213532697
7875,0.01130870457893535
7876,0.019252075474469017
7877,0.12363706254101314
7878,0.04951322471438336
7879,0.0021883530322247577
7880,0.003677496108994688
7881,0.009810741117489656
7882,0.018603982771924394
7883,0.857375813246345
7884,0.0450809588762907
7885,0.11622191963342977
7886,0.06330448849956655
7887,0.06966156829951545
7888,0.014820460142263696
7889,0.018447527207594724
7890,0.27916748774478717
7891,0.006237787550467125
7892,0.11225186342161216
7893,0.08559056600347811
7894,0.005333425467237954
7895,0.020914479733346245
7896,0.3293759953924816
7897,0.5504186403206852
7898,0.011491554631289359
7899,0.004726704760706004
7900,0.16552389531775671
7901,0.0069283122378294305
7902,0.007147779738555866
7903,0.04173026186405006
7904,0.19389055336258323
7905,0.02848742752514813
7906,0.026775835656480344
7907,0.026442265234338964
7908,0.3765961872288191
7909,0.0345890648623063
7910,0.48726946907295354
7911,0.030699262508871596
7912,0.00614215438545595
7913,0.00480544092174751
7914,0.0860323960792524
7915,0.008613513945525036
7916,0.7654012975206645
7917,0.07254590255872202
7918,0.018159708789978645
7919,0.011010838155972329
7920,0.018408339132135215
7921,0.003431165762000139
7922,0.10242908573357608
7923,0.009825694570506109
7924,0.01244238708171567
7925,0.016167135472976536
7926,0.014821735394481091
7927,0.6806413695072719
7928,0.005327393641558852
7929,0.5506597896408707
7930,0.5814973419333098
7931,0.004185196860755598
7932,0.0039605848470257955
7933,0.9003470553341686
7934,0.002701399065828286
7935,0.08100426030488525
7936,0.3197028324001019
7937,0.4932231914423064
7938,0.4328788479987249
7939,0.0352194046285686
7940,0.010978712167879165
7941,0.007658073070943931
7942,0.029649300783679472
7943,0.03451234853787107
7944,0.4384480563488777
7945,0.0027613281753362633
7946,0.001557980544744607
7947,0.07569154486613935
7948,0.9088715627344217
7949,0.004944042182667255
7950,0.038758952325319194
7951,0.00431364263417227
7952,0.01657841871737224
7953,0.7199870186513923
7954,0.01816988360459137
7955,0.0044550684678691665
7956,0.022539406966259525
7957,0.01697076340136705
7958,0.4373500890403195
7959,0.07845092813126993
7960,0.07749516195047423
7961,0.01301695640996135
7962,0.31552424166470106
7963,0.009980653075748431
7964,0.05129511605534027
7965,0.009588016313745345
7966,0.006567076169740079
7967,0.0036505075802766135
7968,0.005143365328383492
7969,0.2751593560705729
7970,0.02064661185855869
7971,0.008229194509337266
7972,0.025460002570360324
7973,0.6807298758969372
7974,0.011397041713299584
7975,0.004994865897305108
7976,0.01676912016343527
7977,0.009989216360897842
7978,0.24065525437274674
7979,0.016397125993554248
7980,0.025516878289641148
7981,0.006580790829338022
7982,0.04749913301932959
7983,0.004986565597839785
7984,0.005914699840352022
7985,0.010870624580181816
7986,0.004235273015748307
7987,0.031143720408015062
7988,0.008251088041833506
7989,0.07048413079235925
7990,0.010299798525114713
7991,0.06398606641795516
7992,0.028040097307331674
7993,0.031009821272192945
7994,0.029250308713811717
7995,0.002773142375945048
7996,0.014616828113968305
7997,0.6821260480298887
7998,0.012513543217378471
7999,0.009537793453769034
8000,0.03877792108036501
8001,0.19475915229116697
8002,0.009644460283521032
8003,0.04304530116599119
8004,0.05677938019139432
8005,0.05095307474094774
8006,0.0018737051456657514
8007,0.013989274554776051
8008,0.11272511335641174
8009,0.01371271277006494
8010,0.5319133816324227
8011,0.010089127911803686
8012,0.04935716176195287
8013,0.3290373279175324
8014,0.44277091127394413
8015,0.5327380943316686
8016,0.3597675305521395
8017,0.02465927339473314
8018,0.548525901402483
8019,0.039591933959605585
8020,0.03745216519954995
8021,0.010068619389000397
8022,0.40394863030897454
8023,0.010531425919165695
8024,0.003089180931040612
8025,0.018330983259847194
8026,0.5501453296147573
8027,0.005922187932034115
8028,0.42647667201650225
8029,0.27613130653677115
8030,0.016044327579765174
8031,0.004028400119606071
8032,0.02018818552856386
8033,0.33334131197725186
8034,0.018750749663685864
8035,0.33055060134330133
8036,0.09831258106398098
8037,0.6806264607891344
8038,0.020552703333536818
8039,0.4886515888744257
8040,0.7163112603642874
8041,0.2817521236897756
8042,0.007833189596961446
8043,0.015392057862006142
8044,0.48224222540347544
8045,0.02884539434645287
8046,0.010426890029893207
8047,0.011236293346360286
8048,0.0015596207032163446
8049,0.010482631807987421
8050,0.006472445474159236
8051,0.003184254450349054
8052,0.2097314778246926
8053,0.003227902803303753
8054,0.09192148955755201
8055,0.006402080064804034
8056,0.04309447599631265
8057,0.46718477983103696
8058,0.006634580538723747
8059,0.0037927616263741886
8060,0.0652163689561226
8061,0.435498897837343
8062,0.011472461242994064
8063,0.1523629531214101
8064,0.0036405010939143004
8065,0.004687629758741896
8066,0.021259789906951078
8067,0.023605602964803792
8068,0.0036546155415278178
8069,0.018585504598799162
8070,0.0019451266156076666
8071,0.16569515754813588
8072,0.040197559817393584
8073,0.26087241082370527
8074,0.0015202607426112148
8075,0.15027351541069306
8076,0.0114557522762885
8077,0.2116927810587852
8078,0.008499929570365283
8079,0.047524519949690806
8080,0.033813535501744464
8081,0.0028975162205403327
8082,0.002030067988964518
8083,0.040732886441059594
8084,0.00768651435281849
8085,0.009925597174845383
8086,0.00855458937737388
8087,0.38159621417396306
8088,0.1226424435341258
8089,0.013445373975398096
8090,0.10093568714795609
8091,0.9021671204603576
8092,0.05631950024291529
8093,0.588927552164156
8094,0.025330924408225357
8095,0.5125399264280921
8096,0.39853377581189026
8097,0.4504031498892772
8098,0.23781351860689687
8099,0.0088492563314753
8100,0.02041380924133689
8101,0.027319872515537143
8102,0.9456787777968372
8103,0.23287571007454677
8104,0.035872395035132607
8105,0.00506741270894812
8106,0.00820319856341186
8107,0.0033987306959604633
8108,0.2030914810704055
8109,0.027840531255868918
8110,0.06505254835296775
8111,0.017292553538264994
8112,0.1715659520186523
8113,0.014989365340512116
8114,0.004587304604784158
8115,0.12147180579703845
8116,0.010272528232563425
8117,0.09662248940168873
8118,0.02572068828615957
8119,0.006252410133826609
8120,0.05635364119286548
8121,0.015394853402618603
8122,0.2714502600695217
8123,0.005530338539315742
8124,0.011219987539942603
8125,0.19273765638109458
8126,0.00800658284268684
8127,0.34853836260621895
8128,0.5060208656157209
8129,0.09009707914996407
8130,0.563414253330954
8131,0.0027685983231600436
8132,0.0034474282520116947
8133,0.45551902651110737
8134,0.002971906568905047
8135,0.005954877076083815
8136,0.020651597577748718
8137,0.23317389123567495
8138,0.015654327287287433
8139,0.17055136422154824
8140,0.17288000534611955
8141,0.16887754092097151
8142,0.005637855315461733
8143,0.025897034258711652
8144,0.12291996431978856
8145,0.011801747527438344
8146,0.030945597197376273
8147,0.010538044036539032
8148,0.005543752856794556
8149,0.42935681440143686
8150,0.05788272788479035
8151,0.040685466745872895
8152,0.28953345178827855
8153,0.002826536329694947
8154,0.6574709398691794
8155,0.006665036978917948
8156,0.004594240498248355
8157,0.028360026527961144
8158,0.40229944327856926
8159,0.005192413679145512
8160,0.08681791299948423
8161,0.6664350662503863
8162,0.012932319872888886
8163,0.4611884104622537
8164,0.6226378282886573
8165,0.003096306649526007
8166,0.027936186756130334
8167,0.0016690792451863757
8168,0.028837052645706462
8169,0.030318854700461362
8170,0.42723612083536033
8171,0.005854644748726776
8172,0.26900073895494886
8173,0.002290492320843394
8174,0.058340032130903295
8175,0.028128592486230144
8176,0.154659935442005
8177,0.04787822612958123
8178,0.003846668790096244
8179,0.17374299658800155
8180,0.128713660407413
8181,0.01570400236338876
8182,0.012191404031896834
8183,0.9166839710415892
8184,0.011532804289211874
8185,0.05278775287248484
8186,0.009011457754330227
8187,0.3057345541879672
8188,0.8761212951804443
8189,0.018628484993998568
8190,0.08696919505471315
8191,0.005146938529341803
8192,0.30250783663933095
8193,0.48419596498188616
8194,0.028289847989422988
8195,0.8685505830380535
8196,0.03294229491816023
8197,0.026204998521321094
8198,0.22125652681118185
8199,0.3098716364034731
8200,0.0534817625138021
8201,0.029526759935230587
8202,0.012766529721725053
8203,0.015277260987322551
8204,0.6977387541617885
8205,0.471189614791459
8206,0.011110335048984883
8207,0.004005014106692007
8208,0.010150731988783676
8209,0.01785970414838161
8210,0.02156823763298253
8211,0.2762804278239513
8212,0.05933005642654103
8213,0.052934008643529186
8214,0.1591370962517511
8215,0.0017997949608903236
8216,0.01356160474425116
8217,0.3715764173382925
8218,0.0067158254318154245
8219,0.00274402359362158
8220,0.1263403389811823
8221,0.025850084863545855
8222,0.005982799668529442
8223,0.4700917991704843
8224,0.19621460271670782
8225,0.014379719764488484
8226,0.4990890938295716
8227,0.13555083101520563
8228,0.0567313477453189
8229,0.09463418041852006
8230,0.045732661560776426
8231,0.0070529528224409395
8232,0.2893398206615991
8233,0.1268958186859041
8234,0.06744429135832142
8235,0.006257286775597437
8236,0.007485824494266196
8237,0.03536958686973033
8238,0.23115651725442726
8239,0.020305720113264668
8240,0.00943987047791433
8241,0.016899987632247683
8242,0.004205170282829593
8243,0.1385677335931542
8244,0.009528005527126139
8245,0.011499819173322651
8246,0.5221756791695576
8247,0.35349740164082977
8248,0.0068801136227366055
8249,0.013433297723613825
8250,0.2449860487698524
8251,0.4050730985350934
8252,0.314946717892956
8253,0.004758039929711069
8254,0.013178380224676569
8255,0.312892689976442
8256,0.062054759896883145
8257,0.009973629463033044
8258,0.8182893599564899
8259,0.024950456695584083
8260,0.047236184025592924
8261,0.008328423429373205
8262,0.8725361022556628
8263,0.019567440055559365
8264,0.02187777256451825
8265,0.04991732979066247
8266,0.019381810124425664
8267,0.006724138382004118
8268,0.055555556485908916
8269,0.06210030783780157
8270,0.07081343112890229
8271,0.016307055641714408
8272,0.5713891256220471
8273,0.00495281548814584
8274,0.1574307014720831
8275,0.017508510233173166
8276,0.004016742044591331
8277,0.013090772226711941
8278,0.004216997926829206
8279,0.04087438542039494
8280,0.004286859266351203
8281,0.10511932832791976
8282,0.31888887998376975
8283,0.241910281656729
8284,0.002995706416008795
8285,0.010417829379590746
8286,0.004860320619974519
8287,0.024833250271617834
8288,0.019534582519996062
8289,0.03297239077150818
8290,0.005727228965732147
8291,0.004726737039292029
8292,0.002581079327377551
8293,0.2602989395665669
8294,0.9664866799707329
8295,0.010220483422280435
8296,0.7701237368167475
8297,0.6730501841391843
8298,0.4270361406656156
8299,0.05965306702675459
8300,0.0026155493611050126
8301,0.012053184785681815
8302,0.04681179317581456
8303,0.0027773491496344855
8304,0.006179458770597296
8305,0.001497892877723065
8306,0.01140542304786385
8307,0.014364744664681467
8308,0.002407385722195444
8309,0.31460703216117786
8310,0.06349112007153435
8311,0.25191202454719586
8312,0.5590615493797022
8313,0.004239387765890813
8314,0.022710740458772423
8315,0.010549695263375089
8316,0.015231027450321533
8317,0.044047016633263276
8318,0.3665128972089177
8319,0.0056260624188528615
8320,0.0022194426197905287
8321,0.012058079660232524
8322,0.056221505604215155
8323,0.005587803522322347
8324,0.0014831929635335658
8325,0.005820175989103538
8326,0.003746328874696621
8327,0.4201382032859504
8328,0.025079862442008577
8329,0.040531906399465654
8330,0.010035842703702787
8331,0.4011139730611583
8332,0.003909549959074831
8333,0.9566810433823096
8334,0.020794249875728636
8335,0.010496525676419155
8336,0.026486495704216927
8337,0.042635333940448605
8338,0.007148964173288533
8339,0.02015774388388336
8340,0.040295091059236135
8341,0.013071447452017966
8342,0.02558395468311917
8343,0.004388960104248645
8344,0.020933605196517012
8345,0.5378441074141829
8346,0.011466621038647368
8347,0.009777448895157513
8348,0.10717639218653648
8349,0.002090998060784151
8350,0.010164825950837045
8351,0.0035473880625354532
8352,0.020471126451375686
8353,0.5861589216267413
8354,0.015038255414044747
8355,0.12978019711135858
8356,0.007235375381404322
8357,0.005660236406344461
8358,0.013465758121974727
8359,0.016836536217695094
8360,0.016749798451312324
8361,0.011910460194104942
8362,0.02263981501171989
8363,0.050093950533931474
8364,0.006106901030626508
8365,0.2997856270080694
8366,0.1373373200370966
8367,0.009154426994269826
8368,0.01832659622821243
8369,0.5606254402427705
8370,0.020588098886098572
8371,0.07495042968798855
8372,0.6242511475057364
8373,0.006147929184253278
8374,0.0032609598217418407
8375,0.49237337015882116
8376,0.006420113872911895
8377,0.7924079276916093
8378,0.08504889365680866
8379,0.15169988710758323
8380,0.31396091001846255
8381,0.002031491759647358
8382,0.01590037971801247
8383,0.008467005276954544
8384,0.0021716788163127078
8385,0.05470284029769102
8386,0.014190275988657047
8387,0.019979587482632143
8388,0.025118315319853146
8389,0.6047901836356793
8390,0.015758795006264745
8391,0.004185107353091541
8392,0.02446405718346399
8393,0.08909100663587899
8394,0.4145802609115928
8395,0.03696225725113026
8396,0.20381488927802405
8397,0.008736582970853982
8398,0.8445388219084498
8399,0.3397405411352396
8400,0.01246525924397176
8401,0.0055951741788163
8402,0.030967168370942818
8403,0.0047443577356667275
8404,0.017479968476560217
8405,0.014175584047738603
8406,0.03729961524697841
8407,0.07422962970612357
8408,0.2062940760290101
8409,0.0032863397422828932
8410,0.007722975074202537
8411,0.0033091048396548203
8412,0.09021758708048334
8413,0.022900796646002874
8414,0.04114757759188855
8415,0.0474957854970622
8416,0.9486122545675705
8417,0.00859247835526963
8418,0.0015044952927029316
8419,0.05788744721186268
8420,0.05108048267973236
8421,0.015070865131102696
8422,0.021304255421378662
8423,0.011305329213351313
8424,0.006645731105768436
8425,0.16059773758435
8426,0.017277381280641
8427,0.005312770885058873
8428,0.012959026820828959
8429,0.915822712339338
8430,0.008814157584041846
8431,0.09192222113379125
8432,0.0437454273213639
8433,0.022119213001182372
8434,0.027651349234720023
8435,0.2160872703964107
8436,0.0244915756233359
8437,0.025009487183164498
8438,0.6911010333706867
8439,0.5214964275214897
8440,0.056979921838440556
8441,0.033909609395400976
8442,0.005835535040953921
8443,0.2149971527180042
8444,0.5551320257344708
8445,0.6730822874235529
8446,0.40917732769471965
8447,0.005341605129059651
8448,0.00951222337390913
8449,0.07432117143795608
8450,0.48098525597639724
8451,0.003249588122338775
8452,0.05438686672988003
8453,0.01105526553047365
8454,0.09353084484603286
8455,0.6342576703920138
8456,0.43562267230861407
8457,0.004148322788844157
8458,0.019920568582593008
8459,0.019016105196216243
8460,0.01874844824569256
8461,0.08074811797338864
8462,0.08131719358574427
8463,0.056762364634533956
8464,0.019984646427557026
8465,0.24725734307143152
8466,0.006542577861872051
8467,0.0072049810858784355
8468,0.01564375757892945
8469,0.02421940821909451
8470,0.011771602674816731
8471,0.3823925854460811
8472,0.08294847001585344
8473,0.011285388390989047
8474,0.05999107667527953
8475,0.00782235912800958
8476,0.009992007992937495
8477,0.8828947460871095
8478,0.09733330827659037
8479,0.0052248056528860325
8480,0.01365584832060744
8481,0.00448607575208307
8482,0.010712930581345379
8483,0.008682998066680884
8484,0.026507239470236314
8485,0.009024990894381224
8486,0.028294235369508404
8487,0.009434757219351208
8488,0.07419249680040467
8489,0.7714517447590488
8490,0.002341215059784559
8491,0.2952442759037821
8492,0.9544557080883038
8493,0.0028369933334607376
8494,0.004922512967172151
8495,0.1042577155204036
8496,0.0024017783240468183
8497,0.654688933233034
8498,0.009416008261806968
8499,0.004003228242138126
8500,0.005244120255595719
8501,0.04838797553655214
8502,0.030852127356822127
8503,0.07179930541202166
8504,0.008116283481554992
8505,0.46480657663594394
8506,0.09929410671364497
8507,0.056018667070742434
8508,0.003035702238561414
8509,0.00932523080725539
8510,0.08608922850961175
8511,0.013235416060897991
8512,0.31424452152923016
8513,0.004328248122991803
8514,0.005768186176518381
8515,0.8339617976815837
8516,0.036516816041916395
8517,0.007070917094178515
8518,0.003158922387223814
8519,0.2008721800009823
8520,0.03590365650018957
8521,0.2539561916138873
8522,0.14941910397760835
8523,0.8352967319322813
8524,0.014077148252683483
8525,0.5522399998268084
8526,0.024192908782229204
8527,0.001446528537207568
8528,0.002810152997076384
8529,0.009179710786632666
8530,0.9096978282494805
8531,0.7455198598296732
8532,0.011269400360145619
8533,0.003282054966794753
8534,0.019864323000828778
8535,0.6708089620939569
8536,0.004827644326087765
8537,0.0027580883517703413
8538,0.07544254382656138
8539,0.576505761588224
8540,0.03351111392437333
8541,0.012926004395556497
8542,0.060993864944942
8543,0.12899876055599563
8544,0.023868013368509786
8545,0.0051013951271568405
8546,0.0045730767702794484
8547,0.01472729445525577
8548,0.009901854005076429
8549,0.2537524047595531
8550,0.0047794007384558265
8551,0.005461237379609545
8552,0.007372810388998234
8553,0.003553679891485257
8554,0.0034408635279690914
8555,0.004468396914049453
8556,0.006890492072381589
8557,0.010354292284298124
8558,0.01904407508791369
8559,0.4677640451908572
8560,0.6347740409779787
8561,0.011477094572195524
8562,0.04402945093337295
8563,0.08066464003062707
8564,0.09208398423776785
8565,0.5342517035273586
8566,0.8686408479114677
8567,0.13548954750293035
8568,0.43505494444829035
8569,0.0036143557839877355
8570,0.012917579976884567
8571,0.010222713942787556
8572,0.006561746275274844
8573,0.008510898923454314
8574,0.05380767743932004
8575,0.003889812195065167
8576,0.07694201181597289
8577,0.013181786949589078
8578,0.005815513083751713
8579,0.007195215403580958
8580,0.007610792829405818
8581,0.0353346158831074
8582,0.00664564166754147
8583,0.0035673292161059814
8584,0.016113271458943507
8585,0.016578930703467398
8586,0.003059516770960097
8587,0.006386018398856143
8588,0.017974653901386823
8589,0.017153427444227518
8590,0.003777241907904509
8591,0.043310147072627446
8592,0.030058854363495525
8593,0.09384830666262339
8594,0.011218617521929989
8595,0.004572435592209338
8596,0.7173515084723542
8597,0.03227492557072527
8598,0.003862104293492072
8599,0.6653706411763415
8600,0.021589347538130355
8601,0.022921125261503528
8602,0.12500147953804933
8603,0.006235049234220105
8604,0.0034515735133626504
8605,0.013129981070599468
8606,0.11754142974387191
8607,0.007545063042812516
8608,0.005513765407462627
8609,0.43187809707202585
8610,0.48246152892444505
8611,0.005401121206700792
8612,0.41948569836677085
8613,0.14506485673469258
8614,0.0148744914058592
8615,0.08330358665457084
8616,0.036053963480286395
8617,0.0042600334676578195
8618,0.03514180401841796
8619,0.006536496962938573
8620,0.05642585487416358
8621,0.020139115905588863
8622,0.09933937669786128
8623,0.025998707295399923
8624,0.033471454603540535
8625,0.01605154741320109
8626,0.004309171352574639
8627,0.019630502532056684
8628,0.006317229983983201
8629,0.5012890584895234
8630,0.06455937792585871
8631,0.008149516261450239
8632,0.07190833374245356
8633,0.006254750195775003
8634,0.26542541835835975
8635,0.02935045743964965
8636,0.028201987286977353
8637,0.0032696131341806603
8638,0.006458224693133591
8639,0.04607186259690484
8640,0.005554119528943484
8641,0.01060350919757942
8642,0.0207338172280921
8643,0.01072583749921348
8644,0.05576208339923375
8645,0.01417677646195416
8646,0.06738037997268415
8647,0.04333476769641072
8648,0.009618893639710493
8649,0.0017301187388503079
8650,0.03273018558730796
8651,0.49543109693789333
8652,0.3637464751856772
8653,0.06920993600672974
8654,0.028377151175001974
8655,0.008040412764640684
8656,0.0162017754953083
8657,0.025732703520381168
8658,0.008342677642138878
8659,0.10402962649530083
8660,0.002583246952491509
8661,0.010390225198662994
8662,0.10605179610232951
8663,0.08058144133108637
8664,0.011235872722815001
8665,0.0014099638984771767
8666,0.28430392665131365
8667,0.21889027018546225
8668,0.004029861149213374
8669,0.7436676114127203
8670,0.05566751007264849
8671,0.0191045337146398
8672,0.005758495005811072
8673,0.003043853110090919
8674,0.00723185940793857
8675,0.7578430787361137
8676,0.3675931612707931
8677,0.003438963178514436
8678,0.007124745652244248
8679,0.005943561348687464
8680,0.10592281771128537
8681,0.3460370847286899
8682,0.0049889680550268874
8683,0.5045906328956243
8684,0.02877836825317766
8685,0.37338520370273276
8686,0.5435284227699677
8687,0.019347764624501378
8688,0.1985244166231236
8689,0.016607377173628937
8690,0.004758345756602012
8691,0.012229903202717806
8692,0.18078723518008885
8693,0.5061557999882655
8694,0.8299647994555307
8695,0.4363542834543844
8696,0.25521241624083096
8697,0.00761770907287701
8698,0.03996275081599447
8699,0.8798493274297466
8700,0.006947817129679693
8701,0.005407803535499534
8702,0.023512912437609765
8703,0.040912688483956114
8704,0.019454154687201256
8705,0.00956313167638871
8706,0.0036578941643024654
8707,0.08692753599447237
8708,0.008407937517657248
8709,0.01686634368806899
8710,0.5963229198932704
8711,0.09508057818498086
8712,0.006476471978724098
8713,0.25320064028143685
8714,0.16756128425132874
8715,0.022358172826654563
8716,0.1151362168270285
8717,0.0503842499317975
8718,0.029620358554848483
8719,0.03363472815689121
8720,0.0084792161548419
8721,0.047267339393238246
8722,0.015085493470510062
8723,0.00539876170512754
8724,0.005064809349410227
8725,0.03496221093093291
8726,0.014264919503179313
8727,0.007981010989494393
8728,0.08420707298376093
8729,0.035457176452288894
8730,0.02716378253178127
8731,0.03556964277749966
8732,0.5268698869726979
8733,0.035403115424915976
8734,0.010759109909949728
8735,0.031790482562447805
8736,0.2042433298706312
8737,0.002662613391985421
8738,0.00785912696629247
8739,0.005463392884729946
8740,0.0015988748767874264
8741,0.010494945126011275
8742,0.08519363725591363
8743,0.1787481663328478
8744,0.002650212779899315
8745,0.00530511967565536
8746,0.1511190005963296
8747,0.003987685491093296
8748,0.8927769828672923
8749,0.2256884909709511
8750,0.0098215119072305
8751,0.005879006153419741
8752,0.010639694042165481
8753,0.016369529184222766
8754,0.13955602970516917
8755,0.04223077289002482
8756,0.008934104762244648
8757,0.08728115725392024
8758,0.014718454765333448
8759,0.013446582840442773
8760,0.0069219676596683904
8761,0.005516845476373563
8762,0.00954675000023632
8763,0.0033965475608027625
8764,0.0043308859945184585
8765,0.009684380773204883
8766,0.009288154194156194
8767,0.0062609029340444065
8768,0.004920183287423454
8769,0.0014015604521385886
8770,0.008859270102879787
8771,0.01709518638900598
8772,0.0027422271466850463
8773,0.003653383770095617
8774,0.01575516958414059
8775,0.06805652737351656
8776,0.349570346401078
8777,0.018244972788085838
8778,0.42031031028417787
8779,0.008850268303983016
8780,0.004911776591368246
8781,0.029271997496522057
8782,0.8024386393699857
8783,0.002034258278952014
8784,0.059074165900568826
8785,0.024354494213014635
8786,0.2136350254238077
8787,0.06730487294758994
8788,0.06063897964327288
8789,0.04527046831163963
8790,0.09722963637805737
8791,0.025462229080531282
8792,0.011616040059024951
8793,0.006065783349993925
8794,0.48017954421108716
8795,0.006995740376180827
8796,0.008673337112283372
8797,0.007999361503599063
8798,0.0429444103470533
8799,0.08241907234773975
8800,0.5251871681894039
8801,0.007423603958310652
8802,0.011463832515346963
8803,0.004687688408725662
8804,0.01418181111407437
8805,0.004332732833119214
8806,0.03849863663184567
8807,0.02455776966197628
8808,0.11897515508470995
8809,0.9492926448535112
8810,0.006861354383885526
8811,0.06011720383151999
8812,0.08100342288390752
8813,0.029657006926210625
8814,0.025914299194527722
8815,0.041271850283775724
8816,0.4971619909431398
8817,0.025517877872400292
8818,0.0025276473134698417
8819,0.005600220418370989
8820,0.007074172397456242
8821,0.026585449645713684
8822,0.006668097462194248
8823,0.007707626567764079
8824,0.017340776239797913
8825,0.012034701689131944
8826,0.004391074433121876
8827,0.014778904995794968
8828,0.025416044578522354
8829,0.017566921270856323
8830,0.12777339567108356
8831,0.0017520691791426356
8832,0.0026112166443400995
8833,0.01279641556120766
8834,0.0690901421260987
8835,0.01233423587182212
8836,0.01547032595267428
8837,0.00823125193151057
8838,0.3274316950557863
8839,0.0839272747983622
8840,0.06479133375027803
8841,0.12814472939828103
8842,0.014237767157354636
8843,0.02280467772877336
8844,0.011966435260678867
8845,0.007459262783343935
8846,0.701140203267553
8847,0.012618166731851023
8848,0.8053827794208327
8849,0.02802111373079068
8850,0.06478741560436056
8851,0.43938027862593115
8852,0.015422351097001784
8853,0.1243961643643262
8854,0.025782117678049336
8855,0.028747794375531193
8856,0.009939771794068391
8857,0.015258849448240354
8858,0.02581777977171957
8859,0.010969246958957566
8860,0.6037620195906906
8861,0.005721825693012574
8862,0.009314292202878141
8863,0.0019193596470618293
8864,0.013423011476975865
8865,0.012165897147066762
8866,0.006047587608427845
8867,0.013545290347599897
8868,0.0021432083520467205
8869,0.012181177343093815
8870,0.42463180897263997
8871,0.021586516280667215
8872,0.004209130011875519
8873,0.0017153779156362128
8874,0.9348397224425794
8875,0.2446319601813471
8876,0.008457076293626296
8877,0.027566450167720875
8878,0.00130046730167126
8879,0.1181834686833721
8880,0.006891051484149532
8881,0.10587687175280164
8882,0.07675469500976051
8883,0.06609882242091251
8884,0.0063435976504116354
8885,0.37464923859945276
8886,0.009068464925435532
8887,0.005685883610834684
8888,0.11216205245240246
8889,0.0031451636315570864
8890,0.003992228428342536
8891,0.46382232211739244
8892,0.028132612143613064
8893,0.009393404686998185
8894,0.08867774398220886
8895,0.027763311451731214
8896,0.01752006829692172
8897,0.03168285892586627
8898,0.030029383801704595
8899,0.024221744183319197
8900,0.003069878616311677
8901,0.07856542407300879
8902,0.005327512615416332
8903,0.04834266712219151
8904,0.8125371077579174
8905,0.031957001621075586
8906,0.03280747254857973
8907,0.27877891250546555
8908,0.007657833363049658
8909,0.02939760748738828
8910,0.1118477313395512
8911,0.03619673730341508
8912,0.021072038548483146
8913,0.032232299184683316
8914,0.18064052013354012
8915,0.028291057714313096
8916,0.0037343888677318204
8917,0.006183874224880061
8918,0.011730715465376117
8919,0.21308058695203277
8920,0.03100435195163909
8921,0.036249613027653206
8922,0.6498005693227985
8923,0.017293035784598867
8924,0.09598035625064069
8925,0.07101602048635683
8926,0.5872059414144752
8927,0.10310861234814969
8928,0.09509398053667471
8929,0.006064637997198905
8930,0.01932465653815147
8931,0.002525010350960109
8932,0.012879114898301744
8933,0.018398295028629812
8934,0.002794925183220798
8935,0.08482403913535397
8936,0.010357629800430741
8937,0.002196302862042933
8938,0.4352392185038673
8939,0.009713891243040899
8940,0.02649498006911698
8941,0.24613413671271503
8942,0.024271742235735007
8943,0.03375783431827489
8944,0.7669229068144627
8945,0.00887800669569876
8946,0.010014510777798441
8947,0.03174339405200416
8948,0.4036270467586313
8949,0.019467370206846177
8950,0.006285477984485529
8951,0.009128858775895149
8952,0.01000407730376146
8953,0.37203326163147843
8954,0.0072415272237897205
8955,0.6047728947692904
8956,0.019648847401067777
8957,0.23983983095037867
8958,0.004929643990988581
8959,0.09273662085792637
8960,0.11916421369255875
8961,0.44988501741044373
8962,0.015287631158275498
8963,0.0808874619425749
8964,0.008025965303140667
8965,0.18410297631733177
8966,0.006919215812110634
8967,0.03935759551686058
8968,0.9356516080939299
8969,0.043332786955748694
8970,0.010091058588814482
8971,0.021384881095661844
8972,0.02850715777426604
8973,0.6283783440079149
8974,0.6513781375061725
8975,0.016265284650933836
8976,0.43280399483731896
8977,0.007364717653515814
8978,0.04719026650988189
8979,0.007800694604713459
8980,0.2979469219656574
8981,0.003324778334996753
8982,0.012544628162326687
8983,0.001514590472070855
8984,0.01340388579736208
8985,0.043457406572879324
8986,0.006207113820554648
8987,0.42446356989134737
8988,0.011634704267824661
8989,0.16283622176932544
8990,0.003004372159498067
8991,0.0018349710457173148
8992,0.10681619374917702
8993,0.006946301822306027
8994,0.03305435666345605
8995,0.011493602406456284
8996,0.0036514823757542703
8997,0.009451505308876439
8998,0.026289448028736753
8999,0.581860497587308
9000,0.03872522515308819
9001,0.8345680312981286
9002,0.06008437873798046
9003,0.017267847140776754
9004,0.0012926648155067804
9005,0.1285758113566674
9006,0.02709771868662057
9007,0.08592157157522747
9008,0.04387600454212981
9009,0.015920994534385467
9010,0.0028289872206909063
9011,0.009270787875787247
9012,0.26240084915462525
9013,0.23071026424582095
9014,0.0186443694335743
9015,0.004782930423016536
9016,0.006536628917525353
9017,0.2445910393236077
9018,0.019951270257710763
9019,0.012982166035672916
9020,0.02063035327958841
9021,0.032945223018594365
9022,0.08328475656326924
9023,0.013174330982974268
9024,0.008351482288798128
9025,0.014185997005838401
9026,0.08889775816035904
9027,0.015040106827925774
9028,0.36105199807067584
9029,0.055185864104561104
9030,0.007024915112193756
9031,0.03359503142204227
9032,0.06062242375530416
9033,0.011557087757164219
9034,0.00199100033902652
9035,0.013825934639229617
9036,0.009207153738418104
9037,0.02119331144766728
9038,0.7707932363410911
9039,0.0454500522211185
9040,0.011693845456807317
9041,0.01124482110804209
9042,0.3475650363107089
9043,0.004451975908860835
9044,0.0069618180982632975
9045,0.00194849673473707
9046,0.02669955380216865
9047,0.005117653747280677
9048,0.043780050626641545
9049,0.030615061099829814
9050,0.0206943971082212
9051,0.01838818257541488
9052,0.03534506642983315
9053,0.015285347018258734
9054,0.003536987982723968
9055,0.028131630852073652
9056,0.019309197733708462
9057,0.09766087964034884
9058,0.047998573962501755
9059,0.09017677542604677
9060,0.0026306812555032637
9061,0.08021763063658718
9062,0.02845072268656406
9063,0.010913286780193748
9064,0.01141433900755777
9065,0.40470907267844025
9066,0.012264294549706161
9067,0.2119685589099445
9068,0.028079106287208232
9069,0.0294196822545644
9070,0.5212752523747485
9071,0.06329958524645873
9072,0.022753337303366636
9073,0.01222676527367489
9074,0.005689310347957877
9075,0.014671532766904704
9076,0.004881045501891505
9077,0.020923745931077136
9078,0.026852372340072414
9079,0.013946015792820987
9080,0.010656935086232585
9081,0.029498324996027222
9082,0.019144309501948082
9083,0.02343776844734004
9084,0.08539340143853011
9085,0.008459164991389293
9086,0.8509328146335902
9087,0.45514875166313873
9088,0.004670191236153754
9089,0.016758989338971596
9090,0.015625578678579756
9091,0.014057785710023552
9092,0.007041180524527352
9093,0.062493871888613196
9094,0.013034224076277431
9095,0.006106174575789853
9096,0.010321376156723853
9097,0.2974281111417185
9098,0.4443698078816122
9099,0.018577527537032883
9100,0.028673163276425714
9101,0.2553319978407062
9102,0.006481241148845108
9103,0.003693692913755298
9104,0.04669109073030309
9105,0.003885951804608912
9106,0.011674322259166486
9107,0.27019366905986664
9108,0.3233306509750774
9109,0.004665607258386123
9110,0.034840512292468824
9111,0.00957736705394851
9112,0.008761796585149143
9113,0.15719128007445538
9114,0.014915766087631508
9115,0.01343469410312998
9116,0.13671414220715536
9117,0.0022515603319513138
9118,0.007578451795276904
9119,0.004595654010000743
9120,0.029314661787827496
9121,0.01332411017479418
9122,0.07289509762110886
9123,0.03504896062763295
9124,0.5322240336109805
9125,0.2055379046068542
9126,0.0018109359164709138
9127,0.008177792024315029
9128,0.0043719961366065225
9129,0.3835330768448523
9130,0.4526459524923303
9131,0.17527618092598146
9132,0.08056082739830356
9133,0.001983606985436352
9134,0.053994657053083414
9135,0.17615515267768259
9136,0.07016082211708995
9137,0.015114735214504252
9138,0.004557641279218042
9139,0.008326131055138651
9140,0.022521598513780175
9141,0.6889296838450888
9142,0.050658012502582485
9143,0.0010954155605198035
9144,0.03674888450590067
9145,0.008074676918000998
9146,0.49483183817848525
9147,0.004359250763128857
9148,0.06735159264293217
9149,0.14764148379645423
9150,0.032622455820706116
9151,0.007336420359135644
9152,0.04583826438367919
9153,0.12007457270110536
9154,0.015007182750237456
9155,0.07635813880719915
9156,0.004642655048327361
9157,0.027666473871121804
9158,0.009003752013859967
9159,0.002548524850289424
9160,0.12476510303040807
9161,0.5678848378508109
9162,0.12395982142062466
9163,0.04433130579609842
9164,0.025554140527713796
9165,0.29860857123923423
9166,0.008342677642138878
9167,0.011409891553717872
9168,0.003150662013102852
9169,0.008998181850097129
9170,0.11640781724247547
9171,0.07042446438997885
9172,0.1858956777045596
9173,0.3806245382017424
9174,0.004499698879733793
9175,0.12447980227077536
9176,0.01181423333915528
9177,0.02007089652522365
9178,0.053929274812377234
9179,0.9202424209711589
9180,0.08065734408702739
9181,0.10902044599462282
9182,0.007557402354680085
9183,0.0014384681004326427
9184,0.053413172676524956
9185,0.06833803345049955
9186,0.020494597563112605
9187,0.15576797560821878
9188,0.028959841583382197
9189,0.01741190729577549
9190,0.08663518044935213
9191,0.2833238886322263
9192,0.773375751711419
9193,0.954026525627617
9194,0.013221900512466758
9195,0.3822584681686518
9196,0.3462407639556196
9197,0.022737397468311105
9198,0.909786427862779
9199,0.026249137867555103
9200,0.10769727413446584
9201,0.002371993888438919
9202,0.004041637264480495
9203,0.6290790027063727
9204,0.049894884033850506
9205,0.03677820202599058
9206,0.25415282554601004
9207,0.017941002602559673
9208,0.028726016229956058
9209,0.0078497885005337
9210,0.4488603844950774
9211,0.02915881934212162
9212,0.25397837103328175
9213,0.006571293970057657
9214,0.01811512042999757
9215,0.3886482371704731
9216,0.0022513457355410526
9217,0.015315675421336005
9218,0.7751850734651167
9219,0.025218073612695853
9220,0.019180554876978242
9221,0.016042431786175298
9222,0.5941047329664769
9223,0.07377805349230175
9224,0.010911424934814567
9225,0.022410822610862118
9226,0.002418582911707083
9227,0.14442453297782593
9228,0.5930204263809401
9229,0.1286368829159
9230,0.16589718230763845
9231,0.3681527714712939
9232,0.01527309325112746
9233,0.0033061224487469453
9234,0.34693184208855093
9235,0.006611924127956563
9236,0.03758299914219913
9237,0.3565258311889604
9238,0.004391598344703148
9239,0.010146287848766972
9240,0.015886586573971174
9241,0.05785110116090598
9242,0.03416009051263183
9243,0.2150513041258143
9244,0.0971618600449792
9245,0.025107587554079394
9246,0.7126221838445703
9247,0.019006062255470583
9248,0.0037693347797543063
9249,0.39081390295883506
9250,0.0636977137290742
9251,0.006401569104117661
9252,0.10374927422070587
9253,0.011116140701046506
9254,0.006726982075742819
9255,0.015852130562366985
9256,0.016790875861101322
9257,0.012057135833420454
9258,0.391567993850074
9259,0.013917004238980821
9260,0.02764981349285953
9261,0.7625707716240456
9262,0.004419099897313799
9263,0.07217026219047681
9264,0.004343981970765697
9265,0.011024520561139848
9266,0.006310335055319677
9267,0.6577671060462992
9268,0.54158680587137
9269,0.0030681367046545313
9270,0.004268000597389504
9271,0.008020637479833516
9272,0.012929334647233994
9273,0.288093786290174
9274,0.5460082442908474
9275,0.004974533802974098
9276,0.006663368152139002
9277,0.1563754084218651
9278,0.020851153702218506
9279,0.012148626488455156
9280,0.001620943323452212
9281,0.1960141411902259
9282,0.04414450787485877
9283,0.5553362110505035
9284,0.008483893678405397
9285,0.007714140315674822
9286,0.0050438848526581795
9287,0.02813937900211211
9288,0.015254102515987633
9289,0.14992029198003975
9290,0.010513536564033296
9291,0.01073425205016069
9292,0.20458465831955103
9293,0.12356554052831793
9294,0.021956339991861126
9295,0.033621364549605716
9296,0.01874925006876326
9297,0.028079963031438327
9298,0.018765105369071423
9299,0.00600713076542994
9300,0.039146865645230414
9301,0.05589783899073042
9302,0.04801184070669198
9303,0.012364438486168179
9304,0.01482223619030911
9305,0.0016924296302728212
9306,0.04142051103192856
9307,0.007952803477900719
9308,0.061331946854436256
9309,0.032248755380663754
9310,0.010882136503285688
9311,0.007739549073897959
9312,0.14944336164778557
9313,0.025059828269898013
9314,0.016504143142859414
9315,0.006489826563728288
9316,0.735407051102123
9317,0.024287549150678343
9318,0.006048550946769726
9319,0.008942429088195973
9320,0.007473212437984546
9321,0.00864900620720378
9322,0.00469879996278398
9323,0.7511281473163687
9324,0.19922209941545604
9325,0.018101366350100727
9326,0.49622571848603153
9327,0.007724193306345749
9328,0.7986407822378204
9329,0.007109336756232488
9330,0.015042360469942883
9331,0.19572791427638095
9332,0.008157650375667048
9333,0.009886396516875135
9334,0.07210906175408112
9335,0.009634606846913599
9336,0.024797159665042385
9337,0.0085343249184522
9338,0.05019392247162728
9339,0.6704407618696112
9340,0.0023646972864001057
9341,0.004853628036402646
9342,0.48197014797836213
9343,0.04951688201380552
9344,0.4134492206370876
9345,0.02404356953056123
9346,0.011931539187873754
9347,0.007826420425370994
9348,0.19202866571010738
9349,0.005103690680339635
9350,0.04815059198373364
9351,0.020386446520762734
9352,0.002323590281754062
9353,0.01461723279484269
9354,0.044550737322286885
9355,0.01290947093182303
9356,0.009538012895831536
9357,0.1460980190731047
9358,0.009629243861026041
9359,0.010172509962820412
9360,0.16685607988838472
9361,0.014534161144731972
9362,0.002950526905612435
9363,0.05223276687296916
9364,0.015915919026509125
9365,0.2113248096772853
9366,0.07141823638711361
9367,0.7821224695280339
9368,0.006518914017851277
9369,0.004339189779404088
9370,0.06098241804732721
9371,0.03073426092988006
9372,0.19199987565293958
9373,0.07284131463445788
9374,0.003562111860083241
9375,0.07478846097985611
9376,0.04801184070669198
9377,0.005721344840742089
9378,0.7569912627863883
9379,0.6128410443497327
9380,0.0197588148341504
9381,0.008203492070259092
9382,0.13760540930473372
9383,0.004091045602092318
9384,0.20914019070949746
9385,0.05411292819181516
9386,0.015536313264377911
9387,0.02057542751812688
9388,0.5653136313689843
9389,0.4010158327250474
9390,0.015356284203834933
9391,0.2683698585054711
9392,0.003082883511959824
9393,0.5266894816509513
9394,0.0058864043756748615
9395,0.6017906764196878
9396,0.02670167027769109
9397,0.05777515217582433
9398,0.004141317421287018
9399,0.007636001538620007
9400,0.0421222619420112
9401,0.2588904881059004
9402,0.09157917230263993
9403,0.01338965435097624
9404,0.01581567263462623
9405,0.47887584773973224
9406,0.941352762339617
9407,0.0028186680263721352
9408,0.12040266148370529
9409,0.00806913277387587
9410,0.033122412962691146
9411,0.021656475013503654
9412,0.010602452317643308
9413,0.012677971950894575
9414,0.035335432289495934
9415,0.035807032895328286
9416,0.01541291931403798
9417,0.004731088956670647
9418,0.01679736409861752
9419,0.013884815158084237
9420,0.1968486424811636
9421,0.007033746714903711
9422,0.5114241664652307
9423,0.2226676463562366
9424,0.15875003083792816
9425,0.029142478745200172
9426,0.0029089213528838247
9427,0.35514398974570005
9428,0.07004111439942136
9429,0.028086336731352406
9430,0.0034479808043690577
9431,0.6899324850798442
9432,0.6820680167436042
9433,0.4742142959833606
9434,0.0070795357396426966
9435,0.4486115828480093
9436,0.8442543853389703
9437,0.021238647032069513
9438,0.04718657413318825
9439,0.04531491515698558
9440,0.14278497980627983
9441,0.0017362372558240174
9442,0.7431012781100947
9443,0.5028178334801148
9444,0.00699635878760757
9445,0.024049114369507525
9446,0.03599394142487269
9447,0.062228317804725694
9448,0.05068802582934102
9449,0.4917672641369904
9450,0.07713005972904195
9451,0.24466898375734872
9452,0.002230452352817558
9453,0.15061173389080612
9454,0.3960159724954398
9455,0.008734205215230016
9456,0.022386850130041644
9457,0.04216252629579196
9458,0.0029961034017427653
9459,0.020940693483170833
9460,0.012399993126864545
9461,0.003072957821436659
9462,0.38139753720449776
9463,0.01275932520535684
9464,0.00821901532384113
9465,0.1321256494062695
9466,0.03234058337929908
9467,0.0019385469012016523
9468,0.008658005345797179
9469,0.012226998342661418
9470,0.05956869642498408
9471,0.1506573321609325
9472,0.001333785265803077
9473,0.010651827238918787
9474,0.4909682530669972
9475,0.015806587021928768
9476,0.014690889615735846
9477,0.00280853408115208
9478,0.0018604393879684405
9479,0.10390029971703835
9480,0.12430685681220877
9481,0.012945481947656204
9482,0.0151526668896458
9483,0.007780222692181239
9484,0.34593674197456986
9485,0.00685972740242855
9486,0.030108849032401
9487,0.08035849829439481
9488,0.010706261213551635
9489,0.3990070606743386
9490,0.6762747336998077
9491,0.08278956812691236
9492,0.009603387373337137
9493,0.05651572501774813
9494,0.06929911304209287
9495,0.45431858577919887
9496,0.020218726609898797
9497,0.30181777568974205
9498,0.2922876588131282
9499,0.034133078749823506
9500,0.010497684785364534
9501,0.015075222028040085
9502,0.018169836354231538
9503,0.02941642219643613
9504,0.029912722177052705
9505,0.5881800716164954
9506,0.021343505173432913
9507,0.007300661023496849
9508,0.007200987760916631
9509,0.1219544330575804
9510,0.005668239151756973
9511,0.004083500983922984
9512,0.2944705673760968
9513,0.02898518722480184
9514,0.19263472168295795
9515,0.004015848983217301
9516,0.535916329174433
9517,0.04998561417287202
9518,0.017804382476494258
9519,0.0554252002782361
9520,0.00701192279311408
9521,0.023609055559965102
9522,0.005052106112576076
9523,0.021305942142200555
9524,0.021168713499252815
9525,0.20498532456687282
9526,0.054646056555948834
9527,0.0072370706811972834
9528,0.00685572168466337
9529,0.20311180183161168
9530,0.009347245148691058
9531,0.013979110437867412
9532,0.6550601027769503
9533,0.09206002531794309
9534,0.31304163725721135
9535,0.18498645204319233
9536,0.0027675161613849235
9537,0.0064789862198845714
9538,0.06401142584048188
9539,0.46513168956913276
9540,0.005941911080920273
9541,0.4712998408936139
9542,0.03210763495579691
9543,0.5004847262571585
9544,0.0613776808149991
9545,0.046265170748475845
9546,0.13425943470447618
9547,0.18013309462388993
9548,0.032316758971270995
9549,0.03476908491726952
9550,0.028494505081005796
9551,0.0038629747158595725
9552,0.00620916568093748
9553,0.0035385955983957967
9554,0.4367568492615142
9555,0.023209194210127463
9556,0.112683680389015
9557,0.518361866135569
9558,0.24944517550599152
9559,0.0625318945825206
9560,0.5955715344421261
9561,0.0071772725113837706
9562,0.006503451120125049
9563,0.9198942532034035
9564,0.08538135605047344
9565,0.003924747494304166
9566,0.006782938791876628
9567,0.02152983046518057
9568,0.06991527025348752
9569,0.007965001496755449
9570,0.47385986977443717
9571,0.19902546464889864
9572,0.017530866461673567
9573,0.5294110697800827
9574,0.34924612132673977
9575,0.03392399835172897
9576,0.004029896053997781
9577,0.07509704593340508
9578,0.04288886813640903
9579,0.009262011209885415
9580,0.0025449302887806053
9581,0.035389237447043746
9582,0.7410466265286808
9583,0.002899769621157718
9584,0.010782890079397667
9585,0.20399853160027615
9586,0.3132637506516491
9587,0.00830489065979687
9588,0.035947750414415565
9589,0.005629724024351037
9590,0.004160586364072482
9591,0.7294461125081445
9592,0.019062960051791217
9593,0.009974821914001609
9594,0.032035847348517416
9595,0.015763146999177823
9596,0.003989121075577191
9597,0.7339971118552577
9598,0.007905209880072811
9599,0.016852302112627445
9600,0.09941714686851254
9601,0.004505097582532715
9602,0.037076608297740385
9603,0.12635873268743514
9604,0.006103591729993947
9605,0.05427674970241738
9606,0.011340218818074468
9607,0.00973283116319162
9608,0.020313228726907474
9609,0.05678037316607093
9610,0.422672012192578
9611,0.002509030158148154
9612,0.01443116502085836
9613,0.030505680500025875
9614,0.14937820708327504
9615,0.022773660460403067
9616,0.03069819564195641
9617,0.0035026712569419774
9618,0.05217185740971115
9619,0.04041412973003979
9620,0.008184954248035984
9621,0.2709556655822446
9622,0.35262332821596587
9623,0.6477000661054583
9624,0.0044199529473527245
9625,0.035451097233246284
9626,0.00652140475944995
9627,0.36831897273176656
9628,0.12467661874658888
9629,0.0064807591413646145
9630,0.0035789088795217163
9631,0.013641538822905664
9632,0.0010261108944448812
9633,0.2199743402219572
9634,0.008974388361763062
9635,0.006319029293325721
9636,0.7461839559757361
9637,0.010164491275324013
9638,0.0042319726433067886
9639,0.004523809124754603
9640,0.021052539750557903
9641,0.007327690819991589
9642,0.17526275173349012
9643,0.8198879395880488
9644,0.030805856851273728
9645,0.006007851616067069
9646,0.3727708028712511
9647,0.08599715823488592
9648,0.01038684920180843
9649,0.02987423181897994
9650,0.010569112122389021
9651,0.041213309367372816
9652,0.02155533620686601
9653,0.5872305101692603
9654,0.23976998734862123
9655,0.0436961965227799
9656,0.005808154436007007
9657,0.4757917999741631
9658,0.020059299514523354
9659,0.01461723279484269
9660,0.01445413084205706
9661,0.03423272050823809
9662,0.17189434728690203
9663,0.02057623636882484
9664,0.002963271592173722
9665,0.0036823856059976395
9666,0.054127818088451164
9667,0.5973867038179715
9668,0.031158671559612456
9669,0.00185121023191483
9670,0.020851118838425296
9671,0.005380446479257282
9672,0.011705430861301143
9673,0.38482340707811297
9674,0.007360209946255004
9675,0.010331648981515628
9676,0.019824328354069838
9677,0.07805275009306419
9678,0.13770586274360513
9679,0.06568658682601142
9680,0.8675166765584401
9681,0.008371407018669723
9682,0.037047130874365924
9683,0.007633219396890438
9684,0.008078221489751878
9685,0.025650489801112564
9686,0.0023392102075327774
9687,0.004918398894989335
9688,0.22081751966685417
9689,0.012384640173593994
9690,0.020332633913331007
9691,0.021272782641591607
9692,0.009764656361441519
9693,0.02081337415420932
9694,0.010434434364716812
9695,0.016744397049732032
9696,0.007093322395859078
9697,0.005338005439680907
9698,0.8088345730926485
9699,0.009984207172181323
9700,0.08726781741224444
9701,0.015506588084321926
9702,0.04077206759004272
9703,0.0035430571866960966
9704,0.008801668549854069
9705,0.033150326103421106
9706,0.0098414525974967
9707,0.005799841626420029
9708,0.35475048135145176
9709,0.006932180696152746
9710,0.02156227703122427
9711,0.019191884402618303
9712,0.020869347537931248
9713,0.0035883469880742215
9714,0.009604055623969791
9715,0.03931247426925282
9716,0.005792630756192503
9717,0.9008380618243618
9718,0.04105061375015536
9719,0.09840466510666294
9720,0.014636755318527244
9721,0.0035127856126488514
9722,0.0033427362382218296
9723,0.010219416986876326
9724,0.5838866657951554
9725,0.003998278815593239
9726,0.11675844231300854
9727,0.07209313677369757
9728,0.18039072256339372
9729,0.052354087643751435
9730,0.05789281107596716
9731,0.003981388065526851
9732,0.10935335332506793
9733,0.01711704330889592
9734,0.0342269060347292
9735,0.02732101683956942
9736,0.04179077887719776
9737,0.004643692399922421
9738,0.2194019709412261
9739,0.010816349674650757
9740,0.010254436538041067
9741,0.002783211170425185
9742,0.01303102460290628
9743,0.6636047477985566
9744,0.03468493791121342
9745,0.6450023544903015
9746,0.003500756960001669
9747,0.013439687992611107
9748,0.020420920643640417
9749,0.20006984140930145
9750,0.007229363529658198
9751,0.029189403454679057
9752,0.018939228666472956
9753,0.11256078972923034
9754,0.29132029173630325
9755,0.6253371223464017
9756,0.025136336093470425
9757,0.25527024800560427
9758,0.03599713640309867
9759,0.02483636833516373
9760,0.5735510717429697
9761,0.002805623875238847
9762,0.44646313046137787
9763,0.028834938417502395
9764,0.05630726895874452
9765,0.04424146875300683
9766,0.01018604368244726
9767,0.03717360128461673
9768,0.005274959323202209
9769,0.12229635029967112
9770,0.004102553797129482
9771,0.008001262860890819
9772,0.11264715292921502
9773,0.6077419047474254
9774,0.034759675965938354
9775,0.00903734832697498
9776,0.2580714212348611
9777,0.01537451506593709
9778,0.03786799724618799
9779,0.0064220539624436895
9780,0.013176096346716109
9781,0.001625483879437476
9782,0.07808273872091641
9783,0.18028514252999
9784,0.007388930454659428
9785,0.009042054581357716
9786,0.054504627518120144
9787,0.06286367108192907
9788,0.11540099046460364
9789,0.4935318529374125
9790,0.04239951831786247
9791,0.004093773349063442
9792,0.008336840758011358
9793,0.012903466406068377
9794,0.005499055984856831
9795,0.004109630305762963
9796,0.5922562225787411
9797,0.32969235876606007
9798,0.3206272681296838
9799,0.056461334123990764
9800,0.002345364072235768
9801,0.012588904433741104
9802,0.011199602358365073
9803,0.08977085206743533
9804,0.8562209058922009
9805,0.01965974406275159
9806,0.06291935879717028
9807,0.01704164947166033
9808,0.1271651689280231
9809,0.007409136616031975
9810,0.5565066628688233
9811,0.023969634795201984
9812,0.48274501962352645
9813,0.8974269441977998
9814,0.46618330944937225
9815,0.021111421996972576
9816,0.005155920500177586
9817,0.1634046808516444
9818,0.004086467048623666
9819,0.15609792589941443
9820,0.04233563043795966
9821,0.017433061000735085
9822,0.004908523745188088
9823,0.0035324369806937115
9824,0.005813573110513693
9825,0.0017180554266881499
9826,0.01716186665618707
9827,0.007939560401730092
9828,0.0029589511723091652
9829,0.004934667981072384
9830,0.0026774324546487986
9831,0.030093853614737372
9832,0.0058619612569531035
9833,0.05445466822469183
9834,0.0836990394416201
9835,0.02194270906840152
9836,0.042933503802160905
9837,0.006406846477448623
9838,0.8843806376137263
9839,0.3312966824140865
9840,0.04844748215705876
9841,0.19044310520961932
9842,0.05644731075951857
9843,0.0029172535745308897
9844,0.02418378440892367
9845,0.02924601965382051
9846,0.266672233494576
9847,0.005209312095665886
9848,0.06403857172464952
9849,0.38988481305491046
9850,0.022229994761602794
9851,0.018136973075505325
9852,0.024567904501088086
9853,0.15466776629370468
9854,0.008387899581129515
9855,0.00474685030456371
9856,0.4035150554784094
9857,0.7592230559167619
9858,0.60852482642124
9859,0.00974280684343703
9860,0.004503825052424306
9861,0.19513238022036708
9862,0.04309609111226848
9863,0.009491347372626023
9864,0.7021670837895359
9865,0.009694927876723703
9866,0.023345927204397876
9867,0.034828999006496476
9868,0.012758695483280975
9869,0.0016013174942969156
9870,0.009082431732856142
9871,0.06100998852596142
9872,0.03679797870470967
9873,0.02177201310784349
9874,0.007102651056303373
9875,0.9539253256706757
9876,0.008590670440718349
9877,0.008799414929796273
9878,0.20845217664846458
9879,0.024963983952307
9880,0.03231966264332882
9881,0.0024664410275910707
9882,0.006509494570962836
9883,0.0024126565677033136
9884,0.01249191334364684
9885,0.04687391661523907
9886,0.18973850723787827
9887,0.007159465238494487
9888,0.35550973378047707
9889,0.003436534571924196
9890,0.009142702248997691
9891,0.3146641304884196
9892,0.0064829853450470475
9893,0.007135880859459294
9894,0.42002742698341505
9895,0.010284357067086549
9896,0.7553191831577324
9897,0.46360098932532684
9898,0.005911552189807115
9899,0.04077978999214412
9900,0.17049427205767806
9901,0.03226681946243186
9902,0.02811380035085299
9903,0.17915087943926827
9904,0.005178955521366376
9905,0.015992382410802915
9906,0.05812706000799926
9907,0.048814306383302385
9908,0.015080780738256399
9909,0.011550935334874467
9910,0.2631693117507712
9911,0.016644067791046883
9912,0.030492985968319487
9913,0.04614054496270344
9914,0.23514242097982213
9915,0.0075051907090071075
9916,0.23687602326759602
9917,0.30806961601132554
9918,0.02218703193812454
9919,0.005740103752674003
9920,0.019042075303008128
9921,0.030924134817289322
9922,0.013015835269581602
9923,0.030060801359872668
9924,0.014359536554551557
9925,0.01380339996244866
9926,0.051776413965274104
9927,0.035715430120900116
9928,0.003467334823406154
9929,0.007905504494691752
9930,0.003138297929822907
9931,0.006553949419612504
9932,0.0033646207072540097
9933,0.007407184085583796
9934,0.0064718239281641695
9935,0.05907937416614787
9936,0.01714159818668559
9937,0.012366971313661582
9938,0.02235493264607984
9939,0.010283984412574358
9940,0.0235868418751131
9941,0.05585799142508133
9942,0.009062598626042036
9943,0.014310328928609367
9944,0.03994815563427599
9945,0.060833148445893194
9946,0.04058660765571916
9947,0.024283208580325684
9948,0.016274400898227084
9949,0.006930997701897184
9950,0.003778600073418287
9951,0.06528610518496124
9952,0.01811798617814335
9953,0.08066211613739087
9954,0.95766117209983
9955,0.20268165157423904
9956,0.18669855222612391
9957,0.0019603080426055975
9958,0.04378217068790307
9959,0.007591299563605539
9960,0.011962665723060172
9961,0.015425289303245713
9962,0.44877933563150035
9963,0.024735476977535465
9964,0.009906617457159156
9965,0.004686226673845983
9966,0.08026123945189474
9967,0.012919785886584783
9968,0.015875140264085465
9969,0.013170867303114476
9970,0.018769448484885116
9971,0.0732896244953324
9972,0.013650208265784803
9973,0.0027183126195512654
9974,0.008964765641013318
9975,0.018173720753307553
9976,0.14000055048513882
9977,0.01136541913692397
9978,0.026269294437779613
9979,0.6813289151530558
9980,0.1718290754045428
9981,0.05022274600533571
9982,0.009104187025741669
9983,0.4210082550697904
9984,0.07021248140160384
9985,0.0017393943266369326
9986,0.09849782218297425
9987,0.040521732963183336
9988,0.0023848306400076273
9989,0.003959443495622577
9990,0.06944706846656826
9991,0.6232594377671634
9992,0.005322833153885902
9993,0.005443963787917996
9994,0.02425844117689895
9995,0.04231415209757372
9996,0.0021546767548639894
9997,0.031948328219323634
9998,0.024297666220453096
9999,0.42740566705595917
10000,0.6848403366502807
10001,0.09129566321924566
10002,0.00960354697907055
10003,0.05627001592766994
10004,0.005662422649898761
10005,0.013738910558103919
10006,0.8128501415894411
10007,0.12842628533465972
10008,0.00846682094422628
10009,0.23756408635580287
10010,0.900177206381965
10011,0.035203130951932275
10012,0.0102476075526433
10013,0.8882448308242269
10014,0.008743561693459679
10015,0.03558483687080023
10016,0.015106842842737396
10017,0.359304617929788
10018,0.21152978472822262
10019,0.47457437641917005
10020,0.4681716047937071
10021,0.0197295236982874
10022,0.41190786926382644
10023,0.00519177165122349
10024,0.00397640629481253
10025,0.010420313083378213
10026,0.011760102165173215
10027,0.014970814738778303
10028,0.003811166329107856
10029,0.022801904722413623
10030,0.0021533360135991644
10031,0.03496578471617767
10032,0.2301935950942554
10033,0.015997264407206006
10034,0.00683715240718594
10035,0.06974992034062737
10036,0.13646960510483208
10037,0.01194887091005081
10038,0.029866244068041174
10039,0.011295728208220189
10040,0.03558187308750086
10041,0.08766724973736942
10042,0.013727177534652257
10043,0.003472774413071612
10044,0.02323413602496402
10045,0.37523984500042384
10046,0.009129604882161423
10047,0.9161687923121317
10048,0.3488799205258335
10049,0.018541954694842374
10050,0.008816223164827818
10051,0.007594361536205218
10052,0.019903547811849664
10053,0.038957758254797976
10054,0.15919516700600694
10055,0.061241691722880465
10056,0.013383070265915838
10057,0.045339769778850396
10058,0.044851553588840326
10059,0.09204996449390633
10060,0.04798188546711313
10061,0.09743756102605795
10062,0.4144364276106987
10063,0.05557986554447828
10064,0.11354723409225989
10065,0.07671192402488952
10066,0.0042985807470511846
10067,0.00293905802896445
10068,0.1894779158662128
10069,0.045361684302199376
10070,0.6119229864702153
10071,0.27944258024104507
10072,0.8532110901708885
10073,0.05292331305570385
10074,0.26610498788620296
10075,0.022932311893184298
10076,0.004223071416819513
10077,0.19260893725931633
10078,0.012783229259319967
10079,0.012546943098226255
10080,0.00500099932889368
10081,0.7817017938674408
10082,0.197681319555979
10083,0.4357401063063717
10084,0.006408350623799556
10085,0.30643622806391374
10086,0.06909418550712745
10087,0.034915086147618506
10088,0.054086246316579586
10089,0.012410673896596329
10090,0.02293565658113978
10091,0.004727196078158961
10092,0.04326042870211896
10093,0.03615594659120098
10094,0.04159633730827558
10095,0.017939850737694506
10096,0.2823507751847738
10097,0.0496094026224223
10098,0.0013800481700434735
10099,0.015211730694332367
10100,0.007994804317276866
10101,0.0034981243306527617
10102,0.020466348102245954
10103,0.09706004749119941
10104,0.0016495969056721086
10105,0.028677973456396427
10106,0.08396607360148581
10107,0.1483929650163208
10108,0.026588909230742707
10109,0.023816645657319783
10110,0.41460953660240646
10111,0.4009734320860936
10112,0.004103936034794795
10113,0.028707517758911113
10114,0.012380775594967761
10115,0.4078183242260854
10116,0.013213928205211613
10117,0.3425193314037836
10118,0.13064692696597827
10119,0.13820356698617794
10120,0.006485324071422251
10121,0.22216531719026472
10122,0.003845265371604388
10123,0.006137875933389051
10124,0.03242323380731569
10125,0.3949511505316744
10126,0.0034627709270493084
10127,0.042019647892275296
10128,0.32279689058813593
10129,0.00439817583838838
10130,0.008927576597204563
10131,0.035493800367500265
10132,0.038088816222884195
10133,0.040570055277278465
10134,0.006447205806192559
10135,0.02472739856115302
10136,0.014842373297668764
10137,0.3714976274068126
10138,0.020766094041231094
10139,0.017410788832481632
10140,0.013011403685072214
10141,0.6740121112819845
10142,0.05654057214690126
10143,0.5307907398709937
10144,0.04464101698845178
10145,0.0030115209139929154
10146,0.004522642739171656
10147,0.6951545446123066
10148,0.013695171556817837
10149,0.009278521333107585
10150,0.08330924159674749
10151,0.17051971959176962
10152,0.020881310608044844
10153,0.004205716616911727
10154,0.008163797282074977
10155,0.013864568260570906
10156,0.24694865520280662
10157,0.3057443148549071
10158,0.008392480860552522
10159,0.04017522701068418
10160,0.007390751888946408
10161,0.009273853994012005
10162,0.9524190249824454
10163,0.008420535575316059
10164,0.01976392035949081
10165,0.008799119679806271
10166,0.17998608992217788
10167,0.0018154241102005014
10168,0.05436066646465025
10169,0.0028273573619306885
10170,0.005590564280654815
10171,0.015224541499549993
10172,0.14719101001532314
10173,0.01663356304274064
10174,0.15689154526601373
10175,0.011418038221781333
10176,0.027352098613836192
10177,0.043070443565027636
10178,0.004566065018891136
10179,0.4017256000294777
10180,0.02712189850552045
10181,0.009829501272277327
10182,0.008204967345977381
10183,0.011849658430686208
10184,0.002197914874214003
10185,0.007258758465004822
10186,0.024918790421679382
10187,0.020458112479686902
10188,0.2547739753113791
10189,0.05247008729300587
10190,0.006065909816568977
10191,0.03297974603794193
10192,0.007919974878815399
10193,0.0638549944872641
10194,0.006014373604666906
10195,0.11941547794047266
10196,0.01141743459981252
10197,0.0023857145644545098
10198,0.386166333284789
10199,0.020828932836954462
10200,0.00522580525348605
10201,0.009260702575232711
10202,0.005381206123315881
10203,0.010556677762726048
10204,0.023132578861726084
10205,0.011682890753983195
10206,0.004394559231311568
10207,0.01816374262833618
10208,0.006311083919306156
10209,0.6293627480974584
10210,0.05300369903362405
10211,0.09818548617703729
10212,0.0028604479664198026
10213,0.037380852812941914
10214,0.04669434165998996
10215,0.010166055757524403
10216,0.007860626024119329
10217,0.00865491244993702
10218,0.052282887268685095
10219,0.38927727026301395
10220,0.04244784621457342
10221,0.0247871388582638
10222,0.008848239912596296
10223,0.0068080209981957965
10224,0.013676549904334473
10225,0.0033458927687470058
10226,0.012546723719869908
10227,0.008272541467957322
10228,0.028535141178614613
10229,0.005778405955058213
10230,0.009648097716859651
10231,0.010561071494984798
10232,0.03562506087895446
10233,0.5056689657621586
10234,0.0031662219757261664
10235,0.021764986265897235
10236,0.007446648338171352
10237,0.02039312827753174
10238,0.007895538674521784
10239,0.3112787584008131
10240,0.008826100578908157
10241,0.26896199251021286
10242,0.006249435647243278
10243,0.016343420000378285
10244,0.7116281329050895
10245,0.019047222803440223
10246,0.012972324684906644
10247,0.28446258968530846
10248,0.007952690955067409
10249,0.6648404217249225
10250,0.032834273801662296
10251,0.6572435392541781
10252,0.01615633156272493
10253,0.0035887953314177722
10254,0.019844584963001424
10255,0.0018403477616821173
10256,0.1632511887116095
10257,0.017276658928089075
10258,0.07551714907332281
10259,0.36530361944516904
10260,0.28481066665122656
10261,0.14455223098053838
10262,0.008221305229345187
10263,0.2071669148025622
10264,0.011727260841101362
10265,0.004028444858611567
10266,0.06411760195180749
10267,0.02841716656037754
10268,0.031006342174488086
10269,0.00725410928072003
10270,0.017832772602732215
10271,0.007743629777074646
10272,0.015067955636222218
10273,0.8243333508355836
10274,0.04448618465615681
10275,0.4776501252812386
10276,0.030902156516783092
10277,0.010480859879571418
10278,0.0035126998024850673
10279,0.03347183514495177
10280,0.007187525461135565
10281,0.6149041542045978
10282,0.2459378584315268
10283,0.05443991817370666
10284,0.004151886669040616
10285,0.0064934004260560375
10286,0.04684214681131653
10287,0.2162324672953688
10288,0.053411568511334856
10289,0.049176613108275855
10290,0.47631340399215066
10291,0.02934137666797969
10292,0.02400791300811279
10293,0.017906434901542503
10294,0.36498764505860914
10295,0.04762953785316367
10296,0.02947577687209866
10297,0.7957818604926147
10298,0.21886783472719895
10299,0.005559321839683278
10300,0.024026952836539626
10301,0.01920164751901687
10302,0.007908001049995872
10303,0.043383022011432425
10304,0.009133377850912141
10305,0.5107187673353122
10306,0.012582107835522159
10307,0.11025824761705841
10308,0.011344325904349797
10309,0.04760071209526681
10310,0.007126137951797843
10311,0.03463207024344798
10312,0.005064261293038673
10313,0.009139401747790377
10314,0.5064622853708183
10315,0.34800514238267266
10316,0.005366380049148743
10317,0.06597929774903746
10318,0.22629114850085613
10319,0.005211894024475204
10320,0.6316271615391688
10321,0.5360661477132282
10322,0.017443754155646266
10323,0.027295276842190942
10324,0.13498864639112995
10325,0.2633223842736843
10326,0.0028077438660839282
10327,0.0034569339062751852
10328,0.104266055716573
10329,0.01642940173826862
10330,0.029955627482612598
10331,0.007545539792123537
10332,0.550849652984754
10333,0.18243353954194114
10334,0.006824335789924724
10335,0.140290204735685
10336,0.36259828206452777
10337,0.02807337059806023
10338,0.15228952866092155
10339,0.02537356880664988
10340,0.012901618678528393
10341,0.05535530667802692
10342,0.01594532561667418
10343,0.023553475468396142
10344,0.02048361196781903
10345,0.03174101051018625
10346,0.04863785673411153
10347,0.004672547159925248
10348,0.0038757136819037364
10349,0.0095451865737837
10350,0.003378922772963077
10351,0.07185322734153596
10352,0.004059056468971719
10353,0.029103425817396854
10354,0.022656912738604033
10355,0.019926734526091585
10356,0.6937399369204683
10357,0.09385915798992972
10358,0.13737027459262627
10359,0.005652198497532854
10360,0.00989341642310609
10361,0.1963758675475336
10362,0.006269143890273594
10363,0.023621987818146443
10364,0.05221735808929956
10365,0.011790350358018883
10366,0.09424772310896877
10367,0.05363740461268343
10368,0.012241482381850369
10369,0.010725637424807673
10370,0.02211048337458058
10371,0.027111146222371842
10372,0.00945571746924021
10373,0.009989928073159335
10374,0.01893467561122841
10375,0.006662774032671171
10376,0.001986521707496024
10377,0.19198116598364934
10378,0.030974693915639895
10379,0.006123409480293302
10380,0.015475684624155613
10381,0.0642973758414488
10382,0.21209063104520662
10383,0.6890610525876341
10384,0.055034693010541105
10385,0.2679248887768661
10386,0.0024711384684019348
10387,0.004484219934873644
10388,0.02195778555440684
10389,0.00542702626388823
10390,0.019092176422952235
10391,0.012863377679154115
10392,0.18496617629258574
10393,0.017418526073143235
10394,0.08364375322685191
10395,0.38778320835398156
10396,0.06766695400022503
10397,0.3355238296354145
10398,0.0037513289105708105
10399,0.12214979964476706
10400,0.005749314113052931
10401,0.028711864867235686
10402,0.0017093753805630762
10403,0.00979895628192148
10404,0.013270394893398131
10405,0.006843426257653133
10406,0.24423009811501156
10407,0.024006876095392378
10408,0.013509868201441115
10409,0.119607097865991
10410,0.15860895120368487
10411,0.012091459852831646
10412,0.03428599141461239
10413,0.4319061357029015
10414,0.006096420332596208
10415,0.03778721623758332
10416,0.026903589593984208
10417,0.4556189096534067
10418,0.04548593177198421
10419,0.150179846068906
10420,0.010082666195085981
10421,0.004622684079068963
10422,0.033735449753786326
10423,0.030993524177528715
10424,0.5212922024664853
10425,0.11625586237732553
10426,0.16209460871630096
10427,0.049321064668528376
10428,0.0030879484880417855
10429,0.025178762579737796
10430,0.007114127249959054
10431,0.028155424176365372
10432,0.46738551388558786
10433,0.015915679086292312
10434,0.024651779482348226
10435,0.0685931119754978
10436,0.046730880854808234
10437,0.017326309523621613
10438,0.40492710362595924
10439,0.08466348858013431
10440,0.030126640643395937
10441,0.08622119182706296
10442,0.00446932316906444
10443,0.3135533800594348
10444,0.004747820793689438
10445,0.06413329618893443
10446,0.014937982415881321
10447,0.026988984102352814
10448,0.006901130579872541
10449,0.009575091729514417
10450,0.029607066732112726
10451,0.004517528255834556
10452,0.32883924462365166
10453,0.02912906760450739
10454,0.0023273568494601477
10455,0.01358477376388684
10456,0.02932826859262026
10457,0.03313778092239144
10458,0.034853720927469405
10459,0.006337952592964327
10460,0.063758958837238
10461,0.39163145101231317
10462,0.014882435733883686
10463,0.023148517314527214
10464,0.8832142571119923
10465,0.1558568139684855
10466,0.010460469321373903
10467,0.017845398640202063
10468,0.011528164671697491
10469,0.09344741752627883
10470,0.0020603621278284827
10471,0.007678213900153423
10472,0.007461925317870885
10473,0.07919068246132542
10474,0.0065505378483624735
10475,0.030779744726608226
10476,0.017303491373050872
10477,0.0285036422368997
10478,0.02010720149193147
10479,0.03644057267867825
10480,0.012654408437276122
10481,0.03546512294859242
10482,0.03913880035292641
10483,0.01796352815015317
10484,0.003745271355772204
10485,0.0020951291490104015
10486,0.009480345577723561
10487,0.004405922387436929
10488,0.7416933399748806
10489,0.009486456591916473
10490,0.001993721864987571
10491,0.004873916431524839
10492,0.002399690437511819
10493,0.006443566115095808
10494,0.30695804747610805
10495,0.012237172003622206
10496,0.018797551351707114
10497,0.022818963216013278
10498,0.6552847127971027
10499,0.5046210074362041
10500,0.012660908226762272
10501,0.014628922378308307
10502,0.00971319587967075
10503,0.005709026988817013
10504,0.0036460495189014406
10505,0.00757076683368126
10506,0.04073447967369347
10507,0.19335441643574416
10508,0.1304818591126465
10509,0.02883458440474034
10510,0.06411335498604624
10511,0.008826867170373698
10512,0.020709522549870494
10513,0.005674343680967493
10514,0.05422345859475521
10515,0.0036219628688668177
10516,0.002491836917867165
10517,0.005390363910486154
10518,0.007100760045728822
10519,0.008682536999765286
10520,0.009920493662579816
10521,0.00976866286331732
10522,0.006544190062662997
10523,0.173375707561757
10524,0.010140394212268443
10525,0.009075922365259191
10526,0.6529808107674692
10527,0.01782437425628726
10528,0.01056208934203152
10529,0.0018763027984795627
10530,0.13146507273467728
10531,0.001990721922254029
10532,0.9564879874548097
10533,0.20414973741711318
10534,0.818111083870941
10535,0.015517211770094805
10536,0.007579723042948698
10537,0.046047409325015394
10538,0.007167926946623299
10539,0.04549402629670521
10540,0.9107892380687082
10541,0.524970209588133
10542,0.009242025190152537
10543,0.013605856015029547
10544,0.0038065356818568407
10545,0.39629722698255154
10546,0.010817169491714683
10547,0.10467103123477445
10548,0.030652669412256323
10549,0.03291260231910831
10550,0.011198926490557126
10551,0.09125814420583815
10552,0.005631539087382683
10553,0.0059346033095825194
10554,0.01937423269878345
10555,0.008267897620291323
10556,0.05602940725716957
10557,0.00524435175892572
10558,0.06066230677475869
10559,0.027367867848198862
10560,0.006892458041739295
10561,0.008592905304594955
10562,0.34873542303301347
10563,0.553775813132203
10564,0.0028512060536429683
10565,0.004094053397139663
10566,0.014457333346877262
10567,0.005405058031329556
10568,0.0447868069720771
10569,0.02690390567160416
10570,0.011680231058260352
10571,0.006464011521006706
10572,0.012642308459031701
10573,0.008807366934881062
10574,0.008075986688971564
10575,0.012895228651514
10576,0.26537354770898686
10577,0.032584598639003794
10578,0.5509564711213222
10579,0.0036498770982325555
10580,0.18030581110886768
10581,0.05688893456260573
10582,0.010666396651271047
10583,0.38965213544984734
10584,0.9069655524673902
10585,0.04178451576593694
10586,0.09055889180957159
10587,0.040161322459433026
10588,0.05431605260605279
10589,0.15855743052385507
10590,0.9323296732550144
10591,0.016493810498287916
10592,0.005874127981228563
10593,0.01665001939925236
10594,0.005124608605269154
10595,0.03100529836647632
10596,0.004333164804156344
10597,0.014129243255381924
10598,0.015176784407781509
10599,0.057098180841193
10600,0.0016906153282885972
10601,0.0016073737166784087
10602,0.0522604217002331
10603,0.009521699981989266
10604,0.008016491722917582
10605,0.020116761928960447
10606,0.007987004045626942
10607,0.004931113987305238
10608,0.045185223085833184
10609,0.010791773401549408
10610,0.004395865468708029
10611,0.09078455313951224
10612,0.03645986343938394
10613,0.005213027081384029
10614,0.009694399050859495
10615,0.004226804895855733
10616,0.008011483360120057
10617,0.0029242896948667666
10618,0.3658017188103516
10619,0.03432095424774491
10620,0.19046929123170497
10621,0.0170094477093084
10622,0.006713190836192416
10623,0.10304376597740862
10624,0.007221125286075898
10625,0.06419322221875218
10626,0.007232632816763137
10627,0.2480742806179866
10628,0.09839543514093704
10629,0.016611369007741267
10630,0.0027078028427317117
10631,0.0809376732938144
10632,0.008846816555145777
10633,0.0032315444258845254
10634,0.0017897688204309144
10635,0.22678030211453623
10636,0.032066939950579666
10637,0.3027999454190606
10638,0.014456236824258437
10639,0.09508879493839803
10640,0.007824685696507601
10641,0.009147644016998241
10642,0.012371543913492848
10643,0.24656481586416581
10644,0.01511777688692669
10645,0.35118167665163663
10646,0.006677458887832489
10647,0.11605500848633026
10648,0.060871556645162736
10649,0.0029829934804339792
10650,0.6565720560027583
10651,0.7530788227090855
10652,0.5018869291124495
10653,0.47832957040704677
10654,0.021183527724502264
10655,0.004075020362122648
10656,0.05560537951882947
10657,0.004810907881553495
10658,0.011303565255614467
10659,0.006489606578519783
10660,0.008701391404185974
10661,0.4236477986890473
10662,0.004952912702605144
10663,0.015978342806896865
10664,0.03856587143830874
10665,0.03890640647537152
10666,0.19543501413923575
10667,0.09791141801505651
10668,0.028588044710939165
10669,0.011988812835692366
10670,0.007010067874267313
10671,0.00776693463260437
10672,0.08365101337655603
10673,0.36995334393822166
10674,0.16480753366806666
10675,0.043809690317585234
10676,0.0036152093201297325
10677,0.009786933297259168
10678,0.017197839922081095
10679,0.1515216023167145
10680,0.0027899218618412484
10681,0.005959549941234775
10682,0.008665748305046583
10683,0.0042215547847516514
10684,0.008739544339477597
10685,0.0830354628783686
10686,0.004721474021167247
10687,0.01806967672339468
10688,0.012766049409031895
10689,0.008311472883573584
10690,0.00285812844480231
10691,0.025735430395916678
10692,0.008353542996668043
10693,0.6611775678672491
10694,0.020160733789366815
10695,0.7874117874729046
10696,0.658393778334036
10697,0.01923842564115361
10698,0.21538124816327023
10699,0.6645256358420092
10700,0.02671493810682196
10701,0.09476956087053928
10702,0.008751535661851703
10703,0.0069472852156393745
10704,0.006848486450376969
10705,0.1615720752264195
10706,0.12426237335264738
10707,0.008302894800265056
10708,0.038658206934494024
10709,0.029515412517553463
10710,0.10065255075482848
10711,0.01881437842281812
10712,0.0031265903935083932
10713,0.020291155260923073
10714,0.018812439407635502
10715,0.3875087071896526
10716,0.001768593131175275
10717,0.0032104571772037975
10718,0.1515660161571434
10719,0.057253650389944344
10720,0.014359580805212834
10721,0.1641552507110153
10722,0.026719560891880805
10723,0.5052179771052785
10724,0.0029762357008785317
10725,0.004106742156768323
10726,0.4898162429359107
10727,0.08070339700564495
10728,0.015335832836792837
10729,0.5609803748616943
10730,0.05280338906929112
10731,0.44919315963721707
10732,0.012321034562556812
10733,0.038266362336830805
10734,0.0060874069422337
10735,0.7437374415315502
10736,0.02042751088333208
10737,0.07093446072436775
10738,0.005826401620215555
10739,0.03130786692297898
10740,0.005303575696195848
10741,0.003621963754164535
10742,0.009037618747217216
10743,0.02095999971284732
10744,0.009277712427786577
10745,0.004535362164634868
10746,0.5474244653254268
10747,0.027470158657551664
10748,0.0724037375531779
10749,0.5211546770154432
10750,0.011515930732579602
10751,0.6470439632930756
10752,0.0072983660866686615
10753,0.005293647006679647
10754,0.02059172807178897
10755,0.24526344594964694
10756,0.007292737079718287
10757,0.14995277963808704
10758,0.10000609151941918
10759,0.009627834454787605
10760,0.0161790064659703
10761,0.21309374475069506
10762,0.023102326024977887
10763,0.18937844673242887
10764,0.5730430699396422
10765,0.2641718820313604
10766,0.04290857826946645
10767,0.934358722810912
10768,0.01216270750963399
10769,0.5565102107769505
10770,0.007985159441753032
10771,0.0032155185939668238
10772,0.005105998900699482
10773,0.010226382045440236
10774,0.041231167713498856
10775,0.004949224543084552
10776,0.005406858013530359
10777,0.01571988113706491
10778,0.007150431023466784
10779,0.01215881073965344
10780,0.006531663547698638
10781,0.0025161744843773723
10782,0.02427626566149999
10783,0.019409835510849294
10784,0.0032017363022216207
10785,0.022565023353901408
10786,0.9417283211477211
10787,0.1014340980580898
10788,0.055167885365300484
10789,0.013600214941040936
10790,0.15766273030634972
10791,0.008987390947315826
10792,0.005309296318776895
10793,0.7768241765548282
10794,0.06546201289141447
10795,0.0942566423644424
10796,0.009351951812174882
10797,0.003192812402053495
10798,0.020526966718308975
10799,0.5416396534681291
10800,0.0033200016239404596
10801,0.07260656373615759
10802,0.03642382063759578
10803,0.027429235436523366
10804,0.0036619968089731973
10805,0.008617041739305673
10806,0.03007516957539809
10807,0.01913419573883275
10808,0.01646994000775478
10809,0.010675102958881718
10810,0.04383733571812749
10811,0.016191119600058517
10812,0.006614924431976972
10813,0.03637476947330879
10814,0.29591912245819485
10815,0.160084867321125
10816,0.03646374564495978
10817,0.009196139603581637
10818,0.11585431931088913
10819,0.8126993602858563
10820,0.011156472950773672
10821,0.18521663728685653
10822,0.27610017302341683
10823,0.12032163851263493
10824,0.0034641295520447704
10825,0.004753727045363238
10826,0.012701984333432642
10827,0.04603908022834505
10828,0.00955419594920877
10829,0.003325762569636434
10830,0.018405377965421712
10831,0.03660811279558606
10832,0.002869484098726039
10833,0.0076790739642282205
10834,0.2953647432856414
10835,0.5308338567863133
10836,0.5606709335084034
10837,0.026270353976794253
10838,0.09658998118962936
10839,0.06450342825448908
10840,0.042047550350155234
10841,0.015137491931169318
10842,0.13433934890345062
10843,0.06896596832489989
10844,0.1751685225597547
10845,0.006386514643311221
10846,0.06236379385853627
10847,0.01190241743205633
10848,0.02438237238428809
10849,0.008593052214195136
10850,0.07855904728884149
10851,0.0054866415533654156
10852,0.7261342258848272
10853,0.5831403368169753
10854,0.44529327658883755
10855,0.0055434481740553945
10856,0.38192614543127223
10857,0.009540599373470106
10858,0.03865669209576869
10859,0.004598749846518322
10860,0.008629186038874822
10861,0.08939411149262538
10862,0.03147188226627571
10863,0.02293415618930198
10864,0.006006773931316352
10865,0.08456800039162995
10866,0.002488486367249114
10867,0.031836577709056166
10868,0.022553776227069507
10869,0.07368605663048632
10870,0.8995141571053392
10871,0.04998682912813417
10872,0.31751548450826045
10873,0.03882365402085658
10874,0.002591889693571472
10875,0.3564811807330554
10876,0.09603065459582101
10877,0.012175765608100955
10878,0.0015231128354603691
10879,0.06324048687100348
10880,0.01156596506068405
10881,0.3630859617910317
10882,0.04537528402147153
10883,0.010582102321571385
10884,0.4229231045448661
10885,0.0036110398010208026
10886,0.012967016694728006
10887,0.14705279679673963
10888,0.03265944493607575
10889,0.02811995251802949
10890,0.13145554845993843
10891,0.007634341601236488
10892,0.013042124838737379
10893,0.0017304410980464788
10894,0.04344208229654211
10895,0.004861179140760416
10896,0.2379957206154749
10897,0.027859505505527585
10898,0.40243631194062346
10899,0.03025644050953567
10900,0.00501114454261526
10901,0.007055109910572899
10902,0.005319844853381659
10903,0.0024313162972505746
10904,0.17394389209735797
10905,0.5105841455480168
10906,0.015003098047589276
10907,0.03202561546189099
10908,0.016381366811065154
10909,0.0016632437286023536
10910,0.4855689344451763
10911,0.0015511758936769837
10912,0.010216326541546805
10913,0.01390648155136878
10914,0.08164501223015465
10915,0.44605738177959153
10916,0.02959058898790227
10917,0.0089232052043825
10918,0.019704742163530475
10919,0.004565028790760473
10920,0.0052592573510886614
10921,0.006198067756348996
10922,0.5741423255778354
10923,0.010391572335665674
10924,0.1370204716653841
10925,0.029487065388364403
10926,0.0030490317275001988
10927,0.2712772572073113
10928,0.0019521696954411872
10929,0.21958190779108036
10930,0.7027561498748212
10931,0.003067513608579973
10932,0.0543472273416675
10933,0.026432894882854625
10934,0.06936297766124862
10935,0.1252915519034658
10936,0.012687689507876278
10937,0.001798394445845382
10938,0.28678903087755947
10939,0.013000231372453225
10940,0.0065264471367193055
10941,0.6235728217283006
10942,0.019149977518669814
10943,0.5648256120468557
10944,0.007499185857316594
10945,0.023523140131048694
10946,0.0037848923623882156
10947,0.017939320449283442
10948,0.05340900262213676
10949,0.5847378595272625
10950,0.01739662956953341
10951,0.9258587020805779
10952,0.009907444985762627
10953,0.04372820156282798
10954,0.31820054440899614
10955,0.0674801177764495
10956,0.04593139050168045
10957,0.006067792746763902
10958,0.005685311645640133
10959,0.12274580709748349
10960,0.002423628229065642
10961,0.002549789141670089
10962,0.0029418702248450264
10963,0.0031771984863993366
10964,0.010357205082973204
10965,0.006986459533965475
10966,0.005592843336839976
10967,0.010675218572570873
10968,0.18506678382726008
10969,0.009224122764557452
10970,0.19654222094990892
10971,0.10403005850349971
10972,0.05630144731697069
10973,0.00877673953062144
10974,0.02985995020070359
10975,0.004519429922913333
10976,0.447337577807115
10977,0.01195232473268998
10978,0.026386070116713373
10979,0.031892082334965606
10980,0.025733989563705702
10981,0.014557477800919047
10982,0.004248278964615217
10983,0.005387183854727323
10984,0.0034479305565303254
10985,0.02911443793526313
10986,0.010918575743612933
10987,0.02515317333077521
10988,0.005071947939918754
10989,0.05489834396715562
10990,0.10473907763663264
10991,0.02111497213414038
10992,0.001062506115461451
10993,0.00385353647552759
10994,0.18158055623452302
10995,0.005746064294667076
10996,0.05965100306540839
10997,0.002693324646516167
10998,0.05525427093264304
10999,0.008655779048096323
11000,0.003825364633185582
11001,0.0016132348657941136
11002,0.45484824282260927
11003,0.0017951040065157329
11004,0.3243566527611106
11005,0.32581019061175026
11006,0.017553442549584162
11007,0.3742732889020025
11008,0.0206904366380256
11009,0.14653334531910925
11010,0.009245917374584552
11011,0.00921276543505192
11012,0.2948038078072031
11013,0.008886639402345261
11014,0.4901247795729358
11015,0.017364280767395466
11016,0.0037209052198690002
11017,0.03270958324297007
11018,0.016642564040613865
11019,0.004907623742737721
11020,0.0035058277062309504
11021,0.006132326857472593
11022,0.03998798589017123
11023,0.0021785241616442087
11024,0.02056678441730524
11025,0.03732541689613535
11026,0.005007311517784257
11027,0.008475263404749044
11028,0.08748353326950314
11029,0.004379834709926899
11030,0.9317021399332575
11031,0.001716007767731353
11032,0.0045105504387535226
11033,0.025867225943350152
11034,0.005470373639730464
11035,0.024368089958688454
11036,0.00858133131386875
11037,0.04319633176144835
11038,0.01935640604878894
11039,0.014891898831745435
11040,0.06922242762578672
11041,0.1076593846678264
11042,0.021977969178750594
11043,0.014615117614478446
11044,0.620087858087284
11045,0.6274388470159046
11046,0.5911807533015447
11047,0.004775977040256268
11048,0.017882974327603267
11049,0.003990697338869963
11050,0.009778280197345423
11051,0.025059828269898013
11052,0.011474602649248659
11053,0.0031909117857828605
11054,0.008121738019489547
11055,0.005700553890844154
11056,0.046079599497289556
11057,0.004574059873520604
11058,0.02295991836203221
11059,0.008505316645516837
11060,0.006070712930129461
11061,0.057440214051391304
11062,0.07590049281035234
11063,0.024189296840330433
11064,0.007921069760869034
11065,0.09373481861944244
11066,0.5030177549984725
11067,0.010942267342227845
11068,0.010530925131355688
11069,0.007603266887203492
11070,0.0212474934909402
11071,0.02088855854040195
11072,0.0024709354970461708
11073,0.7712873812199486
11074,0.11311633958134083
11075,0.502223278974345
11076,0.14290975869979422
11077,0.8068212217857397
11078,0.3246413795416504
11079,0.09779156358720226
11080,0.05436082445052562
11081,0.04610853966285543
11082,0.015042360639786718
11083,0.49476012438485756
11084,0.06785782430677971
11085,0.16011637186443584
11086,0.5388541356057361
11087,0.013326340937273782
11088,0.935545828553071
11089,0.004583678622360857
11090,0.16524580827720609
11091,0.005875071910540042
11092,0.3978262099382889
11093,0.011922617947261032
11094,0.029944630757213812
11095,0.033346090683747116
11096,0.0948493610087917
11097,0.014609468386143104
11098,0.5267590209547826
11099,0.004319328425640141
11100,0.022426720694390723
11101,0.6910906754967064
11102,0.8926405295788739
11103,0.10857952724579831
11104,0.012227401735687335
11105,0.0030050874051407296
11106,0.013095658816857472
11107,0.42557173711217366
11108,0.011395146290007017
11109,0.0024172638037972265
11110,0.05317108961463655
11111,0.012767423104324589
11112,0.024927984810944014
11113,0.4084837499404735
11114,0.024088309033599358
11115,0.014241726920592352
11116,0.02730646188773867
11117,0.006212780475476179
11118,0.0031688191381930002
11119,0.006193082794189076
11120,0.007262895748491862
11121,0.04158060236793985
11122,0.025296967027242965
11123,0.030738888943344325
11124,0.00445742611445933
11125,0.0673240848766551
11126,0.10428426549125479
11127,0.04108020226435299
11128,0.045706864592894816
11129,0.023301800444007214
11130,0.5646045223361799
11131,0.46139957730716247
11132,0.031088861879417073
11133,0.14876069344446163
11134,0.008411052402356246
11135,0.0557983688723459
11136,0.6598366716684553
11137,0.7988809278607663
11138,0.05700086622811143
11139,0.020088057443206516
11140,0.07576300722513866
11141,0.8302657508594686
11142,0.0032655826812243607
11143,0.7393607376342426
11144,0.019662917067442286
11145,0.2866098702876087
11146,0.08420211692409393
11147,0.0053802985407136695
11148,0.09310508854242763
11149,0.03681073069201765
11150,0.013642607252100801
11151,0.411828289114513
11152,0.004849785291606647
11153,0.09816178546555646
11154,0.9893192257093121
11155,0.11223115775241033
11156,0.0054224033027424085
11157,0.004551573082858716
11158,0.12943112339194843
11159,0.19927508234279395
11160,0.04287610963425402
11161,0.0015375297641917098
11162,0.9264510238632563
11163,0.011304162209512338
11164,0.06842432458828206
11165,0.039363504650982074
11166,0.16164954439229817
11167,0.014359284895565625
11168,0.004665002389576801
11169,0.0027417182308167418
11170,0.008623168223203187
11171,0.00908927282458943
11172,0.006402228099808248
11173,0.05581736103154883
11174,0.002584538698298118
11175,0.11593704785193841
11176,0.011473569158288876
11177,0.020095813498571743
11178,0.01519881503941224
11179,0.025198935160792944
11180,0.004453181940398487
11181,0.0032591824451224057
11182,0.01300102946066184
11183,0.009732178162700444
11184,0.24619849710513023
11185,0.03006837258630022
11186,0.6355447060949533
11187,0.12521499727463023
11188,0.043342652852833584
11189,0.03015631226314989
11190,0.05979035919824861
11191,0.2876664219310307
11192,0.010365740394971542
11193,0.31763145748586213
11194,0.007163388277921449
11195,0.005215448916117921
11196,0.8832984746444109
11197,0.014675527915990416
11198,0.020305193948063915
11199,0.01746792926440802
11200,0.15241407880152796
11201,0.01668341941687851
11202,0.004435978620324873
11203,0.004735856693125917
11204,0.01674607092478548
11205,0.0056464780462008625
11206,0.7166812343427423
11207,0.7979626374189872
11208,0.06492504999764784
11209,0.09054598369505039
11210,0.056989061845625646
11211,0.002625831978241885
11212,0.020869406061336148
11213,0.019036363727765734
11214,0.3199979055716248
11215,0.007436272773468913
11216,0.024728952083097885
11217,0.7599319340112083
11218,0.021276367642948893
11219,0.05980086869324202
11220,0.48144893138047207
11221,0.00613281351977297
11222,0.8657135460704091
11223,0.005168994565890794
11224,0.004492566988145348
11225,0.005687408089958252
11226,0.3562574277274573
11227,0.0212514246742908
11228,0.009052813595926785
11229,0.004086627520050103
11230,0.02114945205238259
11231,0.004253880130928887
11232,0.0016273843714980137
11233,0.13512711300644922
11234,0.02105462509767869
11235,0.011049117958077203
11236,0.13925378935976354
11237,0.23090698061530182
11238,0.34260495002404395
11239,0.02009358860687539
11240,0.0027494922626171018
11241,0.010994409344652917
11242,0.004925468550376031
11243,0.4599218964918481
11244,0.14021635776498223
11245,0.0255900363032614
11246,0.03434020255132593
11247,0.023083251133656727
11248,0.0065361507215756206
11249,0.12310206350936888
11250,0.00955258143621202
11251,0.2456214564887349
11252,0.016196732507342212
11253,0.10106304892332074
11254,0.003542466494082701
11255,0.007981442123223333
11256,0.028107834546863334
11257,0.007575940011617798
11258,0.004761658434966109
11259,0.027630297239429526
11260,0.08334291644997657
11261,0.5988015119574241
11262,0.04134634391940911
11263,0.02975681570770426
11264,0.031136576939102985
11265,0.003144981931827957
11266,0.027045832773085796
11267,0.0075663219912455145
11268,0.02049232477757364
11269,0.025901939633279136
11270,0.007008604102744925
11271,0.54843943884973
11272,0.002686483079619812
11273,0.8585600940635209
11274,0.0037695786690337646
11275,0.006080201596943395
11276,0.0626272743075062
11277,0.5130139361042287
11278,0.5200869594633002
11279,0.017763110678107805
11280,0.07653307824934534
11281,0.04163435229950702
11282,0.12415929121626959
11283,0.4494170510536521
11284,0.32480961224879884
11285,0.07518750922951903
11286,0.005294620550672898
11287,0.006962271178692625
11288,0.007890186476240246
11289,0.003030981736889163
11290,0.028106881248771483
11291,0.011455617101046365
11292,0.24959316714117738
11293,0.04005401702678445
11294,0.004958425906251393
11295,0.006291015133974481
11296,0.19581066551189202
11297,0.01462711359248951
11298,0.01353246625332597
11299,0.15577255369715295
11300,0.02907441775182288
11301,0.6583915967102785
11302,0.697908365622728
11303,0.0021480129955075283
11304,0.04857245592816559
11305,0.062259578196485914
11306,0.006324394368732571
11307,0.025769573787008743
11308,0.01601936097389135
11309,0.048028295079662234
11310,0.020352795924960688
11311,0.015570486366501546
11312,0.016877074972006682
11313,0.39912671583790343
11314,0.0399597076250372
11315,0.01053495654351727
11316,0.004168872412658834
11317,0.009031719719309826
11318,0.09161144453850366
11319,0.0033393862787694573
11320,0.011746596670427736
11321,0.050405128047357015
11322,0.04577962159859227
11323,0.4218223945278345
11324,0.0038959470141239276
11325,0.022570441515986257
11326,0.4364887555730082
11327,0.016202097300665488
11328,0.14913593647890025
11329,0.11163134133227864
11330,0.3835961905180002
11331,0.05368077142710013
11332,0.7168641979661776
11333,0.020424545932494764
11334,0.006622016581361327
11335,0.06336707337963439
11336,0.0028339301463071844
11337,0.5633166472505957
11338,0.195430801873687
11339,0.01011284472661406
11340,0.0076127835753124805
11341,0.3868412730602545
11342,0.0034920689530154136
11343,0.015695218357352617
11344,0.00873181841825412
11345,0.029293427428896606
11346,0.006484539779765644
11347,0.022237770112098244
11348,0.0025371838347391213
11349,0.07854799362789325
11350,0.005268540145998678
11351,0.3061923710248318
11352,0.09640810004852995
11353,0.02559483139502737
11354,0.022332223659055146
11355,0.014728462989326075
11356,0.008842150920394825
11357,0.09765903937469683
11358,0.6959507944430854
11359,0.49331592065159124
11360,0.4262831668784113
11361,0.03184676228858808
11362,0.009047352612195424
11363,0.23006129994405364
11364,0.003449286468998798
11365,0.03111678281974504
11366,0.07618860407902633
11367,0.01084092526145117
11368,0.11389621426885653
11369,0.07352486286854003
11370,0.0040103236388962064
11371,0.020990312192861866
11372,0.7053634339608242
11373,0.00875250976741763
11374,0.015165439124375757
11375,0.003690969787230917
11376,0.010786063910362865
11377,0.9212406248333067
11378,0.008994207661856936
11379,0.01170595056822315
11380,0.008112346069303448
11381,0.06725675687900701
11382,0.015778083899310756
11383,0.041118838162603574
11384,0.014893877911795623
11385,0.5627863228874692
11386,0.007516934074998042
11387,0.047738030208446906
11388,0.02332560300680802
11389,0.293312114400505
11390,0.00975647773395293
11391,0.009729238585273576
11392,0.021543082821740472
11393,0.00261341471053302
11394,0.02093483327464159
11395,0.1062240203460238
11396,0.025321378917552775
11397,0.03419242892512975
11398,0.2409992127797634
11399,0.0017021419171901024
11400,0.2554031685857061
11401,0.019290567260001754
11402,0.40241448820967357
11403,0.1961648415198479
11404,0.00411831743549519
11405,0.008126530388680374
11406,0.2960374192409297
11407,0.005827469361045098
11408,0.3282284206117552
11409,0.09037994770717851
11410,0.2327243011997045
11411,0.5586384282073205
11412,0.0075394155850434024
11413,0.021672733920940615
11414,0.009449481966662334
11415,0.01629975861092707
11416,0.012703155791199508
11417,0.008374343182261051
11418,0.003550665258356451
11419,0.012658456593421031
11420,0.1657095060567344
11421,0.011257870152627837
11422,0.004053553506415923
11423,0.9390611337456081
11424,0.005705509844310809
11425,0.0021031286248785527
11426,0.009724469577907598
11427,0.7836811796891816
11428,0.029070755526124644
11429,0.006781546976696406
11430,0.06586856330051935
11431,0.1815817720966138
11432,0.3233027831803746
11433,0.3458694964503193
11434,0.9130529537559453
11435,0.04055902871825392
11436,0.004769866446559662
11437,0.01694933049400133
11438,0.04370115549816753
11439,0.03157880110730651
11440,0.33013562910477373
11441,0.05140079130549964
11442,0.0918816631287162
11443,0.0034145572901965525
11444,0.3268072628938944
11445,0.0011636870366835477
11446,0.0056129255962113125
11447,0.18861481936559846
11448,0.26993434008464284
11449,0.0055639537100248306
11450,0.0059736712133692605
11451,0.015086542189957287
11452,0.03417422871754619
11453,0.002087426495598359
11454,0.005980587483943305
11455,0.007046532251180213
11456,0.026557330334432788
11457,0.017982303560767236
11458,0.2228553367267165
11459,0.02976293347634818
11460,0.007113787977086997
11461,0.056440524320171916
11462,0.011740724376490852
11463,0.053251900838801984
11464,0.00950153109309169
11465,0.009352361497016813
11466,0.004804183892875509
11467,0.019572638906452857
11468,0.059302229182185015
11469,0.006814683342184247
11470,0.015085762872303907
11471,0.04794478228616574
11472,0.00399362347333997
11473,0.09636387740653125
11474,0.0022462871405034756
11475,0.002657359622990629
11476,0.020184148171470438
11477,0.002764305878005656
11478,0.023259445828450267
11479,0.015632685482599537
11480,0.8982754051757977
11481,0.0050936473879602635
11482,0.06796178993140403
11483,0.006858126692715654
11484,0.007486636196803473
11485,0.004133789339781822
11486,0.03120343582791035
11487,0.01575424650090115
11488,0.32808536009815775
11489,0.272954902844113
11490,0.006179424915260583
11491,0.010575880186267206
11492,0.07745530676249407
11493,0.012905032903214054
11494,0.002374312950093447
11495,0.010012563854873776
11496,0.007181518174596569
11497,0.023302279455163145
11498,0.0033415504242575366
11499,0.00452144514746618
11500,0.11223803886538473
11501,0.013280143619062091
11502,0.003480739149993451
11503,0.008683206053272597
11504,0.01625103128011927
11505,0.13808941392409332
11506,0.005514989686106436
11507,0.006923706144379717
11508,0.7646062438836096
11509,0.9037085421141848
11510,0.008317577840786796
11511,0.031167021103357957
11512,0.007443029944589162
11513,0.022967200207193957
11514,0.1175863020813057
11515,0.07876857342723825
11516,0.35976574700675557
11517,0.49819071710461604
11518,0.3541744114129382
11519,0.059579630447511425
11520,0.005769817831116715
11521,0.004934270845580691
11522,0.05909335517135839
11523,0.31527876107061603
11524,0.031026957434785847
11525,0.021525739095514765
11526,0.26955295764606413
11527,0.005277026298038374
11528,0.004871755980075989
11529,0.04240298564607108
11530,0.018608023679128127
11531,0.022263968201861557
11532,0.00957907792206845
11533,0.09026797574202382
11534,0.2074922396526342
11535,0.4204354629412502
11536,0.08468522000700156
11537,0.019375919502214345
11538,0.0580044773902988
11539,0.3642520473353678
11540,0.0030787140316942334
11541,0.08849758450134985
11542,0.006901590027266257
11543,0.005976596387075414
11544,0.004335931126060722
11545,0.44136977997508015
11546,0.007210155929738281
11547,0.004869897630442905
11548,0.005335267340962249
11549,0.0035565658978308585
11550,0.005469574023933711
11551,0.006998376932588699
11552,0.19733222091080324
11553,0.03755275149352177
11554,0.012182604759263353
11555,0.01786599799014652
11556,0.1697591285961892
11557,0.02528340684590157
11558,0.20771345898790944
11559,0.03580203844671658
11560,0.003573573631209135
11561,0.025519427061106506
11562,0.2399605573975052
11563,0.020828756170015915
11564,0.6882490953711176
11565,0.9251316417643657
11566,0.15792344119860757
11567,0.007824731140222375
11568,0.003611133411757791
11569,0.7635146125096428
11570,0.013675600776201315
11571,0.08425311819607016
11572,0.12306772344188609
11573,0.0015210482338685897
11574,0.3694282528111929
11575,0.7331789798210407
11576,0.05904794995160519
11577,0.028526821580345023
11578,0.12913272558027508
11579,0.010081699716015137
11580,0.04208262427596171
11581,0.010922900756437003
11582,0.001506836073977858
11583,0.05733397604172064
11584,0.10960422344921923
11585,0.001348480692031296
11586,0.005129852499263872
11587,0.006800127572998138
11588,0.012860089224873184
11589,0.06590646760907419
11590,0.5854725351107302
11591,0.007574592956728583
11592,0.005732573057781849
11593,0.037301415724193675
11594,0.003633527928899695
11595,0.011700897557564505
11596,0.004836459187267965
11597,0.6084006105641475
11598,0.033382192067171315
11599,0.13163853673772163
11600,0.01088469868445822
11601,0.007692905850176267
11602,0.024843020170705693
11603,0.010120352632626587
11604,0.013886441651834919
11605,0.43308338863298035
11606,0.01182119651297876
11607,0.009179331318645834
11608,0.014806748067431588
11609,0.5082551328674866
11610,0.01715221251311199
11611,0.17501763312459043
11612,0.008359191479965519
11613,0.05328437990528731
11614,0.02187250812813605
11615,0.9607559466941941
11616,0.001679125924995287
11617,0.012877703175907427
11618,0.06648685310144507
11619,0.002814729380202164
11620,0.9360361327477016
11621,0.007505721266912716
11622,0.007186349055401401
11623,0.3199815561927952
11624,0.06469047066657262
11625,0.0029820063648540547
11626,0.0019090210454994158
11627,0.003193629236457775
11628,0.002889815634164757
11629,0.396070544706704
11630,0.010211750305725468
11631,0.02357005761899675
11632,0.022247074405387042
11633,0.00626148236586406
11634,0.027607121689831433
11635,0.020945470565668367
11636,0.00832489126058168
11637,0.007951671852100441
11638,0.00882945721607723
11639,0.010648272585072165
11640,0.010178904284395983
11641,0.004308628063774964
11642,0.4400321783385768
11643,0.012479312429014974
11644,0.051323433959371154
11645,0.3729128646332688
11646,0.002325822029430469
11647,0.7326041831477068
11648,0.14661843171735928
11649,0.008400649189526873
11650,0.7944965578112404
11651,0.00253182898943282
11652,0.03284757954609867
11653,0.0013562539535542859
11654,0.007987624518718213
11655,0.007375111120927382
11656,0.09638381346188699
11657,0.006278510120553269
11658,0.032091400715000475
11659,0.1648198883408154
11660,0.03258650874709958
11661,0.223631897682478
11662,0.006757266037834132
11663,0.31833921358371214
11664,0.025558499626570256
11665,0.024361832941252246
11666,0.024992560305946293
11667,0.010605691850006524
11668,0.043494833925920094
11669,0.1496489793772116
11670,0.1825075575289355
11671,0.7275519078760854
11672,0.008253799644873725
11673,0.0102583562736678
11674,0.0023776725208668257
11675,0.04249983966458415
11676,0.023604581005454192
11677,0.3547951636276874
11678,0.015226714186739654
11679,0.0027380266729361527
11680,0.5670058777459842
11681,0.024836626426755413
11682,0.5212832367382164
11683,0.030884979505930676
11684,0.014810039267913733
11685,0.0031297992131593256
11686,0.08208049500625579
11687,0.001851780598677064
11688,0.009845322112708844
11689,0.02721475851488603
11690,0.42390652029037706
11691,0.06884902610879667
11692,0.03892119038536804
11693,0.0030580975955223698
11694,0.02349645301314636
11695,0.004346028694451462
11696,0.017303368651430354
11697,0.3675431672084874
11698,0.12560570109241048
11699,0.0372143615382231
11700,0.2982727818176043
11701,0.010388248776198402
11702,0.02779799624433433
11703,0.02178672172608803
11704,0.3801476187488103
11705,0.09481762946687898
11706,0.36420631822743044
11707,0.006368152176585998
11708,0.054841044865286445
11709,0.028374526766215283
11710,0.004773964777819373
11711,0.012594945952855681
11712,0.053590158855748006
11713,0.07847504786430738
11714,0.03726685301160579
11715,0.09102756932988519
11716,0.16928368388363915
11717,0.008362079065040839
11718,0.004392282274548745
11719,0.03830320615813451
11720,0.02727191652013703
11721,0.001741863051806215
11722,0.005481866445922813
11723,0.8761496742244983
11724,0.059365314845588275
11725,0.27817299487289227
11726,0.0185033289063888
11727,0.03618274145365665
11728,0.005958754460012802
11729,0.06629550043352092
11730,0.5692529306399131
11731,0.6199745061664805
11732,0.006736109596857941
11733,0.004052129179826446
11734,0.9150349123774799
11735,0.01164726087431933
11736,0.028682021643289268
11737,0.0030437415652165268
11738,0.19690270407017613
11739,0.013958891131093951
11740,0.011043192339748478
11741,0.04064906637378289
11742,0.18351164795522537
11743,0.023997032313389295
11744,0.019027339082792014
11745,0.07746197024695735
11746,0.008435259204794899
11747,0.025283728232041343
11748,0.019828515461240134
11749,0.04017366523774792
11750,0.009155817906123022
11751,0.0016116071577191985
11752,0.02661359542937987
11753,0.0036038099243453077
11754,0.0057934782812068845
11755,0.17048088469612274
11756,0.024142289200784307
11757,0.011681313591854729
11758,0.6861436869197085
11759,0.05795845176166863
11760,0.025235583957574966
11761,0.2100241242621204
11762,0.00448247948227371
11763,0.02942827123957476
11764,0.004572435592209338
11765,0.09767706435136704
11766,0.018864855179316953
11767,0.8854352028878564
11768,0.030583558910464975
11769,0.5189381064789584
11770,0.017558012394985955
11771,0.009573927189501041
11772,0.014714333650388694
11773,0.04425190775481082
11774,0.006107816993970233
11775,0.035282192165379485
11776,0.004403168304738965
11777,0.0015114350084741307
11778,0.6172922235305747
11779,0.8180636338059087
11780,0.003343526547569418
11781,0.15576587736611247
11782,0.05535530667802692
11783,0.1251281484042959
11784,0.3751312210756626
11785,0.012372012458749337
11786,0.04521188777122506
11787,0.02418799081208934
11788,0.03605876810257118
11789,0.07690732562427703
11790,0.40907258967792465
11791,0.02371520332508642
11792,0.2515560311494011
11793,0.007695148763805979
11794,0.029424591484814997
11795,0.150768002682264
11796,0.2130778152266534
11797,0.004627015015066443
11798,0.0610706459418729
11799,0.2688972790995274
11800,0.012574876959137591
11801,0.01398853170783565
11802,0.03044840372257083
11803,0.6994344487509798
11804,0.0197754808368086
11805,0.02278194907728536
11806,0.010237791947796506
11807,0.31992099610566216
11808,0.04566611225081089
11809,0.003020775648496691
11810,0.013512031072860135
11811,0.009414500508081118
11812,0.04081011814913648
11813,0.005893344444146036
11814,0.0043988727432991296
11815,0.3920856893455265
11816,0.37883801193565897
11817,0.8937291515051912
11818,0.12092027149467804
11819,0.03221432954055774
11820,0.28586357489490544
11821,0.013698084552916065
11822,0.030916797264426487
11823,0.014840814022274749
11824,0.03371934817398375
11825,0.004528249916517339
11826,0.010937595036434187
11827,0.019519172915064706
11828,0.012279285544180143
11829,0.0038439688987645885
11830,0.017504896053101314
11831,0.03889115523171414
11832,0.23613010585209643
11833,0.005196587818966493
11834,0.04370915969027243
11835,0.3269533099734765
11836,0.004263946355222391
11837,0.35292289887525774
11838,0.022160894224136734
11839,0.051726133876443696
11840,0.18208667860583133
11841,0.1365936550254461
11842,0.0016173631137170838
11843,0.01603374186231731
11844,0.007055415254254549
11845,0.0018635985278336977
11846,0.0018761781742603681
11847,0.039955756435824406
11848,0.00199645656175696
11849,0.05022831439167624
11850,0.007527862936950338
11851,0.03163201979818446
11852,0.6130031331591862
11853,0.09973585372824349
11854,0.008684678284772807
11855,0.014293705796983894
11856,0.015417592227975214
11857,0.003928798969307753
11858,0.3651795682432717
11859,0.01681817166905319
11860,0.04490930387582448
11861,0.011219506199310308
11862,0.0062147739263909655
11863,0.08160788479553173
11864,0.005870132396343289
11865,0.011928656980104388
11866,0.21304109532074983
11867,0.005439687900198872
11868,0.5138109111267275
11869,0.0039036562824579396
11870,0.007385555692853649
11871,0.07716589807721559
11872,0.015372670622668517
11873,0.0045605657740044455
11874,0.009206176183272461
11875,0.09747464753839903
11876,0.23004140302348106
11877,0.02206767705912562
11878,0.009217267318159517
11879,0.005829473022590974
11880,0.003692328346737662
11881,0.004932028667105683
11882,0.2558761663303687
11883,0.02234319543178281
11884,0.004707632239283826
11885,0.011389669919540959
11886,0.030441874036718587
11887,0.0060268590135314016
11888,0.46231794593039105
11889,0.02694424766248385
11890,0.021963362692265405
11891,0.005442909218879743
11892,0.05569165515837458
11893,0.0727564402581961
11894,0.012282231373771841
11895,0.5466932392955794
11896,0.20541974056034826
11897,0.0482305215138281
11898,0.10089372894669531
11899,0.026164096720767176
11900,0.018558248775104428
11901,0.4750369642004883
11902,0.0025975426365508762
11903,0.576834822933505
11904,0.2391516585940633
11905,0.2835197428216631
11906,0.0032688476757529333
11907,0.03715406275158488
11908,0.05505316586650314
11909,0.023880279358625602
11910,0.02236318669096252
11911,0.0033459922040417383
11912,0.011122944040611524
11913,0.22975052271009985
11914,0.1644661383586903
11915,0.03260079021994749
11916,0.05069133413975859
11917,0.6019645006834377
11918,0.342853944708827
11919,0.009016302673422526
11920,0.027127042094685114
11921,0.003905292650346192
11922,0.0024073711664311186
11923,0.006172947381463539
11924,0.0031545790425047343
11925,0.01119946779576053
11926,0.04341736208348057
11927,0.007902755747420569
11928,0.15158538022497134
11929,0.007204485562958425
11930,0.044406600143985515
11931,0.017482754484934474
11932,0.004895218896855388
11933,0.004340281983559093
11934,0.050855518505390336
11935,0.044784243473381995
11936,0.005156461547543702
11937,0.0018407306237899804
11938,0.3445051134380238
11939,0.0070419818851285435
11940,0.05054225185626592
11941,0.0036805549260671487
11942,0.007739800620560783
11943,0.04634262078460698
11944,0.0905952387202622
11945,0.08044460273219
11946,0.05002114901293594
11947,0.6384629895280247
11948,0.033082599283666504
11949,0.005792501535083234
11950,0.02029743900641289
11951,0.2197988416585041
11952,0.8367015303538468
11953,0.018577955103431545
11954,0.341820946813348
11955,0.5892762622395176
11956,0.010658947896523916
11957,0.008319249899610715
11958,0.028574551664283198
11959,0.016746120465223818
11960,0.015007806308506934
11961,0.035556529623681804
11962,0.045771880059512604
11963,0.12393917988437192
11964,0.018474549561041102
11965,0.0013677005261839574
11966,0.16133694280277802
11967,0.5241293659606027
11968,0.032100632854288304
11969,0.16718273641418888
11970,0.05280735362962304
11971,0.011346525599186722
11972,0.010206686339589991
11973,0.026431919291174708
11974,0.02213194629244379
11975,0.008893237600888197
11976,0.03792006818936988
11977,0.45343223785532966
11978,0.005442670142583378
11979,0.022110454320925513
11980,0.6588315431425782
11981,0.03377703572774167
11982,0.012506221254383481
11983,0.01787762497956726
11984,0.007901190559246988
11985,0.09644448961060072
11986,0.09681760242111237
11987,0.0037653129987129043
11988,0.7909170644880811
11989,0.012209952803793526
11990,0.48971371833698574
11991,0.043274766863128734
11992,0.012719959896778864
11993,0.6444672105491923
11994,0.01961524732366455
11995,0.014789141691287441
11996,0.31543098812180487
11997,0.5211799004419286
11998,0.01864523134295088
11999,0.09969180205621049
12000,0.01012861235813451
12001,0.0034114266635357714
12002,0.011569973236732568
12003,0.0069750872126404595
12004,0.0038293917031840172
12005,0.015786873042268078
12006,0.3912675737917027
12007,0.07230226836559649
12008,0.0038943445741323043
12009,0.0039559053914496895
12010,0.020434232649962518
12011,0.0015643300627420054
12012,0.22549889956968655
12013,0.5309917514139179
12014,0.018599735066589188
12015,0.06364153995838877
12016,0.048842737254523885
12017,0.02397243553022061
12018,0.017708951988924075
12019,0.07696594717991383
12020,0.01156125780921275
12021,0.044796996335722566
12022,0.0436169141315856
12023,0.010624305119899412
12024,0.006616421550077768
12025,0.009395632553617405
12026,0.014279976065503743
12027,0.005996649219385875
12028,0.4461696451551082
12029,0.6959125713876605
12030,0.009946896794469456
12031,0.2632414425587389
12032,0.28703386116253005
12033,0.0015631283370015814
12034,0.007558654338636307
12035,0.02374742391336786
12036,0.0326415757450529
12037,0.4194519472074932
12038,0.03448290874459368
12039,0.04751507308785587
12040,0.019339939534966454
12041,0.0042407285805470575
12042,0.0032653202630152575
12043,0.0180331694617557
12044,0.004859764508456383
12045,0.021638923339068666
12046,0.02935257193687405
12047,0.012113403807125039
12048,0.07696738611897896
12049,0.008619160291560794
12050,0.3771005133679807
12051,0.5846229385831179
12052,0.18816136027443744
12053,0.07136007475742066
12054,0.1340792853085933
12055,0.00694653887847894
12056,0.028130262393781868
12057,0.00742089300339597
12058,0.03127126314036185
12059,0.1814342349053436
12060,0.0074457982771957846
12061,0.009169790689463816
12062,0.0016293162580138698
12063,0.01315014752240061
12064,0.4977808735854154
12065,0.04402237500607355
12066,0.004849364802310645
12067,0.02169300617598574
12068,0.04316312933281187
12069,0.006308259096141631
12070,0.007230689077442265
12071,0.011001501104323855
12072,0.017994885939401725
12073,0.008722614382735012
12074,0.15062153426881172
12075,0.008957151219212936
12076,0.9455504137802766
12077,0.006041058348041153
12078,0.0068213374587530575
12079,0.014041002679285368
12080,0.010902804779302873
12081,0.28289400792163816
12082,0.02125913441893447
12083,0.15641041489251323
12084,0.1049528147985926
12085,0.009218131907001435
12086,0.08760067903709902
12087,0.005101899365679652
12088,0.02032795269222177
12089,0.5700582110035438
12090,0.1867770003134876
12091,0.0826739521852207
12092,0.013216060106542773
12093,0.737840443733101
12094,0.023466295908848557
12095,0.9064723563519502
12096,0.005618590136439186
12097,0.00222271703995318
12098,0.0028127104416689054
12099,0.07126288685034042
12100,0.0253910513921586
12101,0.01889781207203846
12102,0.4583042815312951
12103,0.07588075626479161
12104,0.007562329739504456
12105,0.03666952258698065
12106,0.006750698972526696
12107,0.0019346546243508254
12108,0.7148670760002305
12109,0.6265806671297639
12110,0.03027618951271411
12111,0.5254149079777546
12112,0.026823996120344463
12113,0.004384600162015802
12114,0.8251657234149938
12115,0.04787718850843763
12116,0.0031646999283775766
12117,0.015232397530408984
12118,0.012478408090251747
12119,0.0014593702063851297
12120,0.004869687300818928
12121,0.003072379976148303
12122,0.0027860759191527568
12123,0.021366807699463586
12124,0.026112109021106764
12125,0.008829814048580091
12126,0.011116759935231885
12127,0.005843022471158953
12128,0.0024901732321568133
12129,0.05791326417670061
12130,0.037251392499117554
12131,0.007171203250704931
12132,0.6428781315199996
12133,0.20261143989134914
12134,0.251946292159554
12135,0.08046485292835512
12136,0.0047964981253321645
12137,0.005192730313073426
12138,0.7977154799703514
12139,0.12169990774083875
12140,0.01021134432230815
12141,0.0042504072036251995
12142,0.7652399213646601
12143,0.8499648569924532
12144,0.02503142910108075
12145,0.6467547282604754
12146,0.014721236522988136
12147,0.010941455537226518
12148,0.009598330081334162
12149,0.004954768780310147
12150,0.006875114898013719
12151,0.8759817767255907
12152,0.004063978757190196
12153,0.004650831579366227
12154,0.006031501629985818
12155,0.007841352067472942
12156,0.00760658416388239
12157,0.00856035433598481
12158,0.9475042193976961
12159,0.00928307561664284
12160,0.07842404626696432
12161,0.014266995338425197
12162,0.005400337111032522
12163,0.025623604315929624
12164,0.02744873914485392
12165,0.11388918797262731
12166,0.577454566104114
12167,0.014787925285472505
12168,0.00423672106952753
12169,0.010169050371697338
12170,0.007784229084757599
12171,0.008488928679727642
12172,0.0022106577047415646
12173,0.17554696255053903
12174,0.007086980246170757
12175,0.03939338553283428
12176,0.03272220585325012
12177,0.006551506435034015
12178,0.1700535506503424
12179,0.08996434845528516
12180,0.1553732674359313
12181,0.05005763948527163
12182,0.004551695889862862
12183,0.23248666520914132
12184,0.060175108040861916
12185,0.002355422982363965
12186,0.011858526145419906
12187,0.03158732960489695
12188,0.0028749807023262207
12189,0.008755136584345157
12190,0.05681488484664294
12191,0.5092669836585259
12192,0.07689971868160213
12193,0.007819848587589133
12194,0.0036129681957730564
12195,0.06484057432446402
12196,0.048502317389419826
12197,0.021172340107630035
12198,0.003853696120514615
12199,0.5256765834028391
12200,0.007791194496433517
12201,0.006680000532273418
12202,0.13056227906802384
12203,0.008297424790043978
12204,0.016946948490529558
12205,0.0040066611993063396
12206,0.5009729520137393
12207,0.038223038364051186
12208,0.4971427509891291
12209,0.019625470794330687
12210,0.0027321254549326325
12211,0.06637564569011728
12212,0.02063984169269077
12213,0.06391902966961388
12214,0.0068164342892137
12215,0.01955386436719906
12216,0.016621028499844967
12217,0.0044103658318029775
12218,0.009343743824197042
12219,0.011909204005349356
12220,0.007433692892122183
12221,0.4895966450108758
12222,0.44672203066191307
12223,0.01651731519368831
12224,0.03940886623616613
12225,0.4157233378082094
12226,0.004112255026020651
12227,0.6183723489968833
12228,0.01872374570647797
12229,0.4286095104413295
12230,0.6478296169279482
12231,0.00590513206306168
12232,0.9481225947633539
12233,0.5879428300240904
12234,0.0036532960228095736
12235,0.004067965006467285
12236,0.016406929361662825
12237,0.08629077315669921
12238,0.026309076615312395
12239,0.009209317147083496
12240,0.12492534068283699
12241,0.0025640646531327202
12242,0.015200880156269693
12243,0.016266292256911806
12244,0.00984930577589305
12245,0.04138721960250085
12246,0.004793189337113123
12247,0.00421777852956074
12248,0.005013826223863722
12249,0.016956030782808194
12250,0.044355437842169984
12251,0.012356532045539971
12252,0.9478503137443764
12253,0.02031783225309703
12254,0.005649926979220511
12255,0.11058826150496219
12256,0.17958295803588006
12257,0.016736025922985946
12258,0.0055865532055872375
12259,0.3956830199822118
12260,0.2915171436268447
12261,0.06371686347941828
12262,0.12052447794049084
12263,0.033825453264214544
12264,0.005398935039919042
12265,0.14525706389492396
12266,0.03318123198462119
12267,0.005105366292086761
12268,0.0031200133610487703
12269,0.007879773819326568
12270,0.012884833610420974
12271,0.004960920984146721
12272,0.32583217420355276
12273,0.002831090221876766
12274,0.020255941575030467
12275,0.008142553878032496
12276,0.022353152809840928
12277,0.01984744447783133
12278,0.02342189655487732
12279,0.012227368258107137
12280,0.01393853217259647
12281,0.012094675123046524
12282,0.03244822581437466
12283,0.05828019552929495
12284,0.44200514429307164
12285,0.6774430641112862
12286,0.006406290042530328
12287,0.2567398680799245
12288,0.005001991065910831
12289,0.010575943720548226
12290,0.018448809018142526
12291,0.008707248798140355
12292,0.10410907438258338
12293,0.01574883267205322
12294,0.0055645069829973
12295,0.5667257384282497
12296,0.08952487232440831
12297,0.02066366182861526
12298,0.09185558584743797
12299,0.33488364533114595
12300,0.0021705989520838615
12301,0.03486929997803434
12302,0.007359944991225037
12303,0.029313597402303923
12304,0.12704357235399477
12305,0.042503830453585204
12306,0.010139578768954022
12307,0.0071928737071201565
12308,0.005319519593266525
12309,0.0014613467529318081
12310,0.2902481306850705
12311,0.0036968963100198074
12312,0.0035392774693072376
12313,0.2008271433799771
12314,0.001986521707496024
12315,0.022656912738604033
12316,0.050791121693173326
12317,0.032532876011683115
12318,0.01158472050363704
12319,0.0039385452310742195
12320,0.0012702431106521388
12321,0.034528919269703785
12322,0.028547866042161422
12323,0.09239378802631515
12324,0.0053643905426323645
12325,0.28280524423388703
12326,0.0033594248130677175
12327,0.7787907625386755
12328,0.7030894375251325
12329,0.00431713792934973
12330,0.026698348132563
12331,0.01064856537434591
12332,0.04859282398507232
12333,0.5822216001921142
12334,0.3735570579201454
12335,0.0325061018592683
12336,0.006225850161752185
12337,0.006856476969241611
12338,0.004186518809186711
12339,0.7814565626968888
12340,0.314157295787659
12341,0.006817820325632446
12342,0.020494785697963782
12343,0.004456811653126085
12344,0.4890191950700545
12345,0.01795184410583685
12346,0.013595317625243297
12347,0.0017991903469163654
12348,0.03069970592668522
12349,0.019356912974751093
12350,0.19393506517338796
12351,0.02586076470884472
12352,0.00446333164069339
12353,0.17722502190552386
12354,0.04104889098718418
12355,0.02732351936180519
12356,0.016233647502735208
12357,0.09812936694783436
12358,0.050929307551151326
12359,0.03408904472027998
12360,0.009448975236235871
12361,0.0016794400660838892
12362,0.0039453477983688
12363,0.016009274337235684
12364,0.009011160463340181
12365,0.09748703242444609
12366,0.0198300909351292
12367,0.03012784539437817
12368,0.16955829443889261
12369,0.007891199259546844
12370,0.002520936619836932
12371,0.04370128585245067
12372,0.019829948782692137
12373,0.013638313286396482
12374,0.004128096908449342
12375,0.002696576363148974
12376,0.007905023724659276
12377,0.033553290836596854
12378,0.5221209067958037
12379,0.5726820100601586
12380,0.002140555667990473
12381,0.00840827817668136
12382,0.0044438699701641465
12383,0.0038749064953687608
12384,0.019013644154089408
12385,0.011788207057480295
12386,0.008711102425163484
12387,0.009213395013322117
12388,0.8910357081283958
12389,0.02656575393413592
12390,0.36828105662032884
12391,0.031207088407146998
12392,0.24412746115235995
12393,0.010383898815803278
12394,0.0023075372685454273
12395,0.017091966805334598
12396,0.02487959291591454
12397,0.002136289715160215
12398,0.010047032639940655
12399,0.003346760443159002
12400,0.0557456588989648
12401,0.1994105505142442
12402,0.11297883175690589
12403,0.008645677829508267
12404,0.0377226459691664
12405,0.49209711751850355
12406,0.2884380654157491
12407,0.05727151399445953
12408,0.0057755536418232535
12409,0.014114113280970182
12410,0.014518809137692218
12411,0.024746639431049447
12412,0.5545976905747029
12413,0.027764162990793165
12414,0.060200293608011
12415,0.0060621990197873
12416,0.002160909254076572
12417,0.3442043666739169
12418,0.013136580330441414
12419,0.021621273844713868
12420,0.011343369659751414
12421,0.017033561580216256
12422,0.006653520462988709
12423,0.007769378022930844
12424,0.0056843126392856986
12425,0.5089429626321708
12426,0.08313002257711655
12427,0.03830435628784518
12428,0.022639721514444006
12429,0.0034870882282840025
12430,0.017285645587314446
12431,0.07396033435104592
12432,0.3339133433629686
12433,0.011676992428079357
12434,0.04123223756911477
12435,0.11786188493133605
12436,0.0023997008363589797
12437,0.003284997681758995
12438,0.22419157532450543
12439,0.0031997604108799276
12440,0.019077956620061075
12441,0.03137252949004593
12442,0.34983169230705286
12443,0.3769431102161555
12444,0.6259298236351196
12445,0.03131550138289391
12446,0.013235268927200842
12447,0.2135049449044727
12448,0.004547072831581073
12449,0.026452530566077843
12450,0.6976724749094895
12451,0.0023235367141817924
12452,0.004122548398611927
12453,0.31725324084777357
12454,0.0016219226221305895
12455,0.006166403884314872
12456,0.5620020096602798
12457,0.002481947370604155
12458,0.02898702868536451
12459,0.012216512447450721
12460,0.03541267434917925
12461,0.07853545744544509
12462,0.1927687215956635
12463,0.35834632278530054
12464,0.1329816812843606
12465,0.01079176611515675
12466,0.08301996363858716
12467,0.033462903856487446
12468,0.006244524431119253
12469,0.006972304112164498
12470,0.49511187894216135
12471,0.0011965639083644404
12472,0.6429318853996258
12473,0.007159109509472809
12474,0.003746134723054571
12475,0.10636804518437218
12476,0.853277783584372
12477,0.012006941819571272
12478,0.010564623314819072
12479,0.008300411102259007
12480,0.04161180237729247
12481,0.03463592551737865
12482,0.006041129941005332
12483,0.006040461302214376
12484,0.5780242055582958
12485,0.00978804198760285
12486,0.5621489936127975
12487,0.03958212198097078
12488,0.002300215126553332
12489,0.010117439541754389
12490,0.0292420572043101
12491,0.008123669511210765
12492,0.04657199788016677
12493,0.4877175099516698
12494,0.577130984352217
12495,0.4525021492043676
12496,0.007809425118594472
12497,0.10223807309093748
12498,0.00233025359845455
12499,0.004416038874006131
12500,0.04273147893585578
12501,0.017875703245989784
12502,0.00788330925773273
12503,0.01811150024443688
12504,0.004740342264659567
12505,0.009172517034077612
12506,0.014848458263307883
12507,0.0490333660213454
12508,0.0017438411326765049
12509,0.009660833549045632
12510,0.04795261133458248
12511,0.028706850146528604
12512,0.00482887635449267
12513,0.0016079209013588752
12514,0.008131763493656756
12515,0.03359752093477315
12516,0.012442239066251352
12517,0.004323374428592133
12518,0.049024889139138494
12519,0.2276441416053968
12520,0.00691420752700287
12521,0.25124023931310996
12522,0.00300416818731547
12523,0.35861435537707304
12524,0.021213274733787472
12525,0.004110927932007556
12526,0.024778331833445584
12527,0.0016961511725107582
12528,0.004171361619389073
12529,0.0074095390653367895
12530,0.03184332277512116
12531,0.34762450545892815
12532,0.028795165929597296
12533,0.7825951650730861
12534,0.057079190765950014
12535,0.022762438285205105
12536,0.038712272110994594
12537,0.38309475447563385
12538,0.5603308909419449
12539,0.0232532224697426
12540,0.0264550488753606
12541,0.006520768731173559
12542,0.0025958200257302174
12543,0.4214664023092151
12544,0.03263413678421125
12545,0.045044267967656905
12546,0.006563029758699536
12547,0.004956664071186651
12548,0.009499154564430132
12549,0.004496355448403169
12550,0.20582284423705097
12551,0.007803095006036264
12552,0.03861843265232616
12553,0.009941689959087126
12554,0.05879281085321326
12555,0.011094186739383671
12556,0.007201572852174748
12557,0.5252026947260016
12558,0.6547101234330932
12559,0.8155531791301922
12560,0.02633517115800371
12561,0.10929853064574876
12562,0.4391580580302276
12563,0.08684842503170527
12564,0.06795177307912031
12565,0.06379100777244949
12566,0.006110103862771285
12567,0.04654637762426096
12568,0.5764811148907146
12569,0.014839561608082115
12570,0.00479213262585565
12571,0.014604042262203689
12572,0.0037536791635892786
12573,0.00662290644975629
12574,0.06337817417594958
12575,0.1371603103876037
12576,0.022201362476987733
12577,0.011724758745228657
12578,0.003475493024434565
12579,0.028793210431799103
12580,0.6241520410424314
12581,0.02785798134928062
12582,0.029014270262880018
12583,0.5238934003343915
12584,0.001178481694414078
12585,0.0031444833533679144
12586,0.042140579676274686
12587,0.004083569051804378
12588,0.012369532231544534
12589,0.728384971478335
12590,0.013134309226120355
12591,0.345168609778834
12592,0.035408019152146336
12593,0.00253042647785738
12594,0.007265593469076718
12595,0.0024860770950122695
12596,0.15051805301979496
12597,0.7489956863599784
12598,0.3997952859155033
12599,0.07313795053231086
12600,0.0047414902056400745
12601,0.22473221971940982
12602,0.029138936537562752
12603,0.0043277617173775405
12604,0.007559729263321666
12605,0.15960924998253423
12606,0.00502900795364273
12607,0.027980365824444835
12608,0.05934221193070234
12609,0.0012328407917164856
12610,0.061914704925089985
12611,0.012649806162508076
12612,0.005718492311784987
12613,0.015873234819264618
12614,0.0017572731353410695
12615,0.024383214683982947
12616,0.0036152093201297325
12617,0.0028433618866617076
12618,0.002232035384908666
12619,0.10367427987848207
12620,0.006299908593423044
12621,0.0039020361726197187
12622,0.003897495283436181
12623,0.2216102734962941
12624,0.02863974635253708
12625,0.02386971902048417
12626,0.6874698580459461
12627,0.07577333643211345
12628,0.7585913009989423
12629,0.010428007779492942
12630,0.12727613713164657
12631,0.02378199557400538
12632,0.06269904909798835
12633,0.00814404501348928
12634,0.005712658412495721
12635,0.0033387181780672732
12636,0.02178830634788622
12637,0.5458953120941773
12638,0.005223975241771565
12639,0.02401847042144374
12640,0.15415354267193285
12641,0.015845827463157415
12642,0.02984015234988067
12643,0.1917982662479047
12644,0.01910416814344842
12645,0.0023037730777713023
12646,0.03444021037932377
12647,0.004185955747935209
12648,0.009487529590037857
12649,0.005320356398883455
12650,0.0014420359098511837
12651,0.12838070635595644
12652,0.024151027815177927
12653,0.0018865476999273185
12654,0.027579488499981496
12655,0.011396873970546537
12656,0.006563907262642691
12657,0.2613462590432706
12658,0.017674117860864307
12659,0.013090270670247211
12660,0.05712893720441829
12661,0.007826023970001312
12662,0.0017168087389446386
12663,0.09475987335927548
12664,0.010353164296028465
12665,0.007781999984900934
12666,0.022359178446540572
12667,0.009346036047174664
12668,0.028511376256510124
12669,0.022321252609396356
12670,0.030854690530425423
12671,0.024104019192631023
12672,0.03124133385500731
12673,0.008345542997301137
12674,0.3158182180464392
12675,0.2556362754262426
12676,0.009343671151065946
12677,0.3272744634864636
12678,0.8673764686990771
12679,0.0041716962068062725
12680,0.013851032719827112
12681,0.013116801503269973
12682,0.002449775609815269
12683,0.0078497885005337
12684,0.5693266509586987
12685,0.005164564219607054
12686,0.5587587867352561
12687,0.004197338069386811
12688,0.04865402472905045
12689,0.02535132961103997
12690,0.002354603134607881
12691,0.006699319607279597
12692,0.01290357130598462
12693,0.19801546327451555
12694,0.01262674207237773
12695,0.03531092652424299
12696,0.022564161430013097
12697,0.05258827266953596
12698,0.027041448547464098
12699,0.0023699255564632485
12700,0.015296372002044893
12701,0.9654409822229396
12702,0.03040439765230173
12703,0.014205165532741591
12704,0.37279086918311627
12705,0.03926705593136675
12706,0.022111692029470924
12707,0.0024999071051529207
12708,0.3736391782141546
12709,0.08033030543367059
12710,0.2902542439942091
12711,0.0071431152741899305
12712,0.7605232445914917
12713,0.011022453147408264
12714,0.024478047148978156
12715,0.015300238568871393
12716,0.02567945506792762
12717,0.1283876910758359
12718,0.0414155861145479
12719,0.14744776280443422
12720,0.03200170473147468
12721,0.15546990887732798
12722,0.07508906404546183
12723,0.20003204750403114
12724,0.004168941351059418
12725,0.44773911315306564
12726,0.035358746818937525
12727,0.014022025670666892
12728,0.013302675748862796
12729,0.005542775392315345
12730,0.016800183031233283
12731,0.24378822338008743
12732,0.9294934794106846
12733,0.054443725715904966
12734,0.16885589791029953
12735,0.013714654888816692
12736,0.29954698660128015
12737,0.011992703276272965
12738,0.016343470581244548
12739,0.0028360198432497894
12740,0.023849610514870907
12741,0.3719451289393644
12742,0.040039742240053404
12743,0.0033699977983660846
12744,0.016728846017512688
12745,0.01257418804129366
12746,0.004053441008208472
12747,0.16002966231439772
12748,0.06613617959095332
12749,0.10298809981711894
12750,0.04047313228835363
12751,0.012877572771597182
12752,0.0055483145266860216
12753,0.005353485692721392
12754,0.09951418239507086
12755,0.0115580454570916
12756,0.06663084945764705
12757,0.003496235252266471
12758,0.008422853107432685
12759,0.5146243300926431
12760,0.026979873061921494
12761,0.848518021512199
12762,0.014377227896461628
12763,0.002966636870214208
12764,0.06018173866895119
12765,0.005820891770428984
12766,0.012289723319438785
12767,0.020558292445734257
12768,0.036936390007504226
12769,0.00870856143187493
12770,0.004368153933899867
12771,0.011369658638696312
12772,0.27137561119412484
12773,0.019182937544658947
12774,0.040513488451958665
12775,0.008368314833967383
12776,0.06877045718453642
12777,0.04782236098584094
12778,0.015579308344947364
12779,0.2375228532844103
12780,0.09651226513130909
12781,0.008421983034825027
12782,0.006991172134343137
12783,0.002542052683477716
12784,0.046325756201525924
12785,0.03452499964385259
12786,0.003433706117576694
12787,0.12274812984195728
12788,0.02448847043374505
12789,0.009808564557866727
12790,0.07276469296529718
12791,0.022983009590909886
12792,0.003487193691927256
12793,0.15848898763790892
12794,0.864927949300882
12795,0.8083814850226942
12796,0.011195756035780918
12797,0.009196822500429528
12798,0.05653421025998944
12799,0.05165406647554904
12800,0.008279872022825126
12801,0.0014631172531868607
12802,0.039516669900702316
12803,0.0014764014254095542
12804,0.0023016897673748633
12805,0.001901802059563754
12806,0.5069888741051375
12807,0.02543064016290328
12808,0.12476461831538452
12809,0.010738355150694311
12810,0.3425532685601752
12811,0.012392025159291845
12812,0.011828198109941552
12813,0.0054537261772962115
12814,0.6838129072178613
12815,0.005233769839147252
12816,0.007961157831680608
12817,0.014360016777302748
12818,0.011537338169895097
12819,0.00979180625344796
12820,0.13877532492850897
12821,0.6048890806480882
12822,0.8638265820533263
12823,0.8800110325923335
12824,0.011510900536820998
12825,0.28365301839605533
12826,0.021331920562738256
12827,0.0014871757170808683
12828,0.0040753666326752555
12829,0.2051459957496586
12830,0.004548574046083555
12831,0.0385775405996326
12832,0.017806763479147867
12833,0.007373920112774029
12834,0.001808233095326348
12835,0.5184631707263316
12836,0.22552308927074285
12837,0.024349504737476563
12838,0.010967036113142682
12839,0.3628401247333551
12840,0.013601070197298688
12841,0.004454242453481363
12842,0.07564381596188273
12843,0.6431826713346128
12844,0.009111744131130707
12845,0.030940760522803964
12846,0.023199836778802777
12847,0.0047325697476499305
12848,0.012945905554030074
12849,0.037886090308391046
12850,0.03757525608488912
12851,0.47401570453023156
12852,0.004207281963863935
12853,0.021083287465140755
12854,0.008663373750184217
12855,0.002898743427049146
12856,0.007518534663262928
12857,0.11276640922446472
12858,0.12430792835367009
12859,0.003902182280380635
12860,0.0032055646468710434
12861,0.05626231872345261
12862,0.38573530013054913
12863,0.05905946890161395
12864,0.037148668293749354
12865,0.25377105531224714
12866,0.06165401656933398
12867,0.40970675759832403
12868,0.006057918398242699
12869,0.34676358345399527
12870,0.013659318570345273
12871,0.0036041595941399976
12872,0.00599749546577448
12873,0.003705495695954759
12874,0.017488907920180402
12875,0.4240830994307363
12876,0.31598541482966813
12877,0.03553496446261235
12878,0.10539153830048012
12879,0.002541692939790813
12880,0.31382378405928035
12881,0.1408915750218286
12882,0.03812894732053193
12883,0.03406444601248971
12884,0.05198446402359558
12885,0.005710236495666827
12886,0.04091418394933778
12887,0.7005572259560288
12888,0.12149258145043657
12889,0.05727380484677302
12890,0.042975813305946055
12891,0.00711236388267355
12892,0.010274355276732846
12893,0.4647538373898654
12894,0.24533626617792176
12895,0.005517851691029436
12896,0.020281337210360205
12897,0.008577064839456519
12898,0.3225022297465336
12899,0.0832656530558088
12900,0.03442489992076449
12901,0.21975064736999464
12902,0.08592209152739691
12903,0.20688364749505203
12904,0.014623064115135155
12905,0.028346848762270796
12906,0.0345362927732853
12907,0.03869595120611128
12908,0.03215723354217493
12909,0.17669142941710522
12910,0.016355263759259518
12911,0.009242823420687649
12912,0.011181523868484498
12913,0.442489050416138
12914,0.00998096619522233
12915,0.11239986329797029
12916,0.008134309023063502
12917,0.006563067314646758
12918,0.0023024227915644626
12919,0.607952316296898
12920,0.03029838306167784
12921,0.05302832436942408
12922,0.17003873812141168
12923,0.8378998726243861
12924,0.003413267605400732
12925,0.048771532717279874
12926,0.004895531924696927
12927,0.03193445545870009
12928,0.05196340677143833
12929,0.42188404571095417
12930,0.0063032523563649814
12931,0.006626152188799714
12932,0.011040757944849364
12933,0.013922684253641964
12934,0.005352983824409443
12935,0.05024215572359603
12936,0.014680792188740296
12937,0.011253890590663488
12938,0.004366236925041715
12939,0.059448735720877166
12940,0.00580058311671578
12941,0.030680852012729774
12942,0.006618695341564058
12943,0.5122328514143952
12944,0.009991300502061247
12945,0.017093521842815627
12946,0.42555575093276515
12947,0.20000614457338503
12948,0.009954379984882179
12949,0.021311747073162593
12950,0.07252190296715548
12951,0.0015407445178827663
12952,0.006925763489126029
12953,0.0027195064683102252
12954,0.007408728382138738
12955,0.0026640328631388987
12956,0.06020588927786751
12957,0.3217500130383156
12958,0.013818230613777552
12959,0.0027095345488632964
12960,0.034810006126924864
12961,0.05898137179720705
12962,0.007698930400994388
12963,0.03025644050953567
12964,0.0087622094364228
12965,0.02525933723354593
12966,0.004106909575378944
12967,0.06545038680824602
12968,0.017227724216414823
12969,0.09594315995949346
12970,0.010254851615432662
12971,0.009150201593248555
12972,0.02200031310405663
12973,0.004050503725161732
12974,0.005891457831038206
12975,0.00990791313240548
12976,0.006768072906070082
12977,0.7933025717795804
12978,0.28691712436734756
12979,0.011850931673098072
12980,0.13289415331377832
12981,0.9214105031712111
12982,0.07614439658971608
12983,0.0692406992502422
12984,0.01126517583894379
12985,0.006612673679676223
12986,0.21877437141037695
12987,0.016572571118408378
12988,0.010510159741717675
12989,0.6801412565292481
12990,0.28652884155188
12991,0.036000069980719675
12992,0.01083569681077546
12993,0.09786129870686014
12994,0.008226296696719346
12995,0.5461158361291778
12996,0.009551894912953844
12997,0.6139600189016442
12998,0.019286082215724813
12999,0.022909198167672666
13000,0.8992178007893021
13001,0.019560843534777033
13002,0.4887965135606066
13003,0.0415861117320038
13004,0.001603888075573434
13005,0.005339534860992011
13006,0.11089503273233352
13007,0.12010314503024191
13008,0.10866356572056447
13009,0.02358350874844636
13010,0.0033287423218727246
13011,0.00274961804699329
13012,0.015498867975945857
13013,0.09822912328994084
13014,0.3594489885244446
13015,0.3106186971018093
13016,0.0027232901948040004
13017,0.01637432557821105
13018,0.013008011757459999
13019,0.0069199979279313435
13020,0.0565672826666387
13021,0.42132860319390464
13022,0.0025000247962927466
13023,0.5329114606818518
13024,0.02049563390441553
13025,0.0037477076887552922
13026,0.0021723446618669494
13027,0.005748259616926972
13028,0.1069008628796814
13029,0.005203230405260461
13030,0.135751450097399
13031,0.0064279756514491445
13032,0.18384078877794996
13033,0.03667877932306707
13034,0.05720554983202071
13035,0.007499031625701643
13036,0.010257145089556028
13037,0.010170091561570345
13038,0.004979630332663291
13039,0.026689122225265174
13040,0.004083783504445355
13041,0.05828855317733495
13042,0.011607555222901841
13043,0.6035346552090246
13044,0.5861659642825856
13045,0.00540317871254143
13046,0.0478799795600839
13047,0.028003178070682037
13048,0.05239478497029541
13049,0.02249437343202363
13050,0.44091299722335364
13051,0.0016095558021123554
13052,0.0194982472062407
13053,0.015477934026115369
13054,0.06051300393077378
13055,0.09887249159763556
13056,0.026353957982644387
13057,0.0015308529649294416
13058,0.022741029577876607
13059,0.8301977731341362
13060,0.009097580418961035
13061,0.10182215366630852
13062,0.023025247064442374
13063,0.009825264258031914
13064,0.00385945565928529
13065,0.007805414034784605
13066,0.009526280608027583
13067,0.023212565110858903
13068,0.009303772873572263
13069,0.20697320336420041
13070,0.005800852708674075
13071,0.006937189909992187
13072,0.003154581011417468
13073,0.6223019932859623
13074,0.016393431042658214
13075,0.013039789320159402
13076,0.012169483990421408
13077,0.25618863229486827
13078,0.0034539377287152954
13079,0.0071100264430767
13080,0.006848591813516518
13081,0.010843092977022944
13082,0.5099009459475825
13083,0.0036311258320618272
13084,0.0044884456533938084
13085,0.010259591576009022
13086,0.004172385397302043
13087,0.0036898681435217455
13088,0.011261554792649122
13089,0.21401164694413713
13090,0.010901090495645003
13091,0.23604318251138837
13092,0.012157835686224508
13093,0.026309182479390528
13094,0.033220354579335344
13095,0.11318892500777551
13096,0.00452463274926236
13097,0.011319964593082717
13098,0.7270065421190813
13099,0.007915839380041624
13100,0.05907504750345293
13101,0.0075081197948797815
13102,0.023046079141268737
13103,0.0056603933517346775
13104,0.5226872034757366
13105,0.01235876983640688
13106,0.5312638466053018
13107,0.7408376298829027
13108,0.008934248760884934
13109,0.03372887998808356
13110,0.11058833590428226
13111,0.005126634380192586
13112,0.40099680833412676
13113,0.4221088171119544
13114,0.005022154497142499
13115,0.003844430143867836
13116,0.6155140061543191
13117,0.7070266952292917
13118,0.47329532747719466
13119,0.40199823785117816
13120,0.22253062934976217
13121,0.00786012274473329
13122,0.40912721845470756
13123,0.012224438393016148
13124,0.0021899090511477053
13125,0.02590676422257113
13126,0.001878567547466019
13127,0.007924635158330915
13128,0.17589160423992684
13129,0.08444673542448371
13130,0.049584923122680064
13131,0.010328925518016991
13132,0.0036792767562419198
13133,0.009696076128997328
13134,0.00447054933175376
13135,0.04400186644073908
13136,0.02862274960765092
13137,0.006660089520535377
13138,0.027609349373926954
13139,0.46631930627236307
13140,0.04066381840188114
13141,0.0025710152817957233
13142,0.09252734567476606
13143,0.006584296293967993
13144,0.004049383425459319
13145,0.03349142044415312
13146,0.004775699663552708
13147,0.006472000485030832
13148,0.011614111406863373
13149,0.28013132583958955
13150,0.0547092894125053
13151,0.003449286468998798
13152,0.015657981068118953
13153,0.03389217529795071
13154,0.023859397768261844
13155,0.03258892298808072
13156,0.09908233607767078
13157,0.006351599837185168
13158,0.02166626015847086
13159,0.004886737071613163
13160,0.009191151753504661
13161,0.005080633167935204
13162,0.01097760486891907
13163,0.005303054083515414
13164,0.42533906609615724
13165,0.0015223174751977004
13166,0.015377674097420661
13167,0.006403322523087196
13168,0.04566478103807704
13169,0.07262541443826229
13170,0.003767427213295823
13171,0.008330267686965797
13172,0.00236735233725255
13173,0.0047443577356667275
13174,0.06714677001375381
13175,0.008798563675884875
13176,0.02113195818700041
13177,0.007234705157768888
13178,0.3508424593609349
13179,0.0028245265765218827
13180,0.014844681449133354
13181,0.020706093821638478
13182,0.21858739162051322
13183,0.48552052011752805
13184,0.004449360284422739
13185,0.003629264724411226
13186,0.07456263930824568
13187,0.554103534212739
13188,0.016757700730787084
13189,0.008250077946342294
13190,0.0741373005492888
13191,0.0038279987726116136
13192,0.15091114889412285
13193,0.1048180103860367
13194,0.013784530014748735
13195,0.006556126441571871
13196,0.004625633483745365
13197,0.0012821445985031375
13198,0.1792572835422563
13199,0.003886987522492668
13200,0.008141873375739305
13201,0.0030125547648529013
13202,0.0113856941927354
13203,0.8343940155519787
13204,0.6796571287409283
13205,0.0051461435357979465
13206,0.16172814062209206
13207,0.014229699484707663
13208,0.39477299829531987
13209,0.003663276446369324
13210,0.0038051064869286796
13211,0.007064657969264605
13212,0.020659105469221506
13213,0.029168824955505573
13214,0.002470693803790236
13215,0.026485490082048178
13216,0.006433920882827714
13217,0.0060805284208862035
13218,0.22799505001672973
13219,0.00798677726880034
13220,0.0734929180055012
13221,0.11765501932946099
13222,0.32173024926856436
13223,0.017149296543395753
13224,0.04017314466268088
13225,0.0018793370719222009
13226,0.024811841098888444
13227,0.041670691769443456
13228,0.015525605641637182
13229,0.6508507963814131
13230,0.008525288347904243
13231,0.0036143557839877355
13232,0.0937239242548416
13233,0.12189532734477027
13234,0.008418097389949015
13235,0.027706025087545338
13236,0.005350931913579071
13237,0.004566419697830466
13238,0.30126851380800446
13239,0.010643082981460118
13240,0.010911920220372438
13241,0.3251507289857786
13242,0.011166040397649546
13243,0.08955239713171188
13244,0.009512927221454717
13245,0.013146670532476038
13246,0.003800978482326064
13247,0.7964146631146187
13248,0.005010494567926721
13249,0.012164530997420774
13250,0.2040485800008184
13251,0.0038927738339055223
13252,0.09808060800845995
13253,0.002577982166329719
13254,0.38843710839744683
13255,0.9115710542571128
13256,0.020937433428533412
13257,0.010147790495008269
13258,0.009207772746321017
13259,0.004306589497503784
13260,0.5585450898924704
13261,0.022744551986865768
13262,0.042122009164372164
13263,0.4274779343195169
13264,0.0034426300042845904
13265,0.003355407749059978
13266,0.002467777431305621
13267,0.015471331972079182
13268,0.01128890641729685
13269,0.006188932999670395
13270,0.08979014676114187
13271,0.016671700204439806
13272,0.012728189695694057
13273,0.03644502000352706
13274,0.03700655043152343
13275,0.1785607003464729
13276,0.14988181838670808
13277,0.031402236300411494
13278,0.437416523494949
13279,0.008581135214038136
13280,0.008296922401846426
13281,0.04230777998861586
13282,0.01688798453356507
13283,0.01023464844448531
13284,0.0016551674742027477
13285,0.012259094473415584
13286,0.4608463477042699
13287,0.039185467306432256
13288,0.009392090108244848
13289,0.03037024317523208
13290,0.6070988968176635
13291,0.021726523186539046
13292,0.008365896143254085
13293,0.004624782995185519
13294,0.0055905902809531855
13295,0.5906915710548168
13296,0.0073010186355238395
13297,0.19378038485185042
13298,0.003082484792404651
13299,0.016277710847762313
13300,0.19420553255881357
13301,0.0014352454885254943
13302,0.007336150891743454
13303,0.028432502032289964
13304,0.5334042935028863
13305,0.0183681391071337
13306,0.009441817478862179
13307,0.7788486265608141
13308,0.006145860492557638
13309,0.005119627623835864
13310,0.014449592804478335
13311,0.00457490878772206
13312,0.0039767219578329726
13313,0.14612365400780264
13314,0.011370225828648788
13315,0.01677887830126965
13316,0.6739272049959425
13317,0.004947265971545159
13318,0.4748246323332426
13319,0.03981285513656643
13320,0.3883244837674203
13321,0.011291335973255658
13322,0.6374044545196997
13323,0.6192783598975394
13324,0.009670023902203666
13325,0.02476133174704437
13326,0.010831418149721203
13327,0.007974535024887168
13328,0.2350724338487338
13329,0.05042108550052761
13330,0.5190232020868097
13331,0.006148252296516018
13332,0.0026367095940877465
13333,0.051018391150759956
13334,0.6572809419935937
13335,0.01609977256528594
13336,0.04084408803496356
13337,0.005399019868427418
13338,0.0018776241510935852
13339,0.005710183778885618
13340,0.018486900849114526
13341,0.09212667328976402
13342,0.24163524859977872
13343,0.4076729217154574
13344,0.21846520272482928
13345,0.010927861875710982
13346,0.21119303912748466
13347,0.01644386250346947
13348,0.11848659945714553
13349,0.0068971368623894245
13350,0.01865885726463376
13351,0.37147089843744563
13352,0.32400975028742157
13353,0.002451025317812127
13354,0.02188186617815305
13355,0.08007123001534847
13356,0.022261391218036594
13357,0.05733207105315295
13358,0.012338659182472407
13359,0.22238342876101677
13360,0.2402804252433312
13361,0.08544007394575731
13362,0.002682010188028841
13363,0.2232688418862553
13364,0.008850384170528912
13365,0.017365130346684205
13366,0.0061560285721363244
13367,0.006976642981013613
13368,0.0070500814330682286
13369,0.7490576364585688
13370,0.5494269238790486
13371,0.003627266606234786
13372,0.006376422972168077
13373,0.04523328092496824
13374,0.012363487765504512
13375,0.004096873581910036
13376,0.0058403494672245515
13377,0.00822902257238926
13378,0.022305841821983113
13379,0.14673589765986741
13380,0.032218378516166435
13381,0.09097603384850106
13382,0.32974066092958493
13383,0.10293267366326363
13384,0.022387129182060737
13385,0.006752742675832912
13386,0.007598918142796035
13387,0.15079514310706238
13388,0.007517877219085131
13389,0.17021383006828575
13390,0.3411572229680689
13391,0.008939037250520499
13392,0.00225547588954596
13393,0.054321117444291536
13394,0.09827620140809193
13395,0.0438708729319757
13396,0.04384909921356871
13397,0.0026379604756254543
13398,0.2321056458234289
13399,0.0012128217820345307
13400,0.007577948933552151
13401,0.010121412088408418
13402,0.36132147295915823
13403,0.1065998280229707
13404,0.0051511217766748215
13405,0.4234374207504659
13406,0.016421952207499906
13407,0.5375980806902942
13408,0.15126883212204945
13409,0.0013838647525598392
13410,0.20749593773361846
13411,0.0034698189047996843
13412,0.6680573022703862
13413,0.026384549329458468
13414,0.02015957782188612
13415,0.7740920296604816
13416,0.47448136608946373
13417,0.4363333254365968
13418,0.030904584927485615
13419,0.0014041824534741399
13420,0.1396832096376753
13421,0.013332370237527173
13422,0.06535742089576942
13423,0.00733827583059222
13424,0.06152311939153618
13425,0.09702677918658545
13426,0.33760750921643246
13427,0.0025634685457197174
13428,0.3862951574362773
13429,0.7146926211036021
13430,0.15877187975190038
13431,0.009267513675286889
13432,0.13738947682583955
13433,0.13295148837621634
13434,0.010706288375214961
13435,0.06222685668910561
13436,0.002227221907055551
13437,0.05035215831122243
13438,0.6947383556261626
13439,0.8136719574611051
13440,0.10898084326240319
13441,0.03949641277270222
13442,0.05241184894130636
13443,0.06639728906357759
13444,0.011440555654423317
13445,0.0032598343235287616
13446,0.5621028222160523
13447,0.06393765219851281
13448,0.005282902723622712
13449,0.00800686195323823
13450,0.0025331329222074627
13451,0.08098002679504092
13452,0.008295917206121637
13453,0.021250256337698684
13454,0.01585954157940549
13455,0.010315567373446723
13456,0.010316003451323209
13457,0.0030556432643195786
13458,0.008519332368412586
13459,0.005476287969648205
13460,0.004260436976191668
13461,0.0037070412182676985
13462,0.34195012681157255
13463,0.018929088063074917
13464,0.005577278342602532
13465,0.03541679116489795
13466,0.003755762968101806
13467,0.007019509344503725
13468,0.1191088105024331
13469,0.49841545163750106
13470,0.056296408834342684
13471,0.00699489808416955
13472,0.0140126623716889
13473,0.006208820050311639
13474,0.17236358597429285
13475,0.003969722601472727
13476,0.04112577617917924
13477,0.00552680800836555
13478,0.024738494343047108
13479,0.05309402031004088
13480,0.003803521355867091
13481,0.06281470381832692
13482,0.025973347778071722
13483,0.00781739152822712
13484,0.11189555755357156
13485,0.5798803345409552
13486,0.06613499925949093
13487,0.004557418670494494
13488,0.03353789644626444
13489,0.328691650311435
13490,0.22270903239915263
13491,0.9134293443117042
13492,0.0035203820379270897
13493,0.0025852696829206383
13494,0.013589160082371952
13495,0.649320134515055
13496,0.014612864523887744
13497,0.4432936170431748
13498,0.037089963695636344
13499,0.024204907541163785
13500,0.02084227103773395
13501,0.03810024503710732
13502,0.0011400150495279647
13503,0.004954037011817175
13504,0.05090051937595781
13505,0.005238292316848973
13506,0.021760527132668614
13507,0.622226639351963
13508,0.138775677983849
13509,0.005420160558728444
13510,0.013636107832087326
13511,0.006194092708791146
13512,0.0032625522315684803
13513,0.00861538539425408
13514,0.027389769409959925
13515,0.16298292985807872
13516,0.19719380674780718
13517,0.1846270836985835
13518,0.4474939569924021
13519,0.0099397881233828
13520,0.0063288353695667215
13521,0.006410006593686463
13522,0.06026296701977719
13523,0.041805344040917104
13524,0.0035097082186712025
13525,0.5625562490151694
13526,0.25659614453372614
13527,0.037691829014428815
13528,0.003522358310417096
13529,0.3023789244164505
13530,0.00423512341171861
13531,0.02248769170226455
13532,0.007625262419066866
13533,0.011472063935386013
13534,0.3145297300952223
13535,0.8525226384384401
13536,0.04990322019173125
13537,0.017834984129716028
13538,0.024376039114606562
13539,0.07842611248819256
13540,0.9230106342412175
13541,0.009247660227805066
13542,0.008886187582097445
13543,0.0151112990181898
13544,0.006056041020852426
13545,0.002733593495367747
13546,0.12130521303832517
13547,0.045677180214002674
13548,0.010444166640531953
13549,0.0024268649554636816
13550,0.06776371076927601
13551,0.027742257180041544
13552,0.010696151423834666
13553,0.7707616267958699
13554,0.03544815916323444
13555,0.3359708734594801
13556,0.2323291386983327
13557,0.5135047349589462
13558,0.004423801820545545
13559,0.029755453995570204
13560,0.008538999259744086
13561,0.002238060962611185
13562,0.03481126967825406
13563,0.006868089793370749
13564,0.008290874196098759
13565,0.02013924403343347
13566,0.025594119452814534
13567,0.004172600674664047
13568,0.013318748025625915
13569,0.5635302609052463
13570,0.017547899588389627
13571,0.0458929502986386
13572,0.011063454806091569
13573,0.055952838032894935
13574,0.3254556315198181
13575,0.03440293550602282
13576,0.4314729480007882
13577,0.11202182610530019
13578,0.06879005225496618
13579,0.008938451422206133
13580,0.04044528531790323
13581,0.0017503857281205354
13582,0.5935469722457231
13583,0.02371976558657303
13584,0.025355586463658583
13585,0.18416655814391744
13586,0.13527457955217473
13587,0.3094684643325779
13588,0.3811931193421954
13589,0.08495395609235525
13590,0.007784305882369781
13591,0.006455055351868888
13592,0.17369857569623973
13593,0.031392865475448006
13594,0.02277249052816438
13595,0.15290447586952524
13596,0.026701410254358866
13597,0.012749743347044434
13598,0.004608325163691851
13599,0.42800069015696013
13600,0.021248387827417687
13601,0.04938860025820874
13602,0.09532742085153818
13603,0.016900482643468266
13604,0.009155720956571049
13605,0.024924123367993687
13606,0.15376661471018435
13607,0.005414191339747604
13608,0.024156862415710658
13609,0.015085742182961387
13610,0.009709763413377379
13611,0.03423849663648435
13612,0.04364575644953162
13613,0.0384727982022219
13614,0.6735019756026766
13615,0.00092980002174165
13616,0.851613179090466
13617,0.0077879069319080445
13618,0.2550842244882321
13619,0.007449980988399952
13620,0.003730187910211425
13621,0.22607534273527308
13622,0.007753934624889972
13623,0.032669734294810994
13624,0.028699650594713706
13625,0.006211803115496852
13626,0.013777876952682684
13627,0.009182859406551534
13628,0.643613403098676
13629,0.017914240655113472
13630,0.019944605699037072
13631,0.012690734785531538
13632,0.5007882952412459
13633,0.0046362572360612335
13634,0.05499331371652039
13635,0.030537587037045913
13636,0.04385227210332503
13637,0.005461964036728469
13638,0.3466793061101415
13639,0.002029073820341795
13640,0.13394891795916652
13641,0.42426774138358697
13642,0.17848631163488315
13643,0.0217129798558427
13644,0.6061279127702295
13645,0.03257019290666858
13646,0.0022399708766405626
13647,0.08936486049769396
13648,0.004478021813974088
13649,0.11510451304395614
13650,0.0062425181773225315
13651,0.016286687472016233
13652,0.7087810263679833
13653,0.026568962556642074
13654,0.24315862080512843
13655,0.008839411576437207
13656,0.037201904929782655
13657,0.10592001356719138
13658,0.3573857942310728
13659,0.860939382498252
13660,0.0072283276940508425
13661,0.026606977302742463
13662,0.05795563389552192
13663,0.09634603956521272
13664,0.03449294213946728
13665,0.019570883907125844
13666,0.16269033209618267
13667,0.00511532844900996
13668,0.6011620560017208
13669,0.09521446685587491
13670,0.04310791252184836
13671,0.28787821955820314
13672,0.03359096056516034
13673,0.005442197722260715
13674,0.011201047946065223
13675,0.02615782183299348
13676,0.04241512841132575
13677,0.013521146519961152
13678,0.08045237848470153
13679,0.0267096649874583
13680,0.021316552706613492
13681,0.877165435224106
13682,0.013622844757905135
13683,0.01063087375693705
13684,0.6366725749934724
13685,0.0026933731321528123
13686,0.3192600066787918
13687,0.024511794567892688
13688,0.03788359501962047
13689,0.003219970701606385
13690,0.23057842046632054
13691,0.010580328547504212
13692,0.022456834106841378
13693,0.03969556484861691
13694,0.0021543209065021185
13695,0.034275257913407305
13696,0.02101402645195229
13697,0.01944678365852894
13698,0.2820513017611276
13699,0.023697970068227745
13700,0.013075719186730284
13701,0.003667788924092096
13702,0.022378404689999225
13703,0.0015646940403830066
13704,0.5222036068771457
13705,0.019786870388293555
13706,0.32740212158604376
13707,0.5270244485413201
13708,0.031228979844507836
13709,0.4518912880933671
13710,0.025719000768283824
13711,0.012829671244909743
13712,0.00152325994189875
13713,0.7823238534314918
13714,0.004991359098176736
13715,0.004392633985438631
13716,0.0045802135517920015
13717,0.74482456101782
13718,0.008761796585149143
13719,0.0025014925112412673
13720,0.10184044562871067
13721,0.18108215174961206
13722,0.002214462423321951
13723,0.0038737251149358123
13724,0.041761625535780646
13725,0.06479133375027803
13726,0.155419806184072
13727,0.010066011915809817
13728,0.19474710179185006
13729,0.03018323379315301
13730,0.35924143691068233
13731,0.23223749442461725
13732,0.02526185007124468
13733,0.006141512423343417
13734,0.3050769646897055
13735,0.0032219616449697722
13736,0.005273977935258522
13737,0.029260358163080497
13738,0.009611064265865542
13739,0.04141491641753571
13740,0.77588230474804
13741,0.04385178828478775
13742,0.0034439739925482106
13743,0.07098963854289564
13744,0.011563592208549734
13745,0.00465454460256933
13746,0.001805048438613591
13747,0.006922768936241791
13748,0.006245977192596532
13749,0.13612978797284445
13750,0.01657776279806484
13751,0.4154733381482725
13752,0.19399362863791011
13753,0.06153973317851966
13754,0.02118739309066317
13755,0.12928916756244407
13756,0.46889948064957643
13757,0.030203529866162086
13758,0.006698804145230946
13759,0.05532693427267948
13760,0.057235613990791245
13761,0.7398023220144343
13762,0.006331061290441577
13763,0.6148105470616598
13764,0.14200874407147793
13765,0.1628301788469897
13766,0.030136430579652925
13767,0.00881864657372224
13768,0.0058820481290633945
13769,0.024462852066722877
13770,0.03749869730729015
13771,0.010807278115936158
13772,0.7404429014280184
13773,0.010330817080465206
13774,0.023089728768140343
13775,0.015786783619991203
13776,0.0031774565831076177
13777,0.013650378288296891
13778,0.10821610542623773
13779,0.008005044474863268
13780,0.42314917080546455
13781,0.0117904320295746
13782,0.2548316350274496
13783,0.009133445662167743
13784,0.06196621910469931
13785,0.7888238314856462
13786,0.5697458176623658
13787,0.03354559504450584
13788,0.6166531841068367
13789,0.021552464183041426
13790,0.06059798253924646
13791,0.009975533885149795
13792,0.022457578032313467
13793,0.009391494435577973
13794,0.019658856430177573
13795,0.003305965018546815
13796,0.01142434134735602
13797,0.05549684158583802
13798,0.0051188506792504175
13799,0.029946168223627424
13800,0.05777064256505088
13801,0.24328630763250825
13802,0.920040753912916
13803,0.0523489319472554
13804,0.04503648798971334
13805,0.37365806442080385
13806,0.014920289741685728
13807,0.008358185403780747
13808,0.0314577377930344
13809,0.030676579627593195
13810,0.006167259998344928
13811,0.030990052879169828
13812,0.006448228119933107
13813,0.11166368137527054
13814,0.5661988513891588
13815,0.027819723167422736
13816,0.005388206354101452
13817,0.08391419933702074
13818,0.6187479812024074
13819,0.06907009952913139
13820,0.03476763581948773
13821,0.061346718228511725
13822,0.0077174441985955865
13823,0.013263769587197948
13824,0.016607203359500736
13825,0.006303202776829691
13826,0.07839778837411591
13827,0.021438841277450986
13828,0.003403588831006813
13829,0.026042537395922775
13830,0.04496737419461104
13831,0.8588177654500113
13832,0.05111617883186181
13833,0.04995698659090373
13834,0.003795107584565249
13835,0.2688940873864143
13836,0.020256784719270227
13837,0.02964041317023198
13838,0.0018307887996059195
13839,0.0052836578551382005
13840,0.07338979598723762
13841,0.5985037009907822
13842,0.03790551297419173
13843,0.07335156701494737
13844,0.11729974155573188
13845,0.09402047258618652
13846,0.0337560970982731
13847,0.001130899846064119
13848,0.03465987135549406
13849,0.007347266652135969
13850,0.01869976107023672
13851,0.13763839744737563
13852,0.004005071755099725
13853,0.8380893903984834
13854,0.09545738007204431
13855,0.27435569216321154
13856,0.007610761296364794
13857,0.005631735000907606
13858,0.046672177996286875
13859,0.44610423484652884
13860,0.020541675031045023
13861,0.30293237899220393
13862,0.00745834220605457
13863,0.03935041478919541
13864,0.007647189259441473
13865,0.04340377973027147
13866,0.03473439922882543
13867,0.06385240351528583
13868,0.008650771065488312
13869,0.00864367271299002
13870,0.008533691120428894
13871,0.06730519103572935
13872,0.029447479527101753
13873,0.005064295671179392
13874,0.06333398113604723
13875,0.012793565421741952
13876,0.029337719217264274
13877,0.2148109447091093
13878,0.03544637297138521
13879,0.02960497209876389
13880,0.00442707771299874
13881,0.18216181684429467
13882,0.06928584431817157
13883,0.006475476768348398
13884,0.016868431111659143
13885,0.4398859830670558
13886,0.6088287958870343
13887,0.016239216142720087
13888,0.017195389265834082
13889,0.5646276821963521
13890,0.00322230011933198
13891,0.5466219815240219
13892,0.024979765918743128
13893,0.5491386523621138
13894,0.041665892900255574
13895,0.00800823231411251
13896,0.02166608169476917
13897,0.007373361789521751
13898,0.016017562557514534
13899,0.06544014310790086
13900,0.01454582903707362
13901,0.0074230553907716
13902,0.06080222914875887
13903,0.2317998084538161
13904,0.05272817590284237
13905,0.00574161085618749
13906,0.010961008661865078
13907,0.025505353130012474
13908,0.0036763022641327883
13909,0.003834914607046628
13910,0.09155095163922798
13911,0.004862324711226159
13912,0.022581509543337208
13913,0.05934538168879952
13914,0.016812180439645785
13915,0.013727177534652257
13916,0.26340324867916964
13917,0.009199661933781578
13918,0.006004396578817269
13919,0.1451500551126562
13920,0.6011209222037848
13921,0.1397870099878528
13922,0.12776375083348762
13923,0.5930770388818524
13924,0.7867034023712123
13925,0.03394892809156436
13926,0.5908791499848258
13927,0.36331495212675474
13928,0.010885989856282927
13929,0.060205043580378745
13930,0.14948789056689737
13931,0.14377061401638835
13932,0.26327468036855095
13933,0.021767361248994872
13934,0.07636865154970619
13935,0.00753652481193056
13936,0.018051184104467363
13937,0.16375707692987587
13938,0.004353325185308598
13939,0.022284385150051076
13940,0.00584576954515343
13941,0.13854229759568118
13942,0.667249052987542
13943,0.028729842749432744
13944,0.014593308624999687
13945,0.07542692361570089
13946,0.025242764203931584
13947,0.005595976108294067
13948,0.045304057175613276
13949,0.006667851629407853
13950,0.007089011877611956
13951,0.131797366456343
13952,0.06362996858493368
13953,0.004346498730561651
13954,0.015506765444911325
13955,0.010066298244729075
13956,0.622924648098893
13957,0.022887675207700495
13958,0.010148034078455903
13959,0.43671617456201434
13960,0.01282108164182743
13961,0.025250933718442524
13962,0.04157457614957294
13963,0.7586696853618312
13964,0.008638575031401568
13965,0.0924155456188272
13966,0.07470691229160557
13967,0.02575133847793688
13968,0.005575968822700945
13969,0.26986079356986487
13970,0.04308113930461311
13971,0.007904410957014805
13972,0.007597611157383273
13973,0.047601658694308
13974,0.5838498949490645
13975,0.011211571360945022
13976,0.024732710952219506
13977,0.03302206350451692
13978,0.06584641016061916
13979,0.3106906575975333
13980,0.0021732097378432094
13981,0.00800818014096099
13982,0.0692766641094731
13983,0.010268898218727276
13984,0.005751257010563523
13985,0.004842184547985126
13986,0.007985725280545202
13987,0.007865572880285181
13988,0.05775906346800834
13989,0.003086651936371166
13990,0.0016038324183063695
13991,0.061578335223192705
13992,0.4944909350463057
13993,0.0013838647525598392
13994,0.03546415764261987
13995,0.008952049425118732
13996,0.24333581591924658
13997,0.6094125225713077
13998,0.872550969771957
13999,0.6135799953326609
14000,0.009841523496534506
14001,0.006353595029941951
14002,0.0072370062266383425
14003,0.09741209842998916
14004,0.008768684448856005
14005,0.41899943250904564
14006,0.00583505426877664
14007,0.007240838906357994
14008,0.31134682548067105
14009,0.21264409931399564
14010,0.04491092287910297
14011,0.004093227759324299
14012,0.008202346482149622
14013,0.43940717267319396
14014,0.008997340191950021
14015,0.15060792348338906
14016,0.02662646496107529
14017,0.00976794178652364
14018,0.008599379746694927
14019,0.05436705590198971
14020,0.024347408746301126
14021,0.058413562923986244
14022,0.023531019145112565
14023,0.019709647047001056
14024,0.00200191308557671
14025,0.008555376030227263
14026,0.06121857019984129
14027,0.005328358044648298
14028,0.004333710190917129
14029,0.007084069758907333
14030,0.3347557098518321
14031,0.009197340454947387
14032,0.011074381696143991
14033,0.008074676918000998
14034,0.2457233211133519
14035,0.026161967579108412
14036,0.007300627717345272
14037,0.012945125895521586
14038,0.003267049032332648
14039,0.810703563101038
14040,0.03183033487370001
14041,0.08407113005004661
14042,0.04274889092486916
14043,0.11886540276973633
14044,0.004655544019188077
14045,0.014952193793889563
14046,0.01105622242135772
14047,0.01712212698271872
14048,0.005305027753791762
14049,0.17882578241663688
14050,0.033058775153333886
14051,0.024114426333529476
14052,0.049090329368541456
14053,0.9191627311235812
14054,0.0033800184348923424
14055,0.016182937296798972
14056,0.011981813446100015
14057,0.007709880075698803
14058,0.13000814474678365
14059,0.23438410297777934
14060,0.00259766107779204
14061,0.0407342365915964
14062,0.003649436664016469
14063,0.0032717443494477616
14064,0.0014831112522838976
14065,0.006704184673885904
14066,0.006571203996870172
14067,0.003254109508477749
14068,0.012425925565091894
14069,0.008861634026523315
14070,0.07690545239745387
14071,0.012478688100723686
14072,0.009337303689054622
14073,0.06174501666988691
14074,0.020437141615687406
14075,0.45315040661922906
14076,0.013214163794328607
14077,0.0019648867030926526
14078,0.04830984421999454
14079,0.005487913423257885
14080,0.05339609332928128
14081,0.4000100814011838
14082,0.3820751695889755
14083,0.003040512425893947
14084,0.022730306499322096
14085,0.04062790881507736
14086,0.021393360565277318
14087,0.10153386729274944
14088,0.7126171937054256
14089,0.028324401645441945
14090,0.03006465586650354
14091,0.016381967651064006
14092,0.005800001208723189
14093,0.044287839610307154
14094,0.0056168161652175265
14095,0.03105466144300963
14096,0.001496208563889688
14097,0.011021615006861777
14098,0.018710172343975318
14099,0.8127340616999194
14100,0.006134129527826879
14101,0.00782460433492126
14102,0.006613756096960067
14103,0.15373086257926724
14104,0.01234461486200909
14105,0.05848096234505178
14106,0.10141587954494743
14107,0.003671357949918563
14108,0.3012126436951741
14109,0.005251712359300002
14110,0.0502037306690451
14111,0.0029190968768344943
14112,0.007882511102956059
14113,0.2778423475334598
14114,0.14892046003661663
14115,0.11306744048639225
14116,0.0021328921064378077
14117,0.1653210013146977
14118,0.2719972372205003
14119,0.015104794268934612
14120,0.00892910382392021
14121,0.2900464311506423
14122,0.007930741554583096
14123,0.0034180202940425593
14124,0.011156973756686745
14125,0.01224254585894535
14126,0.06577503590670104
14127,0.011356890686234482
14128,0.3966138434390887
14129,0.27191410663467425
14130,0.166433050906807
14131,0.005282965637881363
14132,0.08290876602122789
14133,0.00849470753768254
14134,0.006789747018158411
14135,0.009699454722374096
14136,0.44233896215154644
14137,0.02388944563469438
14138,0.039869025063024255
14139,0.004498402750297635
14140,0.13671414220715536
14141,0.09811986634996239
14142,0.022527608907115946
14143,0.4058598392104044
14144,0.0440173554168888
14145,0.024807073001466163
14146,0.04330279618554256
14147,0.02319146592296055
14148,0.024665855889964648
14149,0.7634337972525665
14150,0.8357638192729271
14151,0.46204150936481475
14152,0.5009785434297157
14153,0.002439184678707637
14154,0.007207741547441982
14155,0.006376422972168077
14156,0.06246590698349879
14157,0.004640802153791302
14158,0.009890685083346104
14159,0.035390917791690464
14160,0.008507624284530559
14161,0.012250552774117534
14162,0.05944983872291504
14163,0.006477845529809274
14164,0.020245096672548285
14165,0.025860456163593334
14166,0.009947371501389888
14167,0.024828284699957546
14168,0.01808483286506882
14169,0.8847769348311163
14170,0.605759383562775
14171,0.00965033425614948
14172,0.017945376778874606
14173,0.09065605347030889
14174,0.007735067990836166
14175,0.012670420070850405
14176,0.25843877715608815
14177,0.030803697049222898
14178,0.010656935086232585
14179,0.04265899819377295
14180,0.006408495146926604
14181,0.15977300655590954
14182,0.49994572694578704
14183,0.7273288547746839
14184,0.9095020060948785
14185,0.01969969143600881
14186,0.002664996018815782
14187,0.012618003397640588
14188,0.12430946816768079
14189,0.014669267179155796
14190,0.05717837797022318
14191,0.35517767604951994
14192,0.07530551549219165
14193,0.004267630692715249
14194,0.0051220285905673665
14195,0.006292173695441838
14196,0.9269300953523906
14197,0.01664708680435175
14198,0.8698612208452327
14199,0.025425576645190795
14200,0.008792068034550113
14201,0.009806893733207506
14202,0.8224883007929
14203,0.6416364234624836
14204,0.004596407021421049
14205,0.008028039601576106
14206,0.012225812465427748
14207,0.037407783361370274
14208,0.03241816197323422
14209,0.012517695066186706
14210,0.00712378294329489
14211,0.044640848647916356
14212,0.12614099049841887
14213,0.7272776808188407
14214,0.32599623501187336
14215,0.22553630200022562
14216,0.012582638128129299
14217,0.0043185005932755635
14218,0.22664459999534223
14219,0.3032478805662115
14220,0.05934311502006884
14221,0.006758897154383737
14222,0.007019509344503725
14223,0.017168876016364996
14224,0.01157603484131662
14225,0.4333279542095787
14226,0.23713996509862761
14227,0.058702124034265446
14228,0.21655698099779377
14229,0.012419526025837875
14230,0.41459643626920173
14231,0.05318682204864516
14232,0.4820315480201236
14233,0.09161782815981756
14234,0.009525829928484358
14235,0.46988020110463985
14236,0.017030297883026676
14237,0.251144508225927
14238,0.019151288168650856
14239,0.06793749096634566
14240,0.031138149065243634
14241,0.7633162534864762
14242,0.015083203498571437
14243,0.02417373046207065
14244,0.26107796547935114
14245,0.0038391182598744725
14246,0.6938686712984824
14247,0.0811750397565154
14248,0.0045096776614388795
14249,0.5379615682382098
14250,0.08908913736008701
14251,0.0030942128333355523
14252,0.4295105940288811
14253,0.051526428013066256
14254,0.2748612041228509
14255,0.04202754640177511
14256,0.0029680000868891427
14257,0.005796587940445238
14258,0.017578145003930977
14259,0.0174394420769244
14260,0.013539810118177058
14261,0.02525739291359338
14262,0.00964205569142221
14263,0.031838559840343235
14264,0.0017258547913677545
14265,0.06278685652895853
14266,0.359653352690654
14267,0.35248893343799365
14268,0.08988732117899777
14269,0.7518830928692467
14270,0.04837292502213064
14271,0.006955255355149614
14272,0.017384990235731857
14273,0.019987297899461718
14274,0.5839596692460347
14275,0.019567440055559365
14276,0.269960559530647
14277,0.0756222040434146
14278,0.004267321749147401
14279,0.00705126061859634
14280,0.005777341727451103
14281,0.20513853433600918
14282,0.1485562452605996
14283,0.004285016065714757
14284,0.004007449229018281
14285,0.002716511388283272
14286,0.015726618698247753
14287,0.6264613316896948
14288,0.00659148751388961
14289,0.02617903318737381
14290,0.036915058724237386
14291,0.04337046868858941
14292,0.1841304487068377
14293,0.007454736594115612
14294,0.06562538819486163
14295,0.017375728835347944
14296,0.03739194277295484
14297,0.42048602107888294
14298,0.0086415336311143
14299,0.15515696054258643
14300,0.011709785541981854
14301,0.13768129518560332
14302,0.015097110851307759
14303,0.0609257045372261
14304,0.0623016775199171
14305,0.014966952547700453
14306,0.001134170731306274
14307,0.06082196483134568
14308,0.3321300525606506
14309,0.0019992420528697472
14310,0.03277888245924032
14311,0.020856117976332224
14312,0.005817879766618211
14313,0.014032392832050744
14314,0.04303920697809999
14315,0.5488506725711467
14316,0.008836285840588475
14317,0.8802475140437204
14318,0.003267379434602838
14319,0.02325496063143776
14320,0.025940931390411703
14321,0.02412025158584645
14322,0.09521581613003725
14323,0.040691410210813704
14324,0.5162502128697652
14325,0.004056533549001909
14326,0.013288023868412258
14327,0.5156555684739823
14328,0.006303194985496523
14329,0.3924068322562553
14330,0.04737720297258412
14331,0.059634754204476496
14332,0.0760556558385368
14333,0.014171126583043323
14334,0.8985214919852521
14335,0.0030058944767548655
14336,0.0054642137392221565
14337,0.006981769448833168
14338,0.48200565186246863
14339,0.7587901004284112
14340,0.8271008769368078
14341,0.3072674342409016
14342,0.013201943126787614
14343,0.032617214198398
14344,0.5417507413620469
14345,0.01848848410165568
14346,0.7302288189164009
14347,0.03561561710729255
14348,0.33386747741994766
14349,0.014577051786893936
14350,0.002663984387114717
14351,0.0029459874653742697
14352,0.005104737289105819
14353,0.014534815588603632
14354,0.6735689200001554
14355,0.1165694586005245
14356,0.005251696988619318
14357,0.715706247947839
14358,0.00907432881484842
14359,0.3710674635338907
14360,0.027781751942844258
14361,0.0031876157440800007
14362,0.009094627451224194
14363,0.0061737540334759694
14364,0.04240194774157477
14365,0.03602917961049962
14366,0.015908034023865147
14367,0.010702067154291466
14368,0.03720174136616122
14369,0.06487137454096263
14370,0.028552843050304245
14371,0.11725401759576823
14372,0.6233504757312172
14373,0.04434833711650198
14374,0.02834509480519285
14375,0.009796530316805578
14376,0.03496640950712083
14377,0.0022112575412007607
14378,0.3307661624221869
14379,0.0020636459223072573
14380,0.1616917064464643
14381,0.01692033309239457
14382,0.013987530571548073
14383,0.004199382964064355
14384,0.005442060825784172
14385,0.06801489462632167
14386,0.30653734344926026
14387,0.2975113241557805
14388,0.028103599837277206
14389,0.002938939412007419
14390,0.05825660179920298
14391,0.06514063112862421
14392,0.12625284015481064
14393,0.03363534001958554
14394,0.02138045488541156
14395,0.6573613851623409
14396,0.004063308527856782
14397,0.006474081549215131
14398,0.012396966426098912
14399,0.07167994155781064
14400,0.07395888960383898
14401,0.02670697501266031
14402,0.046352855400804624
14403,0.005852916692238621
14404,0.0036646322063179576
14405,0.029336591230675012
14406,0.007469893305435505
14407,0.03250127580637397
14408,0.005034610581069154
14409,0.6606165693199403
14410,0.7118047176377011
14411,0.009942448061074069
14412,0.03976058681752175
14413,0.41670849280926536
14414,0.3993706774157532
14415,0.8724849896929021
14416,0.15304564049240849
14417,0.008716888903553661
14418,0.06474290423961675
14419,0.025747416360924126
14420,0.09182181770310455
14421,0.008330267686965797
14422,0.4244027056147772
14423,0.008512198004789633
14424,0.15700737509284132
14425,0.008850043563468721
14426,0.08190344114560609
14427,0.012972930052351044
14428,0.04854107098987579
14429,0.01687071619773375
14430,0.01137587094592706
14431,0.5551124968655092
14432,0.0356387948303117
14433,0.006735783945182216
14434,0.006882730409918147
14435,0.00994017699068173
14436,0.0037255500072942223
14437,0.7310698814213471
14438,0.0016677480211621245
14439,0.08306610158116247
14440,0.015755950354870166
14441,0.003614022519843865
14442,0.01879856985861865
14443,0.018637466169625576
14444,0.01172136268517509
14445,0.02459701218277725
14446,0.06333408479598866
14447,0.006426915176507727
14448,0.7039552468155041
14449,0.005470470640772172
14450,0.025576111339434694
14451,0.006691917509900155
14452,0.007196222753718693
14453,0.028860707381439782
14454,0.0015427936474729817
14455,0.010597694572113327
14456,0.006534695994178647
14457,0.005448913609286971
14458,0.6300138993512404
14459,0.4166490454347067
14460,0.018963547302032556
14461,0.017765398552585448
14462,0.20230651172155603
14463,0.005785253789231975
14464,0.017945848775853354
14465,0.394866428753214
14466,0.006264271812346555
14467,0.03610496970062426
14468,0.05606255295939034
14469,0.0894274696369838
14470,0.04494397484785382
14471,0.0708511230360733
14472,0.008391715370932381
14473,0.00639775551363785
14474,0.0230759150318332
14475,0.03706708471153492
14476,0.006212242672781505
14477,0.022497644993232375
14478,0.358033942312195
14479,0.30390059749404136
14480,0.006865813744539473
14481,0.010326955993852962
14482,0.006176338677147536
14483,0.36264208960220273
14484,0.018612294297537996
14485,0.06886908100049101
14486,0.12613175593624656
14487,0.6744324510303916
14488,0.5607362708006853
14489,0.046712401651959216
14490,0.0016274044652287083
14491,0.0029901422758895706
14492,0.0020843542323139034
14493,0.0076099554116881634
14494,0.0385004927387244
14495,0.382810370843074
14496,0.009482523268508273
14497,0.0148765793552024
14498,0.2781735354526057
14499,0.3130801988654352
14500,0.00463719557806595
14501,0.002392103733033751
14502,0.0037363206636950156
14503,0.07403761842787934
14504,0.004323373463079441
14505,0.044203867465416734
14506,0.044101291644618346
14507,0.02200730736642774
14508,0.00615836916637967
14509,0.0069639095336819605
14510,0.025129214822998895
14511,0.0018483994615646074
14512,0.01291175265782862
14513,0.007253163339106132
14514,0.004490056052678875
14515,0.1745905107242882
14516,0.020954175836693106
14517,0.01036014449455778
14518,0.03235455799242825
14519,0.0327825815992787
14520,0.0027544124302016034
14521,0.0795980265360172
14522,0.007784500343627798
14523,0.033137318787369564
14524,0.008770313201788792
14525,0.0070576184341726135
14526,0.43301685087127717
14527,0.0042547799038642345
14528,0.02024686423386142
14529,0.062120963314326275
14530,0.005851106409000124
14531,0.003033693182966773
14532,0.5166414024013838
14533,0.014964828072421872
14534,0.04431850770200454
14535,0.014842341101566812
14536,0.004428781962033892
14537,0.032360713587802785
14538,0.009450895404953176
14539,0.07043192705104447
14540,0.007899920530093585
14541,0.036999921104279895
14542,0.0040277701764212205
14543,0.21323982557914237
14544,0.0028403663407272858
14545,0.012462632750777934
14546,0.06130747426339036
14547,0.015340325746285908
14548,0.005474477870671712
14549,0.07672072751209703
14550,0.006740406311927984
14551,0.03465371174454696
14552,0.008157013941231772
14553,0.011183926881573355
14554,0.002901615035850099
14555,0.005622536845899283
14556,0.0025263690848504584
14557,0.002097427740096179
14558,0.0062234255549933415
14559,0.04183363390185384
14560,0.04853595058116867
14561,0.049652595860261814
14562,0.4297646833162931
14563,0.009602667994050587
14564,0.004861045362355242
14565,0.007925708597846696
14566,0.026347094447870936
14567,0.013961578281195606
14568,0.020536654527001343
14569,0.09450320177711542
14570,0.0627431212668359
14571,0.5873272935770997
14572,0.04258950501298989
14573,0.14917048778627104
14574,0.08942679735612624
14575,0.02650052188962246
14576,0.018776209266333808
14577,0.5948677904055438
14578,0.006096905174696608
14579,0.04228499422372194
14580,0.06147465083970212
14581,0.01174292371765729
14582,0.15834800897409992
14583,0.055890709309125756
14584,0.032719093398719507
14585,0.007401447185260504
14586,0.02841209303208366
14587,0.07542031616092768
14588,0.024627456503242367
14589,0.28296179565275476
14590,0.02300407710146833
14591,0.01662056623987554
14592,0.035939339272030545
14593,0.008273214077697693
14594,0.09021743834424292
14595,0.002660670752836369
14596,0.3052584759818998
14597,0.03453189812524488
14598,0.06371152107268187
14599,0.034417134420196414
14600,0.05219611554730199
14601,0.006464193279554554
14602,0.034873364689429476
14603,0.014847056091509683
14604,0.5252717484164284
14605,0.03602356904516286
14606,0.4974733401973463
14607,0.15375563648678137
14608,0.011348626195317648
14609,0.022720419096047346
14610,0.0054998974077216855
14611,0.0786346693889684
14612,0.017171482862435215
14613,0.599925390508302
14614,0.007399723535501394
14615,0.001863975405629911
14616,0.011823131166698744
14617,0.2624500752161308
14618,0.006378930182837679
14619,0.0028584974442186655
14620,0.007133979746048101
14621,0.02340871412297307
14622,0.4112245380676347
14623,0.015788541517792597
14624,0.8276276279203659
14625,0.00924398535723739
14626,0.015881266801732595
14627,0.013517969826871718
14628,0.002421725254918478
14629,0.855050551511997
14630,0.007235362296787339
14631,0.029249332742042385
14632,0.003147884733815075
14633,0.010736521865653019
14634,0.02956365194871339
14635,0.0066863390440923005
14636,0.004751892709584858
14637,0.6153433556951184
14638,0.0391093031433032
14639,0.001818668255534663
14640,0.14782381460334842
14641,0.37583051063127154
14642,0.018788494885241903
14643,0.01001452525994083
14644,0.0026406183712339975
14645,0.01916477339294843
14646,0.011492232481920963
14647,0.007858538199868443
14648,0.02740507174024349
14649,0.051613857566650344
14650,0.05359180206233986
14651,0.2975039627738556
14652,0.30880837697364216
14653,0.07000239016804453
14654,0.01810784788739493
14655,0.025699798291965042
14656,0.2198214413573713
14657,0.010872940405740128
14658,0.09679925750462465
14659,0.003231984591705307
14660,0.038807532152293565
14661,0.0080196672667665
14662,0.0049273663545632545
14663,0.015039448067806828
14664,0.05835107476620766
14665,0.44379378763157246
14666,0.007426472032376753
14667,0.22423286201493509
14668,0.011808275550426866
14669,0.15597965314127574
14670,0.0021769841753674886
14671,0.07499970388799763
14672,0.0015369246538893837
14673,0.12475075656325814
14674,0.025468937461853355
14675,0.005307005485877013
14676,0.45483451279352644
14677,0.005795351305377816
14678,0.011052756173896203
14679,0.11444177780864373
14680,0.013415967549772943
14681,0.009175272605440737
14682,0.04487978967458128
14683,0.047013516810216774
14684,0.002421646022316787
14685,0.0301505347444395
14686,0.013341888122484906
14687,0.028771201317386225
14688,0.05085961604650051
14689,0.005174487702018819
14690,0.32555341997846104
14691,0.005050446082469234
14692,0.47650025574286037
14693,0.025597577261917876
14694,0.03449794703169735
14695,0.08573788183925321
14696,0.04085140136109514
14697,0.030418162836516056
14698,0.023917343109485577
14699,0.010423658069372585
14700,0.18949878187129546
14701,0.004962686817076224
14702,0.011773742505032088
14703,0.004243791046412773
14704,0.017427094072094116
14705,0.010025731774121067
14706,0.016619261481581674
14707,0.05947752631506532
14708,0.027945971624055477
14709,0.006022497792771336
14710,0.01496062114909007
14711,0.010821306638049992
14712,0.28754662970920647
14713,0.11580527425123459
14714,0.07910482356586171
14715,0.008266286571108531
14716,0.41722290670856604
14717,0.06836744868555653
14718,0.007244270487216768
14719,0.011721886705805176
14720,0.010902804779302873
14721,0.00403129603009489
14722,0.8248652989772266
14723,0.4792713942271732
14724,0.061203607520414725
14725,0.7092340275710906
14726,0.012888877203757781
14727,0.02071136258667148
14728,0.015140911466498565
14729,0.007891702249920805
14730,0.02448806675494136
14731,0.01668150622515391
14732,0.3861773671399357
14733,0.015076675325170426
14734,0.013724759681172226
14735,0.006955882756482254
14736,0.010430176561013619
14737,0.07082584340283025
14738,0.01420627381782364
14739,0.022487674589821715
14740,0.015139820085297996
14741,0.12934157212925937
14742,0.00882945721607723
14743,0.6370905624203804
14744,0.3490809546196289
14745,0.0059534850184500875
14746,0.008123059098044812
14747,0.01088419815349787
14748,0.22973577367894543
14749,0.07421686119846752
14750,0.038121547197989894
14751,0.006436271186638127
14752,0.016804437494185247
14753,0.003800756602458401
14754,0.0045741220595334935
14755,0.018254253504482724
14756,0.01531808723846909
14757,0.004720379551006276
14758,0.017231874428897717
14759,0.004145304632267769
14760,0.04200919554616122
14761,0.0030692957795753384
14762,0.027067527784307134
14763,0.0419048485368369
14764,0.02749455010418283
14765,0.00710073075505396
14766,0.06348756607670476
14767,0.00229249022894023
14768,0.0012731371433854157
14769,0.03844426098379168
14770,0.01996576817752031
14771,0.020054689203251
14772,0.6432898794059714
14773,0.017218907531364045
14774,0.007976585570210264
14775,0.003219444301103011
14776,0.0012683168120763717
14777,0.039096411437618626
14778,0.6233912020776143
14779,0.30354654516658863
14780,0.00833786278645068
14781,0.009031437262417324
14782,0.1255514322024784
14783,0.0032538515470448707
14784,0.08536824349424804
14785,0.42313170211477347
14786,0.008855057229091778
14787,0.49836855954719955
14788,0.005236562069429212
14789,0.15197248880373238
14790,0.001416623408270696
14791,0.00880500603624166
14792,0.004024096881917617
14793,0.02321779155047785
14794,0.010029137202999482
14795,0.5678918573581916
14796,0.09227364366886791
14797,0.006172530591565234
14798,0.001374079083642857
14799,0.0648430908123911
14800,0.0047562832530265295
14801,0.624780661313455
14802,0.00983177209170623
14803,0.011685286795560508
14804,0.26585821992462333
14805,0.36411285169576574
14806,0.029069432278852055
14807,0.025699291393205717
14808,0.039712550639766184
14809,0.002889815634164757
14810,0.6660695737971926
14811,0.07807842852809853
14812,0.03158459285410524
14813,0.012301535671640607
14814,0.03705874397007681
14815,0.11676484042585604
14816,0.015764612377371704
14817,0.011659787688106889
14818,0.12002986155341512
14819,0.018403985128975814
14820,0.020415241306514932
14821,0.008187705512466736
14822,0.005690811762333686
14823,0.029167418376775417
14824,0.821626603994262
14825,0.003947991037657514
14826,0.0329774504793042
14827,0.004165052238690895
14828,0.0032150386026079687
14829,0.00577437515980878
14830,0.005386029047913816
14831,0.04944113274693443
14832,0.01399117437516037
14833,0.011306927841032034
14834,0.9161885578537987
14835,0.04035551609218022
14836,0.006921480865639106
14837,0.050263815446230264
14838,0.48222422631493067
14839,0.005127312638833894
14840,0.005257443673279412
14841,0.21788957987022478
14842,0.019014260975273693
14843,0.0037654001281096673
14844,0.0481282175724594
14845,0.0033062555467197104
14846,0.021327986056195413
14847,0.1658175153002291
14848,0.42976162185961786
14849,0.00877236250280721
14850,0.0033717440957780724
14851,0.029760504140948205
14852,0.003068247825928368
14853,0.022216516761542748
14854,0.0022174545118510205
14855,0.006947454922567693
14856,0.004785004847649276
14857,0.6205291507479002
14858,0.634606011557952
14859,0.005097922299519544
14860,0.015068996391436768
14861,0.05259258506900688
14862,0.14943906649762617
14863,0.06026098984426415
14864,0.05133256684991982
14865,0.45994974827831525
14866,0.007323759600419614
14867,0.020582720358803278
14868,0.45927735514938156
14869,0.3610847927581649
14870,0.015913832023385872
14871,0.8265486499171244
14872,0.0040282745963940835
14873,0.2671499771493823
14874,0.014335048705822327
14875,0.007501593352343472
14876,0.6844590444268445
14877,0.08946919118549501
14878,0.10825530607208209
14879,0.03134710776013337
14880,0.4094561702512328
14881,0.07569406477515993
14882,0.10886212947654537
14883,0.4927879785619589
14884,0.01339688949168836
14885,0.002600814659086324
14886,0.015913879707792684
14887,0.005811406835943685
14888,0.14289738987659165
14889,0.0031528500646497196
14890,0.005623268238441857
14891,0.004769632286838077
14892,0.10963707473445831
14893,0.24656351899577797
14894,0.03080120197546661
14895,0.49697890940583406
14896,0.2176135122013921
14897,0.020476993948857714
14898,0.040524503065030276
14899,0.014220461209940822
14900,0.6451987551341849
14901,0.2675455556612803
14902,0.0104591855878925
14903,0.18293010536562684
14904,0.021234807741714046
14905,0.004049152668869361
14906,0.007461101605234901
14907,0.002102277085283775
14908,0.0015265245155950155
14909,0.3893473114226617
14910,0.3657257555188274
14911,0.24822574170090414
14912,0.38895895488837307
14913,0.003961739271565498
14914,0.012668097210076496
14915,0.04040174200906848
14916,0.46079975002924956
14917,0.03299211354190175
14918,0.0046073737017164286
14919,0.261803411154008
14920,0.14221602959589724
14921,0.46923536591470744
14922,0.00712378294329489
14923,0.02474097067499202
14924,0.16703498242250486
14925,0.8590372819789253
14926,0.03202915636761617
14927,0.00930889260174987
14928,0.010169709323861941
14929,0.09286560818988125
14930,0.009981782278788745
14931,0.004804183892875509
14932,0.02045489337971628
14933,0.1203532210515545
14934,0.005469734712572732
14935,0.018339084694818236
14936,0.019176969463113855
14937,0.00207745923660898
14938,0.004631173438998252
14939,0.003472279095308735
14940,0.04603271791624529
14941,0.4731053033883016
14942,0.19067918756285382
14943,0.029320420427600344
14944,0.007889689108664085
14945,0.3373304095454811
14946,0.005013113448966938
14947,0.002312268121645311
14948,0.5095926026782921
14949,0.004865484579682845
14950,0.04103593064270846
14951,0.02054808281782603
14952,0.06752206942048984
14953,0.0028373079108141718
14954,0.051243245370705966
14955,0.016356429707832482
14956,0.006074970594112706
14957,0.0030743388838387433
14958,0.10839861026168698
14959,0.13169363957852154
14960,0.03678662374847087
14961,0.0077407300407410454
14962,0.4562996852849068
14963,0.025304927916556173
14964,0.02115343157923702
14965,0.023474456023735754
14966,0.01946732156428443
14967,0.009383049642737831
14968,0.0611346580095262
14969,0.026115215983969913
14970,0.09827104356514937
14971,0.014212135803274894
14972,0.0025307224334846345
14973,0.0026755631603554153
14974,0.13213084483004336
14975,0.23038614542461766
14976,0.4491408692579125
14977,0.008384324374198952
14978,0.012699369316589028
14979,0.1788711668387131
14980,0.01648903615741943
14981,0.2715350059930359
14982,0.3931931702411313
14983,0.0023145566725762297
14984,0.020424880541791812
14985,0.004858343998869683
14986,0.7659897343907771
14987,0.09974258019629986
14988,0.009130639191848793
14989,0.008194640186149477
14990,0.5768635508692123
14991,0.4919024707797814
14992,0.004205161375073661
14993,0.036877827975959614
14994,0.01678700750878272
14995,0.006163204785368669
14996,0.17414830521952374
14997,0.0033154066688962933
14998,0.00895102714924544
14999,0.04220849595424476
15000,0.008138318391514278
15001,0.003369600078982031
15002,0.001924164804332066
15003,0.0049607406789163614
15004,0.40341952935023445
15005,0.7109875379961234
15006,0.010844354370353299
15007,0.026196126707075322
15008,0.005131533504487398
15009,0.002818267969566053
15010,0.0013268243656015435
15011,0.03235286155343361
15012,0.014864044858002972
15013,0.03419242892512975
15014,0.0021186058144043187
15015,0.0032945669775635666
15016,0.034045647518852896
15017,0.01428407929794617
15018,0.004575676896583578
15019,0.003387737469818447
15020,0.004581807964407244
15021,0.047420338900518985
15022,0.004280538706163792
15023,0.5420255762790204
15024,0.009955759345025975
15025,0.042268384204447965
15026,0.025674176375412597
15027,0.1749833304444826
15028,0.005335695311731136
15029,0.06973658057256653
15030,0.002985161435490242
15031,0.03460962609000122
15032,0.011573171940751635
15033,0.0074340045208672245
15034,0.030686063417898837
15035,0.006073075345711474
15036,0.40535495962034246
15037,0.0029769177596059835
15038,0.003799080561020781
15039,0.022214099975267982
15040,0.03597673330727139
15041,0.004157268849847324
15042,0.015522149722969223
15043,0.16802806730236042
15044,0.006637637776051799
15045,0.004702968362820687
15046,0.13432118962435666
15047,0.19183347265718934
15048,0.21046296181193588
15049,0.0027931432084323583
15050,0.06282404255414166
15051,0.09505267748863999
15052,0.21332309252387535
15053,0.05271151961966598
15054,0.003311439515148778
15055,0.7358944261423901
15056,0.012521930145100857
15057,0.025989824477023388
15058,0.7609357126677762
15059,0.005084190398982628
15060,0.24466082046017845
15061,0.0036382642962286306
15062,0.08762353629223807
15063,0.013685722948004245
15064,0.48877285461075537
15065,0.02843125711394247
15066,0.13265418131682336
15067,0.009688890071988022
15068,0.005966039595677239
15069,0.0017464513211096788
15070,0.008053119948758496
15071,0.0062303594767650055
15072,0.0019649958999354237
15073,0.009708534836983633
15074,0.0427296453779301
15075,0.837956373930026
15076,0.009226229453585628
15077,0.012340524252741066
15078,0.03645151611153275
15079,0.042153095298259544
15080,0.029858065893792102
15081,0.007978093432391002
15082,0.004762193986710919
15083,0.020461408162876414
15084,0.028621103252100558
15085,0.0156379384358204
15086,0.028354616128668166
15087,0.008223741166975222
15088,0.005023576647336427
15089,0.3630644953369906
15090,0.006259179424470407
15091,0.029207458500404973
15092,0.0021934072585606964
15093,0.15473178094382595
15094,0.006790168814469486
15095,0.019123312049132556
15096,0.010593867214029835
15097,0.007364678287878715
15098,0.17458879348658052
15099,0.14991873670207392
15100,0.004639147757186918
15101,0.49911871075548175
15102,0.014967216183956243
15103,0.012208372078644935
15104,0.5360720822976586
15105,0.03830588509353917
15106,0.007148414168576075
15107,0.011870302942976347
15108,0.03382055401627271
15109,0.02980822003270896
15110,0.18816330182753538
15111,0.01366435266697627
15112,0.006457133199714878
15113,0.013592901865832114
15114,0.008831767603132083
15115,0.22732450962835443
15116,0.0023029683656151396
15117,0.030390254760875906
15118,0.40590405677791586
15119,0.2712216888836605
15120,0.028127258034840178
15121,0.019398118047405846
15122,0.04289903859879449
15123,0.14027424484691148
15124,0.2179529545014222
15125,0.006771968477871875
15126,0.023003524745514276
15127,0.27958611712610365
15128,0.0038489388329003395
15129,0.008000583242782125
15130,0.017534919154137206
15131,0.00588160401226915
15132,0.7474741556360054
15133,0.0020026331978150766
15134,0.05889016982211029
15135,0.6096172229367129
15136,0.24354927508617877
15137,0.01985920878144733
15138,0.012657719684227521
15139,0.009918090987553583
15140,0.023192486711157284
15141,0.012066050922267254
15142,0.3796310335330971
15143,0.006019004762429921
15144,0.057709724072787315
15145,0.016507266576336648
15146,0.007811433248463937
15147,0.0044307593440092085
15148,0.004437055147619663
15149,0.09094768391279624
15150,0.008033016203046516
15151,0.18379609109147205
15152,0.8911425582401362
15153,0.03267287339832021
15154,0.0066852970971629545
15155,0.03347149920922642
15156,0.10201829055881823
15157,0.1077310969485879
15158,0.06120283819036578
15159,0.04084484526139472
15160,0.008022487923083764
15161,0.0019028371968896204
15162,0.009196139603581637
15163,0.006581938902011855
15164,0.02725122642917658
15165,0.07616645440464834
15166,0.02977704015890051
15167,0.032449172795806204
15168,0.00769372720893447
15169,0.010641950447279112
15170,0.009666991302640869
15171,0.012479603104024439
15172,0.4987338864584806
15173,0.005765432633898003
15174,0.08657792865972015
15175,0.02120716268086191
15176,0.007403374584040785
15177,0.014079979252007461
15178,0.0240547121286465
15179,0.00597450740396164
15180,0.015209490747156083
15181,0.006248431540225449
15182,0.04031366737160243
15183,0.3311099607577748
15184,0.2391725142866446
15185,0.00426021120624389
15186,0.05938930290376337
15187,0.01926540058948243
15188,0.008630489165369262
15189,0.012258123329255993
15190,0.020129209325738272
15191,0.05007227211957331
15192,0.08764573932349332
15193,0.05242084892398334
15194,0.4990653021379425
15195,0.027163727559963807
15196,0.14630569158046533
15197,0.03212004070469331
15198,0.1969320268068605
15199,0.08958539951804442
15200,0.005366417219507712
15201,0.007347369631842003
15202,0.017717981910334312
15203,0.009233104768517849
15204,0.5260460394782003
15205,0.41113664548421536
15206,0.017977718788386977
15207,0.007409648790789696
15208,0.036923013794588525
15209,0.010585319681137477
15210,0.02720882510253884
15211,0.14136044345997167
15212,0.052729995817776855
15213,0.6707008646891514
15214,0.003174897654296789
15215,0.00806480957069167
15216,0.02201666985590188
15217,0.013105623389901766
15218,0.8966384581063467
15219,0.792131889553212
15220,0.0026531222429025596
15221,0.012193382676157632
15222,0.04671451406779324
15223,0.8319736313914318
15224,0.6928250716368294
15225,0.017879440247231475
15226,0.527710463319902
15227,0.0021662809986341762
15228,0.004186103245360841
15229,0.027770197171161415
15230,0.5416391651865138
15231,0.013136524513877425
15232,0.012234744348201375
15233,0.025977960192199466
15234,0.6333766466371165
15235,0.06804502752221268
15236,0.018827932634164036
15237,0.004376016002785811
15238,0.0038159107463334994
15239,0.036428228858370215
15240,0.160137436981752
15241,0.008599528346657056
15242,0.5706663073237244
15243,0.04067219986671976
15244,0.8760139928028161
15245,0.009336728880490032
15246,0.005498513373438059
15247,0.4694040110054391
15248,0.00989298737263018
15249,0.004009377722767453
15250,0.021935840812145724
15251,0.07459459103660702
15252,0.004650609391020618
15253,0.0035702695199994537
15254,0.0029404405216408988
15255,0.01280604620318518
15256,0.061569873812784316
15257,0.012575558714177074
15258,0.00957351584101112
15259,0.08917034927705543
15260,0.45196638880616125
15261,0.861921841905428
15262,0.004370784752239324
15263,0.41621406282038576
15264,0.0022151879923607144
15265,0.024449026393869568
15266,0.009602973091638795
15267,0.18364537664130343
15268,0.10478533845979998
15269,0.07188647923415505
15270,0.013643240101006156
15271,0.32079372590873356
15272,0.1653170228376928
15273,0.5725595646827024
15274,0.062014982725237366
15275,0.0037185428505502457
15276,0.14195746764379122
15277,0.07521918834768182
15278,0.004030145099578901
15279,0.055689178545968936
15280,0.007255596384324208
15281,0.007475899208725638
15282,0.01013281161101351
15283,0.0014420540367817295
15284,0.03574363470700286
15285,0.5124068456222658
15286,0.40180183849578155
15287,0.006091192369366669
15288,0.007391194800977351
15289,0.07747612219345633
15290,0.0032495721256684553
15291,0.03552716721600171
15292,0.14451568753282645
15293,0.013796034630639359
15294,0.03950185174158666
15295,0.008651650380301261
15296,0.0019572046685361814
15297,0.007707622895969807
15298,0.01413012559420986
15299,0.3599205681998899
15300,0.010354853726184245
15301,0.05116082060244217
15302,0.22425080835689648
15303,0.006242861482029216
15304,0.00932752731740139
15305,0.0038374551154813216
15306,0.017999782902452723
15307,0.0014457667844413674
15308,0.03610704909803077
15309,0.014641348782234314
15310,0.008438035607874598
15311,0.7163218460813359
15312,0.006175191372446027
15313,0.013121177378040375
15314,0.5738253562065858
15315,0.03663666652700649
15316,0.8356541855294702
15317,0.007202498641020815
15318,0.01834325979261403
15319,0.5195141207090772
15320,0.01705170459989901
15321,0.83377098312278
15322,0.12491929733620018
15323,0.5398805478176276
15324,0.18959381882265106
15325,0.007873177314889448
15326,0.014280558531424084
15327,0.0066414824153616095
15328,0.005100407426726181
15329,0.013524134747422508
15330,0.15165221721719777
15331,0.031805775679469024
15332,0.04959116379224159
15333,0.009659250395916105
15334,0.008172635781274492
15335,0.09837443328676228
15336,0.0038685440131685208
15337,0.0643758924304112
15338,0.005311232385423753
15339,0.005133352976233077
15340,0.007722879885995348
15341,0.5789515363089106
15342,0.2067421831881027
15343,0.007858432120607111
15344,0.020591874842551674
15345,0.004958017330957173
15346,0.003864996620131258
15347,0.03572910039500289
15348,0.05020126336541236
15349,0.006369052813517856
15350,0.1963133368612338
15351,0.018289572160717037
15352,0.2127362260545679
15353,0.014297928515506639
15354,0.010423124559339128
15355,0.279898351816254
15356,0.002624215015757935
15357,0.7335017758176191
15358,0.02404249833002764
15359,0.01148308061491725
15360,0.009794159651650095
15361,0.10680343655200965
15362,0.12032427260024775
15363,0.07310845512663437
15364,0.02559776872557356
15365,0.37570715420698103
15366,0.0034857881022057904
15367,0.011892058258520032
15368,0.016009012222925
15369,0.03551100702585161
15370,0.0042064039789936536
15371,0.16899712656554122
15372,0.005874336572969534
15373,0.0017752300554649233
15374,0.13160850934900933
15375,0.02043718293431774
15376,0.4124662271931527
15377,0.025982644117779563
15378,0.44103211732905706
15379,0.007279691049300617
15380,0.009841139293783836
15381,0.007049933341546125
15382,0.01726840499445346
15383,0.008021304456794671
15384,0.021864870195802154
15385,0.001339464397532258
15386,0.049328978671466225
15387,0.4735730589689337
15388,0.8504743481076621
15389,0.4003070101438439
15390,0.003525455115760525
15391,0.829979740523289
15392,0.6972172892466142
15393,0.20527874586217476
15394,0.04064648003606092
15395,0.01478110450725605
15396,0.03616639389086619
15397,0.0018165616991928544
15398,0.0181593292583272
15399,0.11723329331547719
15400,0.4732267790467706
15401,0.13191289244058405
15402,0.0039459830440063915
15403,0.02415278943376076
15404,0.005683205505447933
15405,0.017888085071354407
15406,0.0695392223766914
15407,0.017693346236061527
15408,0.11666660797916185
15409,0.41438770992213986
15410,0.0029887047195204177
15411,0.004564077524794379
15412,0.7513377168703091
15413,0.03119003343286093
15414,0.17227927862249187
15415,0.5167689215599909
15416,0.5273381977944833
15417,0.013911900067509775
15418,0.008985347101455933
15419,0.42299683829736656
15420,0.02148870955474591
15421,0.003691350245361462
15422,0.014868085920362867
15423,0.04528898628809439
15424,0.3905914363768209
15425,0.2318843895751598
15426,0.04523595175964255
15427,0.009353553677586555
15428,0.0041224698421610155
15429,0.03369768868424948
15430,0.008380673056538416
15431,0.0012527638288679865
15432,0.011883420954739514
15433,0.751898500667874
15434,0.13377098862702666
15435,0.004602615463220071
15436,0.021633655874769613
15437,0.18324141978349962
15438,0.011103730188794344
15439,0.011335157530318496
15440,0.01994914467037427
15441,0.002723799375576175
15442,0.00365087556329694
15443,0.002771579875127721
15444,0.008293869495551725
15445,0.02265318146461806
15446,0.00661710029755717
15447,0.0017496745157147633
15448,0.19111349893807136
15449,0.00933713087615268
15450,0.045212666427963025
15451,0.5505698256582474
15452,0.005058648631172558
15453,0.013802210717570138
15454,0.008009776087669855
15455,0.005254551345365702
15456,0.5343135524789696
15457,0.008726191821082032
15458,0.0017202446305176712
15459,0.007522551917115758
15460,0.005787745097612095
15461,0.05712381847197369
15462,0.022735843621464222
15463,0.009672365630098368
15464,0.028807051318096376
15465,0.33384359430241123
15466,0.16796140166914447
15467,0.09957035066817126
15468,0.31862916902389216
15469,0.02005564605624082
15470,0.07744244696836702
15471,0.6559217422243483
15472,0.015075699028294014
15473,0.004657670392847925
15474,0.1551166135468695
15475,0.30587070887246737
15476,0.14986082170294432
15477,0.008956185331009465
15478,0.008509041766593593
15479,0.004910794414068424
15480,0.013299258998001572
15481,0.01122216451946691
15482,0.00978969426518318
15483,0.3864746653315961
15484,0.3249422899039637
15485,0.020338369588189423
15486,0.03602777307343844
15487,0.0025084323362860135
15488,0.11080808168196607
15489,0.6380215788447864
15490,0.00692180265843796
15491,0.008311788718103546
15492,0.005439156348748638
15493,0.00870019355436986
15494,0.0011748745754703808
15495,0.0903476546190416
15496,0.08494215751173087
15497,0.0034707940036288673
15498,0.0440943009954157
15499,0.5197518734636584
15500,0.0048021783866289205
15501,0.4581120387332051
15502,0.08592996909979554
15503,0.005298143279982348
15504,0.009531472590767157
15505,0.4474103426794061
15506,0.019991335445979596
15507,0.32897529315335744
15508,0.013736562866767856
15509,0.009236456464764483
15510,0.0064363205241288355
15511,0.008621359721663448
15512,0.005050269947472632
15513,0.01624727450415489
15514,0.013901539932473703
15515,0.03951032205353638
15516,0.0064094411698191025
15517,0.5626524164099487
15518,0.018984434518649004
15519,0.022604084845253492
15520,0.01619385322330837
15521,0.06553498017814495
15522,0.022532453092196186
15523,0.05301760230504326
15524,0.005249989309391289
15525,0.003421524627092441
15526,0.010845216056366179
15527,0.023489266631644263
15528,0.4183269007811838
15529,0.034536822012702174
15530,0.038790581559424414
15531,0.010297775777903143
15532,0.024903557899107455
15533,0.004053467107666295
15534,0.5557612270696624
15535,0.11291284602457646
15536,0.018236662041769606
15537,0.6510766715829305
15538,0.36367156096327635
15539,0.333203880094179
15540,0.002576914415622015
15541,0.01742216666516713
15542,0.02697820711795893
15543,0.053129972578617034
15544,0.003965841279607808
15545,0.0213457385170007
15546,0.004048408209748531
15547,0.001864618174814294
15548,0.09369605878258283
15549,0.044712709753755096
15550,0.07950506788042072
15551,0.013816634347729813
15552,0.014778681454133274
15553,0.01819151861396056
15554,0.29263660505129974
15555,0.011675959936933277
15556,0.005788361133717636
15557,0.035369802659300925
15558,0.005528047569423779
15559,0.4392906572166835
15560,0.39893583331683374
15561,0.00618162125014781
15562,0.014613939978595612
15563,0.009798144043333373
15564,0.0044817146767437265
15565,0.31026594112206535
15566,0.024374292237785394
15567,0.026873885262501833
15568,0.0052067203397452785
15569,0.0019226150054750353
15570,0.006849922552247891
15571,0.003266887990996127
15572,0.028161761954515415
15573,0.3060434873567917
15574,0.007901033413176295
15575,0.003564872783510143
15576,0.12853020511701407
15577,0.003828664013799551
15578,0.01140894390235734
15579,0.14233452039170463
15580,0.42532085330168906
15581,0.06854011738278748
15582,0.1284225387223477
15583,0.0030981660748115483
15584,0.0058308191466589126
15585,0.012512241279491515
15586,0.007847581483614616
15587,0.009548021554851302
15588,0.007250604197503814
15589,0.12848660167878023
15590,0.018558214789705145
15591,0.0034341332729693973
15592,0.020116279567436484
15593,0.3439157321462448
15594,0.05537630170414207
15595,0.013693924512796905
15596,0.022825013623007588
15597,0.023642351084248604
15598,0.006046108943635732
15599,0.02900091586329525
15600,0.1036832557999194
15601,0.010792716602729962
15602,0.005907754967615304
15603,0.2877929835391105
15604,0.009497150841216294
15605,0.0994227975580378
15606,0.04194013289558256
15607,0.004076869770320614
15608,0.11781003946612773
15609,0.11722867700849775
15610,0.016354181937189412
15611,0.002955974518489951
15612,0.1059691989915937
15613,0.02867526697217791
15614,0.0051819868396371874
15615,0.014909535408523716
15616,0.0026810096545352735
15617,0.011623562565707908
15618,0.009046973971156638
15619,0.2095020234458759
15620,0.14808331124535146
15621,0.0175987049160848
15622,0.009763897328279212
15623,0.6621676026322318
15624,0.06099162962106411
15625,0.08964144298819046
15626,0.014325551045003174
15627,0.035109571786985226
15628,0.28757341358846156
15629,0.004718586572914899
15630,0.06136833664867054
15631,0.004575469299470331
15632,0.012551628109778019
15633,0.011582796679674144
15634,0.05036852829776346
15635,0.021493221053739835
15636,0.011871146307663836
15637,0.001766694225458051
15638,0.0310090918891844
15639,0.16185628633510138
15640,0.016771622138599333
15641,0.005986456226759747
15642,0.015288643125397638
15643,0.03083305106227025
15644,0.008694206421497385
15645,0.011815412990959456
15646,0.01177298227917552
15647,0.05298048382768693
15648,0.023315979004353112
15649,0.0018505339665022475
15650,0.011966297075747435
15651,0.06136717915186022
15652,0.1992508233938123
15653,0.888087780723002
15654,0.005975747063882361
15655,0.05207754800248983
15656,0.14737286226565935
15657,0.00404517915359339
15658,0.027934832280341805
15659,0.029457701803614046
15660,0.004582573146065147
15661,0.018991016562610274
15662,0.0018514004275436132
15663,0.4753387959677139
15664,0.03089318131065158
15665,0.04989170287712578
15666,0.002576243008834578
15667,0.0058305332727137055
15668,0.01466341349479528
15669,0.6123124652464023
15670,0.007299298122137088
15671,0.21203352348447363
15672,0.014503816828427473
15673,0.03310455053766896
15674,0.009757438411402378
15675,0.49615408248029463
15676,0.016784537630019816
15677,0.00559139566521323
15678,0.451490025446294
15679,0.011010797911225318
15680,0.012062813651227302
15681,0.007925633581447994
15682,0.01861539652883664
15683,0.13607861439207694
15684,0.5109263862933148
15685,0.0056562732436856765
15686,0.018378512975686077
15687,0.007872842830921184
15688,0.3367005912776787
15689,0.013481990365737948
15690,0.2817639289030875
15691,0.006104258167978382
15692,0.37863131112873405
15693,0.04265436831094449
15694,0.008989829306050452
15695,0.6500605380669205
15696,0.37025809646989327
15697,0.2944610772406568
15698,0.011477094572195524
15699,0.06514456414281623
15700,0.44793537959723767
15701,0.00220108716560672
15702,0.4191609497521551
15703,0.5383020441415063
15704,0.7177283942828867
15705,0.014176574887455702
15706,0.008000991950400441
15707,0.0022368061930205453
15708,0.01037166767916943
15709,0.44313518009563185
15710,0.07651918248394436
15711,0.10307362989806182
15712,0.013124498067200441
15713,0.0068297913105739155
15714,0.2705502638121026
15715,0.00563728794882983
15716,0.010668916866416172
15717,0.07897312332264866
15718,0.01678171096842685
15719,0.009079521679327516
15720,0.002299846439793211
15721,0.08961859505622706
15722,0.020467248639612218
15723,0.014873569880019475
15724,0.36648736086193795
15725,0.04150287467821011
15726,0.4801058616969398
15727,0.006790985544085494
15728,0.03931247426925282
15729,0.02078533284125864
15730,0.002610822837055229
15731,0.001237808888972232
15732,0.009026303377133985
15733,0.29429546229748893
15734,0.022229779523432223
15735,0.016691513870264605
15736,0.3596583679833401
15737,0.007381548034911601
15738,0.0182098724063999
15739,0.42020768576422635
15740,0.4243491539121137
15741,0.0451769207198517
15742,0.02916348326947447
15743,0.003846392322428697
15744,0.02764378118712035
15745,0.010748324188651712
15746,0.020573243827189454
15747,0.007964198379237982
15748,0.007831524954036842
15749,0.026979873061921494
15750,0.0025676871196689574
15751,0.020921110996593092
15752,0.009374171504132037
15753,0.10228282260358951
15754,0.022859954578900662
15755,0.008375729766168983
15756,0.00598262250897229
15757,0.006081859378075877
15758,0.009642432033974104
15759,0.6687319750711755
15760,0.008915467307554973
15761,0.004834721661357501
15762,0.25686265934286845
15763,0.0042300075168391705
15764,0.00683250204839306
15765,0.23376627960902238
15766,0.00785143077830236
15767,0.003942021833979406
15768,0.010097306633485868
15769,0.004949125925648468
15770,0.004422477867548153
15771,0.02201425940302774
15772,0.02604081911709435
15773,0.04259726791239695
15774,0.05034676536688337
15775,0.011261604499282714
15776,0.09261384133395449
15777,0.07037849057170209
15778,0.06310963372111911
15779,0.01768986508113547
15780,0.03172216830299843
15781,0.12695619638054512
15782,0.03904250929915101
15783,0.022293575309065422
15784,0.004498861893443683
15785,0.0027429358651643258
15786,0.003677960036173292
15787,0.3118149373429791
15788,0.019051560592282094
15789,0.0864789614654019
15790,0.03238750024117143
15791,0.3063167531410489
15792,0.0021669703782167364
15793,0.01189711840855514
15794,0.022427279312779436
15795,0.4038665035049715
15796,0.009777538386771688
15797,0.06370577268587378
15798,0.07350176417913294
15799,0.17620353077594617
15800,0.03183459382100795
15801,0.035477158643542714
15802,0.05695719232923846
15803,0.022129286197410187
15804,0.004658817623312908
15805,0.03595906263599714
15806,0.024640600714023703
15807,0.08790250587546306
15808,0.010328286054932993
15809,0.03153902495007427
15810,0.08520977311131307
15811,0.002367653420354913
15812,0.5853046408079665
15813,0.2367166202859459
15814,0.6326283925526586
15815,0.0046661266389185505
15816,0.011584410097294818
15817,0.20093593515436978
15818,0.04256159628011493
15819,0.004004483597232293
15820,0.0034369755011480745
15821,0.002790292159283325
15822,0.01094729459763623
15823,0.027736396238354773
15824,0.007352883929200618
15825,0.09176407977595455
15826,0.01505713760827092
15827,0.2824815897858548
15828,0.01277366661187407
15829,0.0897216350388315
15830,0.0032506183865131737
15831,0.014967019610846972
15832,0.01715442028079688
15833,0.02577509046596095
15834,0.003984664887007326
15835,0.006208144913063409
15836,0.37813978326197056
15837,0.23476528300158855
15838,0.20959658067926384
15839,0.02299404532238219
15840,0.5260146419260755
15841,0.013056147455848552
15842,0.09360818069026383
15843,0.011453065172849991
15844,0.00585527583366082
15845,0.4470492794303604
15846,0.01782604472933907
15847,0.8409180809854723
15848,0.00663872888839742
15849,0.012300066177037333
15850,0.03590687600094661
15851,0.26767144905771
15852,0.025878822379187233
15853,0.003718978733332451
15854,0.006098562609912558
15855,0.0037276064141984182
15856,0.010139050548835385
15857,0.008719209238483322
15858,0.01966765030297465
15859,0.5791346696010458
15860,0.021723499487819917
15861,0.0253768086719264
15862,0.775636248834454
15863,0.08638088384710509
15864,0.08425235299165762
15865,0.04084673183794201
15866,0.6444449562951365
15867,0.05774537385344368
15868,0.09466646137988044
15869,0.08482318985854136
15870,0.018998479009499296
15871,0.005034867758329228
15872,0.03248314101421868
15873,0.01100527096247163
15874,0.009940690731859403
15875,0.013842228717503293
15876,0.017762385970502104
15877,0.10443159990500984
15878,0.07833399046875557
15879,0.007258072330030852
15880,0.006376230450018248
15881,0.006800202767646203
15882,0.1777793501690927
15883,0.01720386639293835
15884,0.005806811707917316
15885,0.7624523605931814
15886,0.0057067294568433485
15887,0.5011463530788715
15888,0.009975814176742197
15889,0.016136445958934487
15890,0.3964454507034938
15891,0.009313866313944635
15892,0.005127636167355347
15893,0.0028527180503635056
15894,0.06758858432452472
15895,0.02202886844361273
15896,0.024475270652734117
15897,0.10961574964992246
15898,0.003158658340803076
15899,0.10044298509704713
15900,0.7144254487470456
15901,0.031079031340086258
15902,0.03799616690003084
15903,0.02675458778778082
15904,0.033490042992673934
15905,0.3893456351487389
15906,0.0019859262342556997
15907,0.004773006604975655
15908,0.11695974796723034
15909,0.03602401677143061
15910,0.010061710994006323
15911,0.09818093240864603
15912,0.13835821884466648
15913,0.007932667480407867
15914,0.022999780015059118
15915,0.030903730228210503
15916,0.006307273669910566
15917,0.023697429922036158
15918,0.21074291194090405
15919,0.48843794855860423
15920,0.00487081515180051
15921,0.021730300281863457
15922,0.0061662768072964416
15923,0.023299619511363917
15924,0.039286280591366775
15925,0.0017055454727412476
15926,0.008068772349964485
15927,0.6117832001994122
15928,0.26136951313037554
15929,0.8178032511709227
15930,0.016098743368989758
15931,0.12361821861051817
15932,0.0013878644267763395
15933,0.005266578558612747
15934,0.010898480058547546
15935,0.4256598406246338
15936,0.0018353950223277636
15937,0.03263468504996087
15938,0.14519068953419642
15939,0.003692273178067108
15940,0.9068862006133672
15941,0.7442160364461954
15942,0.003200116286651985
15943,0.04298680461828452
15944,0.009621316058379957
15945,0.05767663433502485
15946,0.003308460367085899
15947,0.018585645086331298
15948,0.01111988375708286
15949,0.05536606697287213
15950,0.006344731833477176
15951,0.004066980826305044
15952,0.01199226234062031
15953,0.5520594207605405
15954,0.010626242319153014
15955,0.3613673007555974
15956,0.06597444195453116
15957,0.0467544647090446
15958,0.11542152854768374
15959,0.03679468397403931
15960,0.009181667800422165
15961,0.01900927014889479
15962,0.016310214407102133
15963,0.008664193764606665
15964,0.0030210629765725383
15965,0.4342394103901151
15966,0.029487793967855624
15967,0.004399383927221075
15968,0.41039517251333074
15969,0.0069780651418924105
15970,0.003060084178678857
15971,0.02724783627735333
15972,0.22868095329785032
15973,0.005617422614359091
15974,0.005785372806868335
15975,0.007656080140629232
15976,0.001932372609089683
15977,0.4042108236730894
15978,0.010029120835203846
15979,0.2098495073144203
15980,0.021732887030216804
15981,0.05672113291612719
15982,0.005537653837995895
15983,0.01593889766903505
15984,0.08032393970286862
15985,0.03292216065820492
15986,0.011576855467247444
15987,0.8624984982452545
15988,0.8394499731186336
15989,0.014666438935859798
15990,0.035307891124588146
15991,0.042265936938455914
15992,0.01861993792399469
15993,0.012497348547137
15994,0.011156248169391321
15995,0.022872732583011774
15996,0.05867341790529637
15997,0.005669073601280539
15998,0.02405996282753024
15999,0.41392662896643323
16000,0.11187463142514296
16001,0.06034599862195191
16002,0.052463711901917745
16003,0.3396806927748239
16004,0.0641200495696849
16005,0.02823045791446224
16006,0.0029590923483340343
16007,0.903370064644449
16008,0.04207598731261717
16009,0.00317211353080548
16010,0.00351200827761724
16011,0.6681462964242881
16012,0.01142903506715099
16013,0.006392494177684147
16014,0.12496215024639178
16015,0.0020143933446241926
16016,0.005355031874849727
16017,0.08276459539688386
16018,0.02599816778651708
16019,0.009643081114098971
16020,0.01545802260266043
16021,0.0042754181554194295
16022,0.004501317377767688
16023,0.015596103824382783
16024,0.005177172690748691
16025,0.003704523731433859
16026,0.09164946295859251
16027,0.5641327117690753
16028,0.02373144959987789
16029,0.032398844676024455
16030,0.00761002505472801
16031,0.6820437131797997
16032,0.16744063712390805
16033,0.25187438058127604
16034,0.08413266988124453
16035,0.16265994387715652
16036,0.017010611752397826
16037,0.008617985367704088
16038,0.017404795051236027
16039,0.21326827560440847
16040,0.03130809093808194
16041,0.23633730673762052
16042,0.047163158383580116
16043,0.918630571056347
16044,0.023938949009778325
16045,0.002605039653163499
16046,0.004620487218732934
16047,0.3104002138267483
16048,0.6692853855411152
16049,0.38028895421425274
16050,0.006240219170774143
16051,0.008067417839051004
16052,0.042454768021685
16053,0.010514838531777575
16054,0.0016720250879756226
16055,0.5808707164566901
16056,0.0056349485157042465
16057,0.006618310950727379
16058,0.012637193441845298
16059,0.04837956738974514
16060,0.13842744278793606
16061,0.023880603660337
16062,0.03138096820810087
16063,0.021220663360047277
16064,0.40663706088151114
16065,0.039886353529138906
16066,0.02925237052557734
16067,0.030377279604472222
16068,0.054832245063595145
16069,0.012568057154563442
16070,0.26422398974118594
16071,0.06761199918043774
16072,0.002766943511184186
16073,0.12599156252524574
16074,0.003213697314780725
16075,0.061056749478126504
16076,0.03169640892352064
16077,0.003326493049117552
16078,0.025239939101305953
16079,0.07458793882567998
16080,0.03389589256708002
16081,0.008124066040294671
16082,0.08365939457358003
16083,0.00675589768117841
16084,0.5922335098620125
16085,0.021074024364818634
16086,0.023845383284740552
16087,0.04167518570448314
16088,0.1779670134367489
16089,0.02789337888636208
16090,0.5299278705569084
16091,0.053372900015029846
16092,0.003500219761079296
16093,0.004016432939848107
16094,0.002593191799256994
16095,0.0024457800500023003
16096,0.0026556760631933347
16097,0.015964126411413607
16098,0.049992846459664
16099,0.0066821807417904245
16100,0.06903800093777059
16101,0.03291094247606431
16102,0.007442846341719893
16103,0.002968168182746339
16104,0.8007699122037362
16105,0.005951501178231713
16106,0.4512671885276287
16107,0.008581447297801597
16108,0.10092056728391563
16109,0.7913963795074392
16110,0.9018664239691566
16111,0.6594480647750224
16112,0.007982418120897911
16113,0.03457928676759143
16114,0.002781300370979894
16115,0.4728070719235639
16116,0.0035183791057296796
16117,0.007319205522310899
16118,0.00640503920097769
16119,0.0297478513508451
16120,0.1254956293792347
16121,0.00191736289456999
16122,0.019271284546044123
16123,0.5204853981106895
16124,0.3299072679768285
16125,0.18409083296131992
16126,0.022778230277084022
16127,0.5534684239311963
16128,0.027145588492657226
16129,0.07285027094733536
16130,0.004637448973100722
16131,0.007784350627511608
16132,0.025686528668035405
16133,0.015292058276087378
16134,0.0014252558949528309
16135,0.02059782745690635
16136,0.24244393243828352
16137,0.014817401461673662
16138,0.014579099956406577
16139,0.5105092067178604
16140,0.0018382897349688
16141,0.010863526562181551
16142,0.012405086008349213
16143,0.45638753592539943
16144,0.3311892246407945
16145,0.4448989267106543
16146,0.004451485868773889
16147,0.14057152359131336
16148,0.01783564236809955
16149,0.05928068242641878
16150,0.08705109883634071
16151,0.01015298897199295
16152,0.025352090957041908
16153,0.02261770478619416
16154,0.005862488968064734
16155,0.0023600324907828104
16156,0.004103645692166715
16157,0.009409028342752071
16158,0.1959645665895332
16159,0.008432294273296498
16160,0.599138590940536
16161,0.028850087466128504
16162,0.11429992641378546
16163,0.025475312379559984
16164,0.002895118363289615
16165,0.02283832606909436
16166,0.003731904103337034
16167,0.15952675481685677
16168,0.22384530138839345
16169,0.4430031894000468
16170,0.6423879226573882
16171,0.03805982132970313
16172,0.040584320913930404
16173,0.007295355089703706
16174,0.006588903491998483
16175,0.007204515640279521
16176,0.623089819589093
16177,0.00870635586009878
16178,0.06380475795445888
16179,0.02247934905982412
16180,0.01835139774920356
16181,0.009649033353659617
16182,0.529108561948834
16183,0.8696772790090966
16184,0.010148865283462753
16185,0.0113116620881639
16186,0.08012037621051801
16187,0.021893712023923654
16188,0.20176303147010946
16189,0.1078708009791307
16190,0.23929802461381927
16191,0.6191165149989376
16192,0.05273193490864576
16193,0.010005847545724466
16194,0.02679797134924069
16195,0.012234271246302938
16196,0.008634021716893155
16197,0.22954076076445892
16198,0.6576247377864171
16199,0.020559758618331158
16200,0.008070470158492256
16201,0.017855641828841997
16202,0.06867187869702952
16203,0.00826331032151447
16204,0.12324760091934621
16205,0.05767669179364695
16206,0.04747718434066563
16207,0.12191153514314525
16208,0.41924273734200307
16209,0.44913327243944845
16210,0.006918448666981114
16211,0.0864690158480399
16212,0.004331786880954862
16213,0.0072824615610185585
16214,0.01859386883345861
16215,0.08072298993989559
16216,0.10862009054810055
16217,0.24239299300813233
16218,0.013588653890036157
16219,0.20205682295333596
16220,0.8118135569630271
16221,0.014452922365541694
16222,0.2096515498243425
16223,0.07025840456845166
16224,0.15081197473418698
16225,0.03689377372658865
16226,0.006602161245245991
16227,0.004820594862504701
16228,0.12401737544642658
16229,0.0036369893390714118
16230,0.004785607299662573
16231,0.0979628205532887
16232,0.02491828077437561
16233,0.003127206918693882
16234,0.6893072639099325
16235,0.005053485817933503
16236,0.9217710010752275
16237,0.6490134212807136
16238,0.37737564446021743
16239,0.19666146726321132
16240,0.02210683299475731
16241,0.007230364743198127
16242,0.6277402566338385
16243,0.026452259958747157
16244,0.03808364333677367
16245,0.020539559922665696
16246,0.014442652322164322
16247,0.009802167018103918
16248,0.010326454180944997
16249,0.004234055892389964
16250,0.005450439284612981
16251,0.0029937268215192757
16252,0.005951674473667373
16253,0.011139928255063193
16254,0.03280511230970623
16255,0.4305474541022215
16256,0.276528888182275
16257,0.004753005343245026
16258,0.005301199294993666
16259,0.7362365445365672
16260,0.01106860013898621
16261,0.004303979577294006
16262,0.1018515065564937
16263,0.14389896399739474
16264,0.27540549930427227
16265,0.5507118330577563
16266,0.2541407623106247
16267,0.015693905700881392
16268,0.005940104174809342
16269,0.10080571225067625
16270,0.0014702865240199608
16271,0.06952058505895325
16272,0.016796117396430183
16273,0.09053596438503086
16274,0.0022619610497597504
16275,0.6484617811239842
16276,0.008664452200566136
16277,0.012164945884038034
16278,0.0018253591740275451
16279,0.023237121216665865
16280,0.018573227831476045
16281,0.8748687894262895
16282,0.5834016970447032
16283,0.00977154798080715
16284,0.29464374205068433
16285,0.1199066997007227
16286,0.8723480921526641
16287,0.20726242032194547
16288,0.016637060865939548
16289,0.6836401717782092
16290,0.058804990786537045
16291,0.8347019042034189
16292,0.4774253141320753
16293,0.038265181988317694
16294,0.01486053474099077
16295,0.06048276374881085
16296,0.0037061113368483016
16297,0.367966904461887
16298,0.02644047361812511
16299,0.006495063651265375
16300,0.004421268334208966
16301,0.006934100699554963
16302,0.016743679290283774
16303,0.9472686520889819
16304,0.011672565570532862
16305,0.008390910454257076
16306,0.6668669144021296
16307,0.008911073108070353
16308,0.19267411847126073
16309,0.0032427601652672096
16310,0.4162523335749234
16311,0.013278178315539894
16312,0.858192494307144
16313,0.015836923264040258
16314,0.24636733085992849
16315,0.008621854644176785
16316,0.4051031955297776
16317,0.03739805555938499
16318,0.1940238944500765
16319,0.002646952543442254
16320,0.02881020533864225
16321,0.10143914625204349
16322,0.02701729940876326
16323,0.02278925233693128
16324,0.6862743082817003
16325,0.24197933888410392
16326,0.08649140759684232
16327,0.014997785898605159
16328,0.002424643875484332
16329,0.0066084664680474
16330,0.0034481241949301713
16331,0.022701093579663142
16332,0.005542956259965046
16333,0.009193218288432834
16334,0.041866143981854086
16335,0.08944280364662452
16336,0.017613052374424194
16337,0.065299250718417
16338,0.018349534365818383
16339,0.008515514152303604
16340,0.04022936104682728
16341,0.04731287427650004
16342,0.0025907526064475133
16343,0.4163491099165668
16344,0.10919617443497745
16345,0.031587229434065375
16346,0.033857439573670225
16347,0.013378302194224877
16348,0.006182443084626693
16349,0.009496752281632279
16350,0.008502327352330022
16351,0.0023810786187288516
16352,0.15825753150344632
16353,0.00876599064726895
16354,0.031158783518228678
16355,0.45845265792562556
16356,0.01745118389881045
16357,0.3568567720422864
16358,0.023104226399177093
16359,0.04681255696221374
16360,0.005192705180871373
16361,0.005408974651099067
16362,0.019926742302703894
16363,0.03151492903170794
16364,0.00243283703681941
16365,0.014351539546199195
16366,0.006285380178060241
16367,0.28442557043537475
16368,0.009449587808766077
16369,0.0013222435763453996
16370,0.00581362789600223
16371,0.021468296324926563
16372,0.07064378153809299
16373,0.003186014794935237
16374,0.05979492506083239
16375,0.34912887990476354
16376,0.009190987015748506
16377,0.13095328128896616
16378,0.31073921971800733
16379,0.02378525072251285
16380,0.12064383055039274
16381,0.006373265745400285
16382,0.08572295580139876
16383,0.005667335355213957
16384,0.00528840737490149
16385,0.6916295699931707
16386,0.44275403787241213
16387,0.8445871234048067
16388,0.01316688547866574
16389,0.3992057704542284
16390,0.132467808066057
16391,0.08576710623515936
16392,0.0018559727111457619
16393,0.533414506364054
16394,0.0028906500932200396
16395,0.01127688913051757
16396,0.019920256903068284
16397,0.27971045171317427
16398,0.007242613951100594
16399,0.004811133404852623
16400,0.38234918517328836
16401,0.005748943100946242
16402,0.008695702990514597
16403,0.13611731929068352
16404,0.005769138484224813
16405,0.005807613666551045
16406,0.004658253981703944
16407,0.14558111862769924
16408,0.06722553540555955
16409,0.004157162444100856
16410,0.2463678642991302
16411,0.011576978324963582
16412,0.002562047304373345
16413,0.011858868276893966
16414,0.022128306311034834
16415,0.27522626851938764
16416,0.012548051140346357
16417,0.023701697663611642
16418,0.007500207269998154
16419,0.01025716074955386
16420,0.014254192222314202
16421,0.06352988001951218
16422,0.2934404703591868
16423,0.7881204157748604
16424,0.026507790045947853
16425,0.01944581906189035
16426,0.01097206355340176
16427,0.029842389161648317
16428,0.02388301177575482
16429,0.010263983958724434
16430,0.056672839128394284
16431,0.0026008560315653284
16432,0.021343897391140145
16433,0.012749473403236952
16434,0.024921901862947706
16435,0.014233461085474868
16436,0.08906422356763113
16437,0.021768015276604026
16438,0.04731202873748342
16439,0.940559905397622
16440,0.11732663793672132
16441,0.005660559921626211
16442,0.006761218408912487
16443,0.0832221478733558
16444,0.36028296629108786
16445,0.44825723099512094
16446,0.49351078906639945
16447,0.009311259636213152
16448,0.4775154782185474
16449,0.009972318477894567
16450,0.0033198297625996213
16451,0.015886020655676875
16452,0.013142403198491697
16453,0.3699647744892879
16454,0.029413390387635845
16455,0.031114287023059038
16456,0.7912778691079873
16457,0.07005447198070414
16458,0.007006889523673248
16459,0.005666991942831026
16460,0.009736885753948158
16461,0.0013891701640114502
16462,0.03664797972956377
16463,0.5793603705014311
16464,0.012738082406464308
16465,0.25734938821407677
16466,0.04550112076768724
16467,0.007522224970300953
16468,0.025913724189929026
16469,0.09281633739001542
16470,0.02840288473574299
16471,0.028167900721195866
16472,0.02368171743325383
16473,0.4974905428678964
16474,0.009783241157813363
16475,0.018124167276363328
16476,0.004771563329898192
16477,0.053668582961348785
16478,0.8824415015602339
16479,0.2305834764078242
16480,0.025627253745617955
16481,0.3913811878137529
16482,0.00826055827295001
16483,0.01785019904256403
16484,0.005524540927619573
16485,0.014096228910902639
16486,0.010980240349066113
16487,0.29357798730943213
16488,0.012044562796157414
16489,0.006540008748335617
16490,0.009089928707527733
16491,0.0053207177618208295
16492,0.508131690839195
16493,0.011416018051496139
16494,0.011434892229449932
16495,0.04131040628097688
16496,0.019254380548888204
16497,0.009483124938211763
16498,0.4655224706137749
16499,0.03956910807215662
16500,0.21033600027518462
16501,0.12658696275154596
16502,0.635827144830779
16503,0.014809523464419667
16504,0.21634847008422206
16505,0.02450745317044887
16506,0.010844892297758533
16507,0.002168945969295547
16508,0.29847313446462936
16509,0.05587262474290598
16510,0.00474844540287829
16511,0.005224227866864863
16512,0.07256247519293813
16513,0.02127006297533982
16514,0.0020964258079735265
16515,0.025115615379857716
16516,0.23447109192337906
16517,0.007356061046959665
16518,0.016954546563604758
16519,0.008689604023428249
16520,0.02388617579887434
16521,0.07571029493159068
16522,0.018435903636740823
16523,0.47058357056957545
16524,0.050085791595050465
16525,0.1351814066042853
16526,0.056233864001617895
16527,0.014850022709209145
16528,0.029141853182610384
16529,0.6710204986800464
16530,0.03137986459577227
16531,0.04911002383327578
16532,0.008558720729137076
16533,0.020861285409100313
16534,0.3122083812926503
16535,0.16260299789031957
16536,0.24092803220680212
16537,0.07459821844687721
16538,0.11554797957311812
16539,0.011168496185412286
16540,0.006146043669455843
16541,0.0020286527885618583
16542,0.11794367126872102
16543,0.003300221986845217
16544,0.004813355181893668
16545,0.49556360089707197
16546,0.031152418813453073
16547,0.0038940381692526786
16548,0.006166341429134399
16549,0.889368145358082
16550,0.74065610261439
16551,0.02763191775757212
16552,0.025999980814984572
16553,0.020604100156165886
16554,0.06250366192439809
16555,0.0026339654756938075
16556,0.007971279492112559
16557,0.42657101772347883
16558,0.00990775493228241
16559,0.04869758577100975
16560,0.11375767615739368
16561,0.007321971308655888
16562,0.010765067969879239
16563,0.01892429945456529
16564,0.021816822299979426
16565,0.05041568899361242
16566,0.005661887338039983
16567,0.0030779137262810933
16568,0.9029311801858804
16569,0.015608591370526894
16570,0.05041568899361242
16571,0.3463868325128884
16572,0.002664126344310298
16573,0.18918528123963205
16574,0.004208816545814622
16575,0.13822765124478106
16576,0.5082197309948945
16577,0.022608057007396414
16578,0.03309321673368581
16579,0.351438919758015
16580,0.007574734718616841
16581,0.0026634398027804806
16582,0.25345256188830806
16583,0.00400038225252877
16584,0.17672054858897226
16585,0.002639940333831914
16586,0.005961325629097144
16587,0.04967398600806682
16588,0.022794407598222384
16589,0.8690401231904273
16590,0.006606655914736938
16591,0.008715650976894952
16592,0.62313345457677
16593,0.02192661926776312
16594,0.01109066613628283
16595,0.005171675402711607
16596,0.010453107666668312
16597,0.33529114881524413
16598,0.5359862613929003
16599,0.021714698267729766
16600,0.009758058939552207
16601,0.0958652406288299
16602,0.1304883895440357
16603,0.3305688103647589
16604,0.014118869231239766
16605,0.017793830892475153
16606,0.4007271945743215
16607,0.006775044965329164
16608,0.17436702480752694
16609,0.0009006011563439173
16610,0.061940900834383354
16611,0.497260822021053
16612,0.8391238686174775
16613,0.8924659608093622
16614,0.012876928312400164
16615,0.0038691207293343436
16616,0.008571627136706379
16617,0.029107889674846052
16618,0.0011397437359972908
16619,0.18410431435770327
16620,0.010326725521758477
16621,0.4734543046146384
16622,0.13660839858488552
16623,0.008517633007749313
16624,0.008214013592561157
16625,0.008070499902918318
16626,0.28751355878135054
16627,0.020392621728922783
16628,0.19520642006164454
16629,0.1304515569588115
16630,0.006885630058442013
16631,0.012035144174266151
16632,0.07482988880032482
16633,0.016649219679579646
16634,0.00766119379012051
16635,0.006296812986628579
16636,0.009424709427765687
16637,0.0032563553538606676
16638,0.4210564647495424
16639,0.481693128748175
16640,0.01919486247729554
16641,0.007065775844249302
16642,0.053110209569757
16643,0.042539048879723956
16644,0.5617585017001218
16645,0.02089218209609122
16646,0.1830930245985482
16647,0.009314535456919048
16648,0.07988491530488473
16649,0.11884001443247953
16650,0.13376762523444521
16651,0.6381879506706544
16652,0.006848227731376219
16653,0.008010229039004052
16654,0.16698281616594615
16655,0.11771636221454553
16656,0.008180051117373887
16657,0.032889414337473145
16658,0.00908711160004989
16659,0.49415099602893514
16660,0.5802535921883029
16661,0.004955315058341028
16662,0.019100164043844205
16663,0.05362541521530589
16664,0.07948356500174614
16665,0.028174216505810736
16666,0.6030002518018133
16667,0.7693609046860175
16668,0.0676971021245475
16669,0.897432633657064
16670,0.3395363017217555
16671,0.038804176794453055
16672,0.003537896042053618
16673,0.09083586155122902
16674,0.029006663999961806
16675,0.07802939985465551
16676,0.004192006229990139
16677,0.010100524213365384
16678,0.012555148175408558
16679,0.00563914626510199
16680,0.03221977552810757
16681,0.1398116831525305
16682,0.02001698797009457
16683,0.01343744044469771
16684,0.030199042995878243
16685,0.17416659097630616
16686,0.005271783497350216
16687,0.16760659740061012
16688,0.06883684405218023
16689,0.03698387202828135
16690,0.0032098729964100555
16691,0.008570212165411713
16692,0.23447383316456488
16693,0.006982823610744321
16694,0.0029006399645359745
16695,0.06315463456683708
16696,0.011949488740253384
16697,0.006193225639001036
16698,0.09606676654661227
16699,0.014236240124065016
16700,0.03008647890883002
16701,0.3019170368815662
16702,0.07665680032539222
16703,0.004344691278511866
16704,0.5936246294650191
16705,0.013398338563157945
16706,0.01081232604598924
16707,0.033701066107783575
16708,0.007666750678620151
16709,0.9167533618395356
16710,0.006826519036428616
16711,0.8558837701561866
16712,0.02847392885853232
16713,0.07981824599424477
16714,0.002450435766632284
16715,0.006953178955031765
16716,0.0012327387047083003
16717,0.00556518196440017
16718,0.006040968866265612
16719,0.047640783345286195
16720,0.5424150247455148
16721,0.018230001929326504
16722,0.004692494992662712
16723,0.010702403525706691
16724,0.10086433094886293
16725,0.011275818473351875
16726,0.06910101440934655
16727,0.07706687497549224
16728,0.28560814230371606
16729,0.21542732094755704
16730,0.02577336309755338
16731,0.0025881997074187414
16732,0.33174389902863616
16733,0.02053189109206761
16734,0.009021395420862867
16735,0.007295227327468206
16736,0.3081949028204054
16737,0.004558985862388097
16738,0.004608956526377757
16739,0.020933782947375426
16740,0.4665390139323407
16741,0.024734342244892574
16742,0.031702054607437
16743,0.00761590468520182
16744,0.06145888157659958
16745,0.04567487361750867
16746,0.013096353226947768
16747,0.022988448696795453
16748,0.08665923185169803
16749,0.01454370760268098
16750,0.00543021153752601
16751,0.007961682936877526
16752,0.2310723968462917
16753,0.6672300509688583
16754,0.002540997494129664
16755,0.006977131491270986
16756,0.003892773666068388
16757,0.03153723251006716
16758,0.06868368522554548
16759,0.015582245786218668
16760,0.03546607209864847
16761,0.021750296549573393
16762,0.007867193194807
16763,0.07866049848281505
16764,0.05774004635939023
16765,0.0981926550377249
16766,0.010233638033626624
16767,0.48156152026839155
16768,0.2655850583767684
16769,0.023334382772274283
16770,0.019690801659629963
16771,0.029535953041752376
16772,0.010001438656092338
16773,0.3387351699359121
16774,0.008103622693900001
16775,0.012197790537431294
16776,0.0818409047857095
16777,0.18325697934947913
16778,0.02572685793434476
16779,0.009339416494572227
16780,0.007071512890475196
16781,0.010600319136722828
16782,0.008098915230822656
16783,0.0022841169674180485
16784,0.501165812191565
16785,0.009877691555385636
16786,0.004784414941170954
16787,0.03123729708917109
16788,0.030020247370074686
16789,0.0014787241518103176
16790,0.04370215176223863
16791,0.26150492824495164
16792,0.01300062426293517
16793,0.13697797375865442
16794,0.8199067215378374
16795,0.007168694050252054
16796,0.017623401612181722
16797,0.3296394155741336
16798,0.5744317762796051
16799,0.10050343247262893
16800,0.009330445329172455
16801,0.008818787331309155
16802,0.12209428439841598
16803,0.006432387843923835
16804,0.011063125342501883
16805,0.010496941753649066
16806,0.003064481262758444
16807,0.05381143681849761
16808,0.09210265814695225
16809,0.023670847901026196
16810,0.02827800753779169
16811,0.0037598842426889516
16812,0.004826312002844832
16813,0.11076652425755251
16814,0.0912070061071216
16815,0.008301689949881029
16816,0.00606614008988329
16817,0.021590044380928496
16818,0.0036016065447003675
16819,0.009273116809079596
16820,0.05861073781229372
16821,0.20755364819584557
16822,0.010185029788597437
16823,0.03243954320278524
16824,0.015614764818012687
16825,0.0027905476111080626
16826,0.22830962139781671
16827,0.03150159865797693
16828,0.4707971895894429
16829,0.04442691197191157
16830,0.006587131391158047
16831,0.04421282715127438
16832,0.10176435467068443
16833,0.008239630141771728
16834,0.004956110769750752
16835,0.04072918485894227
16836,0.001691047230807171
16837,0.006636163344331291
16838,0.02836075860018099
16839,0.009248381446562768
16840,0.005119865986142702
16841,0.010605311764905655
16842,0.08691837527092189
16843,0.007820278976006467
16844,0.0022314567921023574
16845,0.1758283330811896
16846,0.028733955209742132
16847,0.011625984362994933
16848,0.5090477136274515
16849,0.0021227544419878705
16850,0.01839021495763305
16851,0.08746452442841747
16852,0.042600109029685744
16853,0.0052310440077571975
16854,0.7704645083564242
16855,0.015388184248171746
16856,0.003681492962982491
16857,0.04885038044466897
16858,0.11306756842192552
16859,0.025933293837422836
16860,0.030218120149181685
16861,0.01404568628504263
16862,0.05476204176355692
16863,0.014477323302019564
16864,0.034150410219412716
16865,0.025516135193041294
16866,0.013771752589132328
16867,0.40006947165670664
16868,0.04998639079750878
16869,0.08752592582682522
16870,0.0039091183531681905
16871,0.13655812596523678
16872,0.04162057610850596
16873,0.1466694735902201
16874,0.02776464462057705
16875,0.019881837154740196
16876,0.015914388831408176
16877,0.005142991859614491
16878,0.01806643301906765
16879,0.24011273347601733
16880,0.013493181669
16881,0.024559769209649498
16882,0.13901524835582754
16883,0.04160454659891224
16884,0.7344700982611367
16885,0.04203297310050881
16886,0.012956038282042706
16887,0.5894951942899065
16888,0.13460930768703389
16889,0.07368192745232498
16890,0.005182971627955437
16891,0.016532588107458928
16892,0.008232346572570735
16893,0.010860627067065528
16894,0.04047192259519896
16895,0.16817952018875676
16896,0.41705104265246884
16897,0.09639291919962238
16898,0.7680066821567849
16899,0.01525251044524915
16900,0.004693939135624114
16901,0.035413982431081466
16902,0.015021747124984159
16903,0.012229021767390706
16904,0.0851516186673068
16905,0.0012159196588219395
16906,0.5611671934434239
16907,0.8419919343272112
16908,0.005935183364277956
16909,0.05629364916189503
16910,0.03393180793377871
16911,0.2730908560265931
16912,0.00397219041595189
16913,0.06984146120344953
16914,0.18943346488322985
16915,0.09432650300156563
16916,0.17343141959263106
16917,0.3138385891326448
16918,0.15779021460326934
16919,0.027216595740707786
16920,0.005205780807211487
16921,0.002257619708834517
16922,0.027375483878793586
16923,0.008483371200234749
16924,0.008464007835529487
16925,0.026374213422338696
16926,0.0882863209136017
16927,0.43629346867179863
16928,0.03295103509859933
16929,0.8098761654755524
16930,0.01625052839329466
16931,0.009866291255076657
16932,0.024292740996594116
16933,0.9223238807174401
16934,0.739304916892883
16935,0.003339396352501733
16936,0.032835889950971094
16937,0.04409798580374523
16938,0.010862211899406548
16939,0.008037145534545424
16940,0.025112058927068498
16941,0.021301185758715296
16942,0.016894569212144796
16943,0.5484173287682566
16944,0.01253795161592001
16945,0.002976173074118917
16946,0.015485660952487884
16947,0.2158879969573017
16948,0.05501053576428602
16949,0.0272165439286028
16950,0.006312334033737791
16951,0.683507852577783
16952,0.0030358625255219097
16953,0.005446386560457098
16954,0.12530402176039387
16955,0.1455971168454499
16956,0.040498887662904264
16957,0.2860729572639965
16958,0.12454285543525383
16959,0.16480252315130295
16960,0.01742033524172811
16961,0.02461784937174925
16962,0.12036810171534061
16963,0.004745571475177918
16964,0.033648352050891915
16965,0.061407359337365935
16966,0.027457853875963945
16967,0.013392575940823406
16968,0.003382848781232446
16969,0.015019081389448066
16970,0.031204375621378344
16971,0.030758676265117833
16972,0.04817065016639564
16973,0.024449427395198477
16974,0.03318503962306729
16975,0.014029521638169989
16976,0.012685041618994504
16977,0.4256249141195631
16978,0.01039605465303017
16979,0.8894497028332528
16980,0.02979550033809751
16981,0.01181391088401506
16982,0.7530781642924386
16983,0.007408472595608181
16984,0.3799068640377239
16985,0.01657582752290171
16986,0.28037872174217193
16987,0.009387857324616994
16988,0.5462662881052003
16989,0.32061117112816934
16990,0.04919389475601124
16991,0.00625287831530242
16992,0.6626361482523453
16993,0.012633323585934747
16994,0.005330520343229577
16995,0.4938176391140046
16996,0.015580497894695206
16997,0.0023791098550304886
16998,0.09205532573279555
16999,0.00998103966863333
17000,0.03752158530136415
17001,0.029780344218075346
17002,0.004382887318156923
17003,0.009611877838402214
17004,0.0037723011458669253
17005,0.01623240246564453
17006,0.006880532553508744
17007,0.0020539032525496944
17008,0.4482971823410811
17009,0.007154656716627378
17010,0.06319149120847262
17011,0.003630200586507181
17012,0.06854780681652847
17013,0.009274920384820183
17014,0.06698701440460493
17015,0.024665830980390213
17016,0.017406087032862092
17017,0.008042568298271997
17018,0.01673427206848041
17019,0.05936549184722737
17020,0.01329632974519188
17021,0.009370349165141387
17022,0.06877877150406896
17023,0.13565741675287527
17024,0.007612576912493453
17025,0.008551474800406633
17026,0.037063688130166805
17027,0.024321101702100625
17028,0.0134861733068249
17029,0.01682430958377072
17030,0.038240141410414104
17031,0.042511631465467534
17032,0.03043895914776139
17033,0.01742819434856678
17034,0.0016793867284782024
17035,0.014044125495981922
17036,0.027822975610930098
17037,0.47433058545855666
17038,0.014936368110754588
17039,0.007816242824813496
17040,0.27726182250768966
17041,0.052885286822531775
17042,0.0025280801332529276
17043,0.0027372432487724908
17044,0.22542770644131688
17045,0.008787827658393076
17046,0.002322659644786296
17047,0.010387608397128462
17048,0.31909152618477604
17049,0.004466002448779295
17050,0.01721924934968563
17051,0.0429837827152049
17052,0.030318048546250632
17053,0.0011951116603707086
17054,0.01370644290411955
17055,0.04093391501987646
17056,0.006248313988580638
17057,0.004908931934779984
17058,0.36887377820300843
17059,0.012772421073873644
17060,0.3506308454417924
17061,0.010879593479190238
17062,0.0030393902134731297
17063,0.0716614546285389
17064,0.00904788873746641
17065,0.006285357087751279
17066,0.6807060887766553
17067,0.008917393941583808
17068,0.04733544788263026
17069,0.06218162817257262
17070,0.38576830473552653
17071,0.005585132806744701
17072,0.04652354016693368
17073,0.02172011599801635
17074,0.016554047500756557
17075,0.0035336529229918925
17076,0.5822519446846746
17077,0.0780460508935723
17078,0.02777292692887742
17079,0.015114255538424774
17080,0.02813284069924886
17081,0.1030968854166853
17082,0.0489557090837775
17083,0.37694841659967215
17084,0.001375912875434807
17085,0.16323907618619393
17086,0.002671978087753276
17087,0.026415438659791103
17088,0.0044637260099362735
17089,0.012600039525739725
17090,0.00727735882935836
17091,0.7141923226177336
17092,0.002338954701176538
17093,0.007956996444238432
17094,0.009017918915096049
17095,0.14120959744548936
17096,0.04336855657254087
17097,0.02267673226374589
17098,0.03305777243671324
17099,0.0089607976326985
17100,0.01198620619386649
17101,0.17479983027713683
17102,0.0046207266718582265
17103,0.007539870969439767
17104,0.23027496518688775
17105,0.026845640837248493
17106,0.00995037443905447
17107,0.011113826056206273
17108,0.007275837991076425
17109,0.39348988806008306
17110,0.0022782575610243816
17111,0.06428035563371758
17112,0.002954926914614916
17113,0.0050319811149668724
17114,0.05247075198798387
17115,0.02516305440134857
17116,0.003142412798588023
17117,0.0027287078073904036
17118,0.49719086270547547
17119,0.3310807464017415
17120,0.0418664802769086
17121,0.03544208972488875
17122,0.7221482950296453
17123,0.029096801684721195
17124,0.07972516910664793
17125,0.009398463153663187
17126,0.027046542195930008
17127,0.10650122443676799
17128,0.006945282670071248
17129,0.32316138236395636
17130,0.6449903728482267
17131,0.13728572533395503
17132,0.003101962907636266
17133,0.005164058016456675
17134,0.10586135219539372
17135,0.3053525867271513
17136,0.8181627273202736
17137,0.01334818186569579
17138,0.0023741457029283672
17139,0.012148037838566413
17140,0.027550673354677438
17141,0.008623074098672153
17142,0.5152525858599721
17143,0.007038975925364418
17144,0.009648720864730858
17145,0.0069422273627250015
17146,0.16089884270572566
17147,0.0070885232243672845
17148,0.1576252935591274
17149,0.774117363885291
17150,0.009723413705359058
17151,0.5918729608233555
17152,0.006009623078789348
17153,0.008210344472225942
17154,0.3268324870263372
17155,0.021211385247629055
17156,0.006594851495396083
17157,0.006019406798470168
17158,0.03069889614556215
17159,0.005571932547770565
17160,0.015611127507732806
17161,0.0011827373159177712
17162,0.0396049845859342
17163,0.009182159798662725
17164,0.07367208576956286
17165,0.006510785927322572
17166,0.791962226247167
17167,0.006418621710617611
17168,0.002629755077125288
17169,0.030875595771952
17170,0.008120560992689796
17171,0.005137212509807437
17172,0.7221419767215339
17173,0.0029197123186555395
17174,0.025857167797951188
17175,0.10950452734455204
17176,0.006431971070371612
17177,0.00543843952215082
17178,0.022471625355216233
17179,0.013938598634185657
17180,0.5149876378075173
17181,0.01598256574361358
17182,0.1854620818440165
17183,0.009045448454268742
17184,0.012452471294725978
17185,0.004725182044438994
17186,0.6477499856581065
17187,0.006870169919242748
17188,0.6389700680741265
17189,0.017885128981397196
17190,0.09981993399919556
17191,0.028700827617620796
17192,0.0048830647517990634
17193,0.012171537460224584
17194,0.006363001481807989
17195,0.07356967374953785
17196,0.007342217654748317
17197,0.01646582979416997
17198,0.047535232030327314
17199,0.06754927608563256
17200,0.690270887641242
17201,0.002720748921205648
17202,0.0967478731571742
17203,0.004941498906882136
17204,0.00712146532576298
17205,0.6717332534697413
17206,0.023829159743446605
17207,0.004283409605948531
17208,0.2890562000960122
17209,0.063289973910407
17210,0.006677737285128735
17211,0.004746422794898504
17212,0.033577886540734486
17213,0.9632785849515546
17214,0.0036373445049628405
17215,0.049909677550567876
17216,0.02681000667382236
17217,0.006074518970864692
17218,0.06704655482231225
17219,0.005397744619080728
17220,0.029042101712779485
17221,0.014661341671881564
17222,0.7754376171765722
17223,0.018074279691851016
17224,0.01222097595593858
17225,0.53368275265598
17226,0.011168897635879152
17227,0.17582523240752973
17228,0.2873022570129408
17229,0.7130413566095467
17230,0.0033730781918221604
17231,0.160170058980766
17232,0.013945773293744468
17233,0.03346004764129732
17234,0.937387328981148
17235,0.010814590554166732
17236,0.0009923181131235713
17237,0.026611372855956834
17238,0.011928196803773243
17239,0.8125342115059249
17240,0.005730056393272268
17241,0.09511470142041224
17242,0.006357652678132288
17243,0.13088688186735867
17244,0.010491196941302188
17245,0.004335522671724168
17246,0.024045336718278215
17247,0.005678876707152442
17248,0.5274435400442572
17249,0.004995736339850151
17250,0.24376245906475183
17251,0.008508049700513984
17252,0.12872288326723436
17253,0.8295731562029179
17254,0.7432117405577907
17255,0.006476931990128579
17256,0.1502209841187046
17257,0.02467935176987056
17258,0.02032914819847167
17259,0.022989022969212108
17260,0.04362709686588677
17261,0.06532628182733347
17262,0.006490546939931472
17263,0.010484412166422217
17264,0.02013869155918762
17265,0.015291068956691356
17266,0.025559400635004927
17267,0.008491762916871431
17268,0.48388296062613545
17269,0.019565814014198355
17270,0.2966238344943173
17271,0.011533988962183057
17272,0.5774281607975844
17273,0.006700319794637638
17274,0.5412367462469188
17275,0.48815996952631896
17276,0.005111659840881002
17277,0.772181803522968
17278,0.06271459909385373
17279,0.26628650054324016
17280,0.09083271562590614
17281,0.014475853645737263
17282,0.9674847653698975
17283,0.021373843200201748
17284,0.008641469705559117
17285,0.015160684977544539
17286,0.09502956119225787
17287,0.003643224500930646
17288,0.0028590441290717973
17289,0.0047317927776376455
17290,0.03422183269730594
17291,0.20216519208564482
17292,0.005057550665044495
17293,0.020465424274135027
17294,0.017002781117751317
17295,0.1240741219922319
17296,0.006962785745531739
17297,0.008367786311864508
17298,0.00962130888240318
17299,0.017180979076931977
17300,0.017109615718826934
17301,0.006645479741116429
17302,0.0317268489273314
17303,0.03993382765322602
17304,0.008194274213474592
17305,0.3419479093174079
17306,0.032556042775053216
17307,0.032452136683416136
17308,0.4255786338014774
17309,0.0022806332688592437
17310,0.1490480682908614
17311,0.00424122294874654
17312,0.16727917141601253
17313,0.005278348833911445
17314,0.7533182851810181
17315,0.022105711368008218
17316,0.021899361252425285
17317,0.00814567759884777
17318,0.22106587317904022
17319,0.003527535385592965
17320,0.027415822548471365
17321,0.5123817980339305
17322,0.004413924829955371
17323,0.11553884157972737
17324,0.014717735472111228
17325,0.0040590360471122675
17326,0.11550120642494051
17327,0.003928842333797397
17328,0.0032454819300591184
17329,0.014650034076828815
17330,0.005264752263101141
17331,0.07695949209644817
17332,0.6438797590659175
17333,0.009162384085714643
17334,0.010501674641891858
17335,0.002235343675698226
17336,0.006217402458438109
17337,0.003583021609440948
17338,0.013554526310074038
17339,0.007526995008581114
17340,0.005396832912079635
17341,0.002144988916698333
17342,0.003645208416300216
17343,0.14274441637899715
17344,0.016141132877692126
17345,0.0035733084396925505
17346,0.011612924442586527
17347,0.40646168350560097
17348,0.00784209182382961
17349,0.0925060865742524
17350,0.03058314215653795
17351,0.031010229591849292
17352,0.04731768777892263
17353,0.005989267936482664
17354,0.5513880687716061
17355,0.011340432249004193
17356,0.018679229212836733
17357,0.01716399489507401
17358,0.39612465109047557
17359,0.07137506696778408
17360,0.009397717341552743
17361,0.008245032080809851
17362,0.022495168211229592
17363,0.009345829591377454
17364,0.0074217295878988305
17365,0.01771699809325102
17366,0.225832737838011
17367,0.04027231277940924
17368,0.002938330308704131
17369,0.00792803265750564
17370,0.004056942095210663
17371,0.028918578912934978
17372,0.35096578230730563
17373,0.027080036593570687
17374,0.015402603844943054
17375,0.009832953360629865
17376,0.28410696308836586
17377,0.021867334230267804
17378,0.005455212642626819
17379,0.4295005820693471
17380,0.11230119114106238
17381,0.601064719101632
17382,0.010397181062622015
17383,0.006706146556840545
17384,0.9650216331387961
17385,0.05321393626232718
17386,0.9483474789461273
17387,0.012272830511445763
17388,0.04358701123810089
17389,0.006466809713143781
17390,0.004003088623641248
17391,0.08665368251113818
17392,0.3344738556009959
17393,0.007174433664333233
17394,0.061483061060244794
17395,0.0033432507441730737
17396,0.004432009557643105
17397,0.0875558845093732
17398,0.08292068486811328
17399,0.6516685911478991
17400,0.005764379527314733
17401,0.05976835016454216
17402,0.3124151928151085
17403,0.005780576022019547
17404,0.013988027043218393
17405,0.45923813042232553
17406,0.002178054280636276
17407,0.00954179138971753
17408,0.07129219931047041
17409,0.007611876776381299
17410,0.008535040897783827
17411,0.05225804774442434
17412,0.010551602087283412
17413,0.06176663247671465
17414,0.020816763661796286
17415,0.005451778802843449
17416,0.0012742162287372363
17417,0.23094924139071285
17418,0.007017953967037687
17419,0.014809862915862336
17420,0.5620517587838532
17421,0.005807613666551045
17422,0.07005585055981174
17423,0.04263710627040351
17424,0.022160317735205767
17425,0.0024519898483999535
17426,0.004331984061767262
17427,0.016918511716989475
17428,0.013288511359180738
17429,0.0515213260756063
17430,0.029438624906733064
17431,0.003440437128141653
17432,0.008505500417803616
17433,0.04214004289982939
17434,0.003954303572310784
17435,0.016489930599730983
17436,0.010986753223569172
17437,0.10178565571540224
17438,0.005422841640840176
17439,0.1200713777300742
17440,0.012894251280556343
17441,0.006603964178853668
17442,0.042964217964699236
17443,0.004884043943905265
17444,0.001961594863230544
17445,0.11996244872014226
17446,0.006300637620532101
17447,0.2044968109012468
17448,0.0061096018570808725
17449,0.00789817966778266
17450,0.9475317566529773
17451,0.00216427658093647
17452,0.02262756244773422
17453,0.13516612710468404
17454,0.1368879562927324
17455,0.0073180857038252604
17456,0.032190771802105424
17457,0.02530719757865784
17458,0.01820893702693677
17459,0.03464455857212803
17460,0.011879356867877408
17461,0.007145881628872189
17462,0.05271176972956852
17463,0.01073711645148961
17464,0.00584135356725145
17465,0.095694532448006
17466,0.021829894544196416
17467,0.026860486803957168
17468,0.014027445250059355
17469,0.0025475491639210717
17470,0.009748544866443061
17471,0.004064233507817174
17472,0.010138418823077923
17473,0.5607315217569967
17474,0.013603156168528715
17475,0.009943625946749576
17476,0.0043283059333416975
17477,0.020310023461613213
17478,0.005372792943692584
17479,0.4643471469175311
17480,0.005101457556619416
17481,0.021527306829747985
17482,0.028265322655627513
17483,0.014369408353274653
17484,0.00842216323399006
17485,0.0011939324151277316
17486,0.1602308647092471
17487,0.007362364285597007
17488,0.004970112651645964
17489,0.002013614201014201
17490,0.0028463867861066253
17491,0.9128175268690101
17492,0.0028543276083842525
17493,0.20825420561184996
17494,0.01173780660981444
17495,0.010645839559112358
17496,0.1483129215637651
17497,0.047068450463424415
17498,0.19294755259726737
17499,0.005342304379779401
17500,0.016665710064820562
17501,0.005014345591794039
17502,0.03945387141975207
17503,0.01750188908525374
17504,0.018880149891150187
17505,0.3089177314975912
17506,0.08455808868051021
17507,0.008419096037413398
17508,0.00402013203434171
17509,0.0034603076003311183
17510,0.008352247319001097
17511,0.023103844162694866
17512,0.011020845787317648
17513,0.07483768438985448
17514,0.011276042627599358
17515,0.003166693893018078
17516,0.030637911182352612
17517,0.33847831276338425
17518,0.09038735002660102
17519,0.07266080530353006
17520,0.012183541033207549
17521,0.40442941592929793
17522,0.42983335844785
17523,0.010422497485543416
17524,0.0019424085045301673
17525,0.026068792377495088
17526,0.1777157143348839
17527,0.020302944389252255
17528,0.25340068168967805
17529,0.41582162283949126
17530,0.012978188033848962
17531,0.19814149194278732
17532,0.7192664965725389
17533,0.596314506031734
17534,0.3774308711852559
17535,0.008482803582786753
17536,0.17600634230991805
17537,0.01822565552727106
17538,0.40350764673158074
17539,0.006311009362684272
17540,0.5764071304786137
17541,0.8877426752013404
17542,0.015827202348243287
17543,0.03282321021300312
17544,0.0028431869106202066
17545,0.012638739999423719
17546,0.00543323107235359
17547,0.11572715621662907
17548,0.2689682601597851
17549,0.2544301713572247
17550,0.5349539079909995
17551,0.13403085066869605
17552,0.009577301335721492
17553,0.009610775824063587
17554,0.14557393540585656
17555,0.009535129833121676
17556,0.00237682548208748
17557,0.7644470840543033
17558,0.1184197242082145
17559,0.0059674735423389715
17560,0.4588793930629781
17561,0.023123325001434897
17562,0.7840368711283953
17563,0.005888227690029908
17564,0.03565660001280564
17565,0.008461611237789149
17566,0.01169608737324731
17567,0.25809406804226814
17568,0.06075876224819916
17569,0.0068466706678314785
17570,0.0029457513188308093
17571,0.1007529446828837
17572,0.01824910954813646
17573,0.08714687553450962
17574,0.009802960384947988
17575,0.25863987215380974
17576,0.0445884989574714
17577,0.016971060546845242
17578,0.003485204268002094
17579,0.010088673036264303
17580,0.17162200132930822
17581,0.7096222033238325
17582,0.007658996504392273
17583,0.9512401786016865
17584,0.012223155811562423
17585,0.4084751796614855
17586,0.3293533708320483
17587,0.006763518961794662
17588,0.003530291810761882
17589,0.0021082688474090435
17590,0.00219694230220836
17591,0.8081968234186251
17592,0.2519474923272797
17593,0.006416559743731522
17594,0.011903178162168002
17595,0.004042575167537693
17596,0.4256978469963424
17597,0.010082750035724874
17598,0.2659483015173621
17599,0.00613916388060246
17600,0.043036016736566124
17601,0.01444408217442626
17602,0.001563988709953814
17603,0.07670017989426552
17604,0.004888256880447726
17605,0.009398930576813354
17606,0.00955394129007899
17607,0.0037833997557309034
17608,0.0066902973851093684
17609,0.8969095924161491
17610,0.016052399603074228
17611,0.015774153693335177
17612,0.029184294016116562
17613,0.008241640306868081
17614,0.022959594313510485
17615,0.014134375536162846
17616,0.03318491613021116
17617,0.09631016114821173
17618,0.005170533575416571
17619,0.01604243769636066
17620,0.42913276282653207
17621,0.6895911490706957
17622,0.02096539803551691
17623,0.007609255055212449
17624,0.004351146785326061
17625,0.4106327527333571
17626,0.06000460708908233
17627,0.008159102476839212
17628,0.0031620813407225107
17629,0.00609494998182858
17630,0.0032372287084465505
17631,0.04579329572479636
17632,0.1496216622238683
17633,0.008704454407859885
17634,0.5164665301125799
17635,0.0022290167551617993
17636,0.05704543058310754
17637,0.02225364911923348
17638,0.07701530369624476
17639,0.21881932604994697
17640,0.05501486718299038
17641,0.4083321759533816
17642,0.016140296994661924
17643,0.0035679766278093328
17644,0.9267075997185208
17645,0.0018291922116929304
17646,0.15392816483648045
17647,0.36568777385315215
17648,0.009051273512923244
17649,0.011199266882942906
17650,0.0036153506564815434
17651,0.039389233572359454
17652,0.005333107674278782
17653,0.014118694031454115
17654,0.007132753362403134
17655,0.0028860385767264297
17656,0.037069519815609714
17657,0.003501744146326397
17658,0.036609791200300806
17659,0.02869019632157315
17660,0.034630288954351565
17661,0.6692516640279708
17662,0.005883797657453184
17663,0.0028634164236988682
17664,0.06497383267802471
17665,0.0017678598104300613
17666,0.08720590252238072
17667,0.010030857639729343
17668,0.016533147723878736
17669,0.008311475134682663
17670,0.025888727603424814
17671,0.18388581244527707
17672,0.051257014590820806
17673,0.024206403805561782
17674,0.041303219799434285
17675,0.005395026099840182
17676,0.014865569470817495
17677,0.011196359062306448
17678,0.026354073375349903
17679,0.005697671671555849
17680,0.03852718416957266
17681,0.018797220412627838
17682,0.048268148188787136
17683,0.022989155765175427
17684,0.14683392145586285
17685,0.2814223163458981
17686,0.017600555189867664
17687,0.8941487562438201
17688,0.23272659484258712
17689,0.17461831212787407
17690,0.2534339032534582
17691,0.006497653184787503
17692,0.9756490811308103
17693,0.8935502740001404
17694,0.029400599677962637
17695,0.0016371979636967196
17696,0.009713320423737137
17697,0.024641800038190054
17698,0.01151771786110057
17699,0.006292255595179039
17700,0.023183179794957477
17701,0.09047574000423558
17702,0.015096359313401198
17703,0.01124090028192563
17704,0.00726809184596893
17705,0.15788918965043425
17706,0.09560889376276499
17707,0.004497452417026588
17708,0.47581998942398795
17709,0.028415664639120545
17710,0.2422452487664044
17711,0.07052374467299041
17712,0.15804985418254647
17713,0.0029946441651884036
17714,0.004855681581523864
17715,0.0403835687446707
17716,0.0036138829400021917
17717,0.5198722135809039
17718,0.08179081250536163
17719,0.0029412169686421075
17720,0.015019259172758393
17721,0.019751587265204668
17722,0.055641607728560936
17723,0.06389768426194008
17724,0.7679485834700294
17725,0.03239465691159272
17726,0.004087027967581921
17727,0.0021482043551411777
17728,0.004385312980368299
17729,0.035344912894014056
17730,0.025727846545431872
17731,0.004549622549079839
17732,0.020562865257710023
17733,0.015955141833634424
17734,0.0059847109522027315
17735,0.029226257330540188
17736,0.024637568384649155
17737,0.534807254236701
17738,0.01609702887665683
17739,0.010711665582079033
17740,0.5979305850359741
17741,0.009405084291206529
17742,0.05316232957709169
17743,0.012215826282867086
17744,0.0021227544419878705
17745,0.28165989736776537
17746,0.06346784545003373
17747,0.034370210284392015
17748,0.00830337168045865
17749,0.005083877728297436
17750,0.09223258896600603
17751,0.017880408107112684
17752,0.013078393651740136
17753,0.6968746234817057
17754,0.047861338784289754
17755,0.012502342509162205
17756,0.05183419371876378
17757,0.00784631355032793
17758,0.017960736128506637
17759,0.060052618928364984
17760,0.8277603085692399
17761,0.019082364700645293
17762,0.08141766921796972
17763,0.02910485775918713
17764,0.23895067685970386
17765,0.013377950918569475
17766,0.005134960260331812
17767,0.2754879464812456
17768,0.3545265378235141
17769,0.22775725216451406
17770,0.0019573743365409652
17771,0.007417468294339811
17772,0.0060907297130764005
17773,0.057965689593738046
17774,0.02570498810526034
17775,0.03918413005786334
17776,0.028992965176086617
17777,0.03133088128113805
17778,0.0014948415393452547
17779,0.025316462469254463
17780,0.0023591896377974935
17781,0.32164476125150804
17782,0.8938588266710014
17783,0.21663235699455205
17784,0.6478930102161926
17785,0.03937628542178593
17786,0.025325610191703464
17787,0.2586410226538952
17788,0.010693605853386223
17789,0.009578737428366055
17790,0.39460412386240384
17791,0.008422901969585252
17792,0.00923428606948912
17793,0.022275123814665457
17794,0.01576505972571242
17795,0.030037183592349116
17796,0.027199222077912297
17797,0.6491943672909971
17798,0.0023700928331498758
17799,0.5071799236996859
17800,0.5273821126932576
17801,0.010616705753024773
17802,0.2914745793811987
17803,0.054032756247265536
17804,0.02826545328622383
17805,0.1927901402075194
17806,0.03674287851716329
17807,0.016293429983647082
17808,0.31739260679134546
17809,0.01859982314194388
17810,0.3436779676501204
17811,0.011531049862574068
17812,0.026676919028326286
17813,0.026194699281161995
17814,0.010869044184238385
17815,0.06316408660403149
17816,0.8738209505133692
17817,0.061432702602074306
17818,0.010846619410716662
17819,0.02215820529484884
17820,0.017759295656715766
17821,0.03528988195457016
17822,0.011229789992533865
17823,0.01113556464866263
17824,0.07454195496941651
17825,0.5625831050720674
17826,0.049364176904881096
17827,0.8889113065847143
17828,0.0017944396718049664
17829,0.01622433837692515
17830,0.4706541019214697
17831,0.16508982683478318
17832,0.004840744316010114
17833,0.008453357528394228
17834,0.0018608173976261849
17835,0.010536560810175339
17836,0.11267760561362117
17837,0.1613028606283709
17838,0.024440671176923317
17839,0.08314492579843476
17840,0.0015642248760609164
17841,0.13244165169625127
17842,0.003104371847921151
17843,0.007189952908928564
17844,0.017723907979431325
17845,0.8755896143717214
17846,0.01803503395084312
17847,0.02322049155959894
17848,0.005213750564374106
17849,0.0021882384145570067
17850,0.0032753396259945023
17851,0.6722632238003168
17852,0.038271136940030245
17853,0.36242861581185337
17854,0.4724247662988625
17855,0.2804627256742361
17856,0.35810344892169166
17857,0.0025676860810912774
17858,0.306664246964875
17859,0.021982666700097762
17860,0.2264045788437148
17861,0.0023373842995638486
17862,0.034685619312101394
17863,0.4490582088648687
17864,0.008098343850842906
17865,0.004904498228997703
17866,0.22587361147162058
17867,0.34417355971982194
17868,0.32125488164313676
17869,0.16947827041758232
17870,0.06389695859246214
17871,0.006466305001204412
17872,0.05194970907651396
17873,0.008817796515909544
17874,0.34587337583860994
17875,0.004909699618444538
17876,0.007626960110595226
17877,0.01346869123156983
17878,0.007533448379299448
17879,0.33691134049932875
17880,0.018526048392536562
17881,0.010178584779490206
17882,0.9368884137875513
17883,0.013142824808109958
17884,0.010058119603767516
17885,0.04821198994121774
17886,0.11429662741189119
17887,0.019896905190391594
17888,0.8496326363107644
17889,0.04763790473167014
17890,0.009287479409084679
17891,0.0109373629883818
17892,0.26190421031204
17893,0.761837458743664
17894,0.0072286249790358284
17895,0.502721228481718
17896,0.020709602238768467
17897,0.008668879738739583
17898,0.41702141628597716
17899,0.003345651501993875
17900,0.04310723418664828
17901,0.030918799208048346
17902,0.04494211683371674
17903,0.01279903353009278
17904,0.004000365533651288
17905,0.008822269609142303
17906,0.0025769911401037665
17907,0.03376218750768842
17908,0.14969707830655785
17909,0.0036519073998401955
17910,0.009932360114935092
17911,0.004618557462839453
17912,0.35295143811013646
17913,0.006292312955236422
17914,0.028189134085153337
17915,0.2749929562327468
17916,0.0073467953524532234
17917,0.3343617440970557
17918,0.003928285172775763
17919,0.011924206341202254
17920,0.16100742936776022
17921,0.014972725028956543
17922,0.0035110959289503373
17923,0.012750224673152209
17924,0.0041096148667469825
17925,0.023602567902497214
17926,0.29771003013905967
17927,0.33283854981962907
17928,0.6269085605109059
17929,0.008504195284526835
17930,0.4640004572488033
17931,0.009807503405692797
17932,0.02291759120414983
17933,0.010046841079086925
17934,0.028844110433630832
17935,0.021974437721723472
17936,0.004554761542085658
17937,0.017913118119228248
17938,0.4156012110060579
17939,0.008216924329482823
17940,0.11762218843451269
17941,0.05612848859186917
17942,0.5680888769848452
17943,0.008147568549568478
17944,0.006068559773268911
17945,0.004820702277641231
17946,0.00496550903802557
17947,0.05045293327882026
17948,0.0397177449971318
17949,0.00849586032261749
17950,0.256232455729483
17951,0.0038178784822625145
17952,0.01892149552235789
17953,0.001635222105009994
17954,0.030554727172505187
17955,0.0035228607417113803
17956,0.8337070223724599
17957,0.014496923486146833
17958,0.024351092167607554
17959,0.018749067879709595
17960,0.014127278331807545
17961,0.02541060823239619
17962,0.001656668692269849
17963,0.016453195212553114
17964,0.031085056103269414
17965,0.021304244350612893
17966,0.02674048254654048
17967,0.006181886466027111
17968,0.1256180891121959
17969,0.029379719111660457
17970,0.08188238597535512
17971,0.006664780752647757
17972,0.007019965632647679
17973,0.00690312263121379
17974,0.07476867372970143
17975,0.01574311452458723
17976,0.0015961464265600819
17977,0.0812662561397046
17978,0.016112028141827456
17979,0.008571234616773438
17980,0.005827218921372441
17981,0.004541331421715922
17982,0.0015384306201105169
17983,0.003977447456313014
17984,0.0030053331785885404
17985,0.00815490550765482
17986,0.00306522820226303
17987,0.005683242895367952
17988,0.004866121778069078
17989,0.01308371136300392
17990,0.13824625450286124
17991,0.08735785462900623
17992,0.10242153293933642
17993,0.006974292946612019
17994,0.0036583769712301923
17995,0.0046008256085616
17996,0.009399060361840907
17997,0.011858309522483826
17998,0.014619970053247472
17999,0.00756509411586157
18000,0.031768583018784186
18001,0.006242108220826662
18002,0.03703864955366905
18003,0.6945103783001156
18004,0.005965366849213269
18005,0.5251607660450498
18006,0.04776340184489509
18007,0.00868271795845707
18008,0.03675094972579794
18009,0.02659479757553975
18010,0.0067444979548288144
18011,0.13587500790158763
18012,0.004057743735723211
18013,0.009416664012260137
18014,0.014201777046605675
18015,0.007819239218770773
18016,0.016152363739108288
18017,0.4897805940363699
18018,0.03188837249265173
18019,0.007969263527845074
18020,0.27443119001531424
18021,0.022420108320875556
18022,0.036523085423294153
18023,0.7540893646921648
18024,0.16009485947781818
18025,0.021981439751211085
18026,0.05540238870687867
18027,0.031981426208778696
18028,0.009866063988921557
18029,0.03893629229508405
18030,0.07740042120610764
18031,0.1413040172844274
18032,0.13046249212846403
18033,0.5400462879050233
18034,0.018521900922033662
18035,0.0387554325318833
18036,0.012115620108117791
18037,0.0723076889503379
18038,0.047384986674016236
18039,0.020126375755333898
18040,0.1329357871421397
18041,0.02223380967796674
18042,0.009072684978854125
18043,0.042633571574086974
18044,0.003999322966374343
18045,0.025463804030787986
18046,0.0015666547546305443
18047,0.00760739327454825
18048,0.03173468391721935
18049,0.014191613858700857
18050,0.0031574949223273276
18051,0.006396102660884449
18052,0.0019103298008684231
18053,0.6594210253124255
18054,0.07465434271793887
18055,0.014002825481124252
18056,0.013802056691614212
18057,0.2252526094233863
18058,0.031785428071398454
18059,0.03374458176832567
18060,0.03025390772637202
18061,0.01104706646741026
18062,0.0059015224154732445
18063,0.006572968594865646
18064,0.2333799479431404
18065,0.06710240660804451
18066,0.11357192216737926
18067,0.015370315290165448
18068,0.10095056715375948
18069,0.01124090028192563
18070,0.024921571052124326
18071,0.009207984428194878
18072,0.3604128143393041
18073,0.29042613219603275
18074,0.0037858371122859147
18075,0.008111812697506913
18076,0.013453331550046438
18077,0.038729717009421474
18078,0.04409278375837807
18079,0.005200372420011325
18080,0.05294106943981677
18081,0.0015562813526035588
18082,0.011153577181702406
18083,0.0074571103839841
