1,0.9947819662242849
2,0.9657480960065672
3,0.017579071923771155
4,0.04293341653155562
5,0.29133382462569724
6,0.032131728892218304
7,0.02494438883492192
8,1.0
9,0.05010172515726431
10,1.0
11,0.12346113425926597
12,0.2842051360898998
13,1.0
14,0.11095577342334875
15,1.0
16,1.0
17,0.14592812602914493
18,0.014331839769334666
19,0.3302680798424968
20,0.0538655254831789
21,1.0
22,0.10568306620883952
23,0.036938980098029935
24,0.17791727054368728
25,1.0
26,0.38996794174080646
27,0.4285121161155825
28,0.08732126163284844
29,0.03239189870699477
30,0.02004770474201243
31,0.020291856499133384
32,0.01465087143962941
33,0.0724565790491994
34,0.02113121935902359
35,1.0
36,0.09743568973090148
37,1.0
38,0.07892871254541217
39,0.09415481653733573
40,1.0
41,0.3842702979649248
42,0.31651877185428173
43,0.15174653174793568
44,0.7462252916072278
45,0.9225298925595425
46,0.07686815041755338
47,0.24211426025945532
48,0.1155788340359408
49,1.0
50,0.17925337390195262
51,0.11390641448138536
52,1.0
53,0.09568617314509027
54,0.2286521309345323
55,0.2899654090888335
56,0.5003140250365711
57,0.0992530704889277
58,0.09496945217111134
59,0.03425425057145417
60,0.021274115915466688
61,0.3373775658200841
62,1.0
63,0.09619506254227869
64,0.4863847920042981
65,0.15805188728193562
66,0.23129669180248225
67,0.2596112252774691
68,0.033872712818581056
69,0.8167216244187973
70,1.0
71,0.05913365303987593
72,1.0
73,0.06365406462447819
74,0.06468822827166504
75,0.12373276538398656
76,0.31495408557218263
77,0.5249621796313148
78,0.13472815167284266
79,0.05929721542835084
80,0.16093265450172084
81,0.18097634359013517
82,0.14400466215563446
83,0.13766126640895845
84,1.0
85,0.1906228469666403
86,0.036140286569768226
87,0.241482762326065
88,1.0
89,0.1263095772803082
90,1.0
91,0.01462942636346302
92,0.6830215160618842
93,0.07597469071121264
94,0.05502473917823625
95,0.48888831407366445
96,0.05340871966315596
97,0.19317255884130047
98,0.035164485628804136
99,0.00775020436562412
100,0.10255318271673418
101,0.17441655130328307
102,0.13321217316305842
103,0.9985948531894201
104,0.030951695931644114
105,0.04289360279582094
106,0.18345865816134657
107,0.1771798547799067
108,0.38793525899799064
109,1.0
110,0.05359981414011482
111,0.015960398531565383
112,0.0583232439520198
113,0.0686632533369382
114,0.2976162304150811
115,0.20866965052830885
116,1.0
117,1.0
118,1.0
119,0.11196210938047853
120,0.04781921220818157
121,0.11895349388760824
122,0.045148469834691486
123,0.5730466390625385
124,0.020673000298643746
125,0.13843895616644566
126,1.0
127,0.16055130707416843
128,1.0
129,0.17320445241137397
130,0.04698723711403211
131,0.04236052813192162
132,1.0
133,1.0
134,0.6734707511779819
135,0.33561970860456336
136,0.1571456497878634
137,0.0190075757557244
138,1.0
139,0.3208160050454115
140,0.16768883205594623
141,0.2272846438639876
142,0.2040956368958266
143,0.19515487613110546
144,0.05032022059174797
145,0.7493907374098076
146,0.14456752088516214
147,0.11060138022590107
148,0.8279164298927804
149,0.07623724131481098
150,0.19090246342327397
151,0.43234997408583514
152,0.19410805100175352
153,0.2817900688212286
154,0.3218356229742546
155,0.09063761885579862
156,0.2908743567715909
157,0.13154107786667965
158,0.14720970368383318
159,0.21617452125219158
160,0.12736270658943127
161,0.0284495974783171
162,0.20679051908241636
163,0.08498683194932824
164,0.39473226729694977
165,1.0
166,0.02740455735986586
167,0.5998381547944152
168,0.9940620494424145
169,0.05169258639157994
170,0.16672658146989291
171,0.021067040478276414
172,1.0
173,0.06433677188962421
174,0.11243404472573916
175,0.015291841017693411
176,0.40550590442191503
177,0.3952388155161078
178,0.2845096560671019
179,0.33156945043948594
180,0.37149199485805867
181,1.0
182,0.027154644777050922
183,0.7155597596442713
184,0.5884176500337042
185,0.08472035864518329
186,0.008004990332645259
187,0.031729098264531005
188,1.0
189,0.07093139627826427
190,0.17161753210164715
191,1.0
192,1.0
193,0.10767974068067021
194,0.07192116855178775
195,1.0
196,0.03892708716333801
197,0.09199021349272224
198,0.02517799964428002
199,1.0
200,0.07553728776926628
201,0.024444368895169342
202,0.3071510533968395
203,0.1417863251257381
204,0.05748597745865787
205,0.14281211262041354
206,0.06549086595539748
207,0.41554287234983633
208,1.0
209,0.24764046103933537
210,0.09049616527335494
211,0.1177814293784282
212,0.7038665663125877
213,0.2667323575363517
214,1.0
215,0.06905854532694158
216,1.0
217,0.027318362523211244
218,0.7341026118084577
219,0.870033905652072
220,0.060336057138327535
221,0.0808403961298412
222,0.015557651170629273
223,1.0
224,0.11281412474644252
225,0.04199466944729254
226,0.4270236977812186
227,0.2345518839979131
228,0.1572924691753921
229,0.388578433177697
230,0.11587246293282479
231,0.16729572323618844
232,0.025179848156447478
233,0.06490379847745831
234,0.11165947743101065
235,0.04173624583324201
236,0.8310225709080161
237,1.0
238,0.09911416094593538
239,1.0
240,0.12647778724176437
241,1.0
242,0.04170377715631843
243,0.2315633180642827
244,0.04440903346088973
245,0.17582685375909327
246,1.0
247,0.4107561940457969
248,1.0
249,0.15558691240511174
250,0.09385960028636615
251,0.014729522064593588
252,0.5983206764843777
253,0.17184250496682005
254,0.030330678763658993
255,1.0
256,1.0
257,1.0
258,0.034746244260695586
259,0.30299959345126637
260,0.5885622804324585
261,0.015132709127200765
262,0.622301482731263
263,0.46431992347981144
264,0.014557451456763395
265,0.03460085231068534
266,1.0
267,0.16867395462622992
268,0.13676247593948043
269,0.17705925510428722
270,0.07494116615344229
271,0.05539319584266633
272,0.0300727690185752
273,0.2521198690487148
274,1.0
275,0.05263969887483606
276,0.023299656650891582
277,1.0
278,0.42528412980772673
279,0.999999999621435
280,0.0671395177813818
281,0.049704197264324665
282,1.0
283,1.0
284,0.134960972777316
285,0.4971380783351169
286,0.49894251012260765
287,0.054843500920871015
288,0.05875034484597665
289,0.267032736408295
290,0.09161753869796736
291,0.034797627875820206
292,1.0
293,0.07708901446728073
294,0.039867491850488754
295,0.009356845417901119
296,0.9972567595837966
297,0.02395373186314428
298,0.10466031903128428
299,0.44349538558264695
300,0.7223574279794376
301,1.0
302,1.0
303,0.018873040234713073
304,0.018359548318693453
305,0.827239409850593
306,0.25955502224868426
307,0.046023476463169906
308,1.0
309,1.0
310,0.06365406462447819
311,0.08911751989454463
312,0.1422715408053793
313,0.10607858116032404
314,0.06085327140344031
315,0.03443446081690422
316,0.06700584465259048
317,0.15180045176165746
318,0.051140297031903204
319,0.17922274193608137
320,0.06813278449877751
321,0.13270845496756845
322,0.043602983120792776
323,1.0
324,0.1720459816574617
325,0.05908487806447036
326,0.10778024932835722
327,0.01941712119052961
328,1.0
329,0.05163454952138621
330,0.016515344163900894
331,0.0319227436510825
332,0.2652139273686655
333,0.999999999996892
334,0.21786474213482226
335,0.33964648386392543
336,1.0
337,0.09459973106723656
338,0.8041134893053619
339,0.07276573662602903
340,0.025855405685753924
341,0.03038787068883781
342,0.05079702086323221
343,0.055001678125138315
344,0.19451075988009472
345,0.12580018366382156
346,0.158832289544825
347,0.10041702639605274
348,0.4512677302578413
349,0.5311465175001241
350,0.14817980917494616
351,0.04222850695644675
352,0.03129853926186078
353,0.06074983689286666
354,0.023080359384863147
355,0.18646625872058972
356,1.0
357,0.022815249862957448
358,1.0
359,0.04665121395052489
360,0.020627691269102088
361,0.18071466778430423
362,0.024049625800396195
363,0.20099038760873505
364,0.9246380878014293
365,0.023413198754159797
366,0.76304893020813
367,0.2730722680394179
368,1.0
369,0.119044401787941
370,0.144672674724898
371,0.05889715601615085
372,0.23239718381473992
373,0.04156514099370586
374,0.03233106083742183
375,1.0
376,0.8557550948228841
377,0.04172267284848909
378,0.06297180422000566
379,0.08862936179599715
380,0.03264257455182433
381,0.5812206147394442
382,1.0
383,0.5270901949491705
384,0.007960588925391362
385,0.060601684719215794
386,1.0
387,0.2639078990070313
388,0.03785537857805712
389,0.10252540003929884
390,0.2200573361268775
391,1.0
392,0.05637996796409051
393,0.05156833582274215
394,0.010761423838801248
395,1.0
396,0.06931721089814119
397,1.0
398,0.09107559551215613
399,0.01969503583153465
400,0.033406755804638415
401,0.01964525290248665
402,1.0
403,0.10209324005155941
404,0.10213932744341858
405,0.3891013721594744
406,0.019211278544346514
407,0.6572661960654913
408,0.24747114378989965
409,0.19521866567612173
410,0.11274200830679895
411,0.9949204512817463
412,1.0
413,0.4847019177763315
414,0.039776561553098846
415,0.8218125406261586
416,0.28928433913550416
417,0.5717189640117136
418,1.0
419,0.027915803601265953
420,0.04759800390356874
421,0.05686505325059434
422,0.06741838615808057
423,0.10229348768434825
424,0.05102932643718015
425,0.16298950824507671
426,1.0
427,0.04490183116936192
428,0.999999997153546
429,0.07659082898605893
430,1.0
431,1.0
432,0.050869371084255564
433,0.38336188183140585
434,0.8249126485989673
435,0.43327155946970936
436,0.13875361567291872
437,0.11129473169542133
438,1.0
439,0.18517937877686744
440,1.0
441,1.0
442,0.09624678190037145
443,0.1517232784795312
444,0.07806823200327404
445,0.14831243052491094
446,0.2189049958042997
447,0.024018004792524434
448,0.007875222608180767
449,1.0
450,0.23587634586949413
451,0.0547987825247645
452,1.0
453,0.19315060833044884
454,0.03798959782095496
455,1.0
456,0.04998278548108355
457,0.027976445626170816
458,0.2140076158213949
459,0.14032912873565745
460,1.0
461,1.0
462,0.12210701515600525
463,0.06799635935368023
464,0.03505383460883592
465,0.11414145697197775
466,0.09936615462853718
467,0.04087556936390231
468,0.12144479840995415
469,0.25369205822578805
470,0.023616764193052867
471,0.02882774060295869
472,0.06335110332599223
473,0.24501571348040585
474,0.6275614912695181
475,0.012176568141008608
476,0.036861950402531714
477,0.18564337536766587
478,0.29412770552528117
479,0.11733801870762016
480,0.577130252154046
481,0.05884770498472768
482,1.0
483,0.030651938764892757
484,0.08945037631825468
485,0.07310061333672545
486,0.02832692305849403
487,0.13159636703119298
488,0.02743104201482273
489,0.04868755575825778
490,0.0919792295548248
491,0.8680296478656869
492,0.08444180248838104
493,0.041591607586952586
494,0.013385047895528747
495,1.0
496,0.3942622729763311
497,0.058740491196749324
498,0.19801947417888102
499,0.2537380452459401
500,0.1189941727744831
501,0.657426314846456
502,0.05134870668135251
503,1.0
504,0.7864283369406427
505,0.016194750903617283
506,0.5683369213814141
507,1.0
508,0.5873593968098533
509,0.12800621437925186
510,0.04985949730681337
511,1.0
512,0.9538838951808847
513,0.0784915562751507
514,0.0375968668286555
515,0.021369619661951052
516,0.04581332581291915
517,0.030976492822508542
518,0.06764203903178014
519,0.18226354189574412
520,0.014807167879778661
521,0.07076158007212591
522,0.38170221197313514
523,0.15633785911707682
524,0.08961588286663434
525,0.07045475986381701
526,1.0
527,1.0
528,0.29105528677222386
529,1.0
530,0.6858483812158062
531,0.24293600147696254
532,0.13887015100454023
533,0.041720898062602346
534,1.0
535,1.0
536,0.1473830630589845
537,0.4435278427277442
538,0.20623991755645987
539,0.06346648372969513
540,0.8280297599267855
541,0.27113274828952316
542,0.15321309819072298
543,1.0
544,0.3681507572635019
545,0.23382709655611025
546,0.6922794226252827
547,1.0
548,0.038840419833418426
549,0.014203446441932215
550,0.02254166589487685
551,0.1288516502882577
552,0.11025844461786682
553,1.0
554,0.08978126815522255
555,0.15147340022104805
556,0.12699524789263084
557,0.16830395894337005
558,0.014521858640100709
559,0.12202099961797108
560,1.0
561,0.04690807950177526
562,0.2666086518254615
563,0.029210251410496324
564,0.44017611203481183
565,1.0
566,0.024867541667601897
567,0.5193096095957144
568,0.05032022059174797
569,0.07217462870866759
570,0.4543262833423042
571,0.11428832919396376
572,0.4169390496763746
573,0.3219097096001119
574,0.5210988414118168
575,0.2919682153081992
576,0.04440903346088973
577,0.7802851699171124
578,0.14926795250722807
579,0.159667335049679
580,0.991071967298808
581,0.039616347520763616
582,0.05371795011197483
583,0.8191252189102638
584,1.0
585,1.0
586,1.0
587,0.013545764184031696
588,0.6965218415764793
589,0.7222684530889976
590,0.9902339880171017
591,0.19260714638204396
592,0.3147519759985744
593,1.0
594,0.2299601339519386
595,0.5893756525537183
596,0.05143701112981974
597,0.3282735201180887
598,0.01909123865687031
599,0.018253400885302182
600,0.22014153002268916
601,0.9176668612417146
602,1.0
603,1.0
604,1.0
605,1.0
606,1.0
607,0.013107144214989562
608,0.016836642316354594
609,0.18640505442076374
610,1.0
611,0.6458714459260028
612,0.026727310516164872
613,0.06337596055231899
614,0.04711222400288433
615,0.9673097118915626
616,0.04501184488356661
617,0.34281448413398535
618,0.3799886367229302
619,0.09062678030275961
620,0.0376554935351813
621,0.07351803592540133
622,0.2892950338598158
623,0.02622534652961407
624,1.0
625,0.04088931980560331
626,0.04989543101156229
627,0.0650177710988933
628,0.0626369841618144
629,0.10906118787866159
630,0.08179552430043413
631,0.9051885931581581
632,0.10925610102672827
633,0.8071001454177116
634,0.05505513759956884
635,0.33434357290663463
636,0.06629466332549792
637,0.13233366460695006
638,1.0
639,0.3868448517994106
640,0.051987643089193035
641,0.0921175382127482
642,0.01831116084499221
643,0.15642401232999695
644,0.12302222517669154
645,1.0
646,1.0
647,0.18771820577772766
648,0.5152459624888351
649,0.24714825259506246
650,0.22803221280332214
651,0.0376579634470581
652,0.3082249913962668
653,0.06814113445217564
654,0.022712502497310903
655,0.28662072015091783
656,0.2621778276991696
657,0.07659082898605893
658,0.13183922584719396
659,0.11311206916401205
660,0.38849948237433085
661,1.0
662,1.0
663,0.04471933080712548
664,0.3863519892064173
665,0.0659482372438787
666,0.24101739527462723
667,0.04656488332576069
668,0.07411248718203711
669,0.08806857672308588
670,0.06943269590271375
671,0.13567447330657526
672,0.04153424993911583
673,0.2024379734199185
674,0.165677239890851
675,0.08594857523965316
676,0.08206988565260331
677,0.035172803583978444
678,0.05414312555617075
679,1.0
680,1.0
681,0.03314427606650134
682,0.9481355745363912
683,0.09774314459384201
684,0.17853281884974942
685,0.03212580355687459
686,0.5734581298895784
687,0.0865396390803294
688,0.19570378430880178
689,0.05040709410037782
690,1.0
691,0.8592201414181834
692,0.14369928271261603
693,0.18492076605192478
694,1.0
695,0.9998996351004641
696,0.06200193428815512
697,0.13450897358858466
698,1.0
699,0.054318681152655465
700,0.16873095476796032
701,0.03898804507505354
702,0.28795544856682254
703,0.02283658682565735
704,0.22239608070012568
705,0.12615975160562287
706,0.20827586383922142
707,0.04929920184896406
708,0.18137849358870922
709,0.4186695383887765
710,0.05999767445846891
711,1.0
712,0.23374197349162426
713,0.2747077563015827
714,0.9680839815958615
715,0.2325316260250539
716,0.10806918216903898
717,0.10485712448584067
718,0.12367928163476198
719,0.15537095287307923
720,0.34664064912852455
721,0.07738408566837741
722,0.09319660124765246
723,0.06411550879463802
724,0.036651847444296615
725,0.0214007305092211
726,0.19557598288687814
727,0.08785333975730543
728,0.9526913698151509
729,0.056135415264584716
730,0.13045149409130413
731,0.08351733265099383
732,1.0
733,0.0422680429307443
734,0.22163062398670516
735,0.1736354942911443
736,0.958162533148633
737,1.0
738,0.11079263758003863
739,0.035442873493831836
740,1.0
741,0.467298952205454
742,0.11394559614461146
743,0.06562512603138702
744,0.1092101058930183
745,0.3006317091801045
746,0.011018588823472567
747,0.055971001980538976
748,0.21186849462117913
749,1.0
750,1.0
751,0.18841736243867133
752,0.04356699083765886
753,0.0383465435609687
754,0.08929826325537021
755,1.0
756,0.21408309849578724
757,0.04104563373869309
758,0.05548934943115613
759,1.0
760,0.33790887611429626
761,1.0
762,0.23018128280077443
763,1.0
764,0.03167191811625532
765,0.7390530147138119
766,0.14350079512931255
767,0.07494116615344229
768,0.06459947832024235
769,0.012326051792248932
770,0.26466823648551774
771,0.30538880683681374
772,0.08937224312961248
773,0.35722487183059776
774,0.19866204896230683
775,0.15025695190523788
776,0.08092660001298582
777,0.17604084625281063
778,1.0
779,1.0
780,0.1836166882380353
781,0.3036256279553621
782,0.09255284942916903
783,0.1650469611766103
784,1.0
785,0.2325316260250539
786,0.3400213176855508
787,1.0
788,0.17373684565757133
789,0.516609279241919
790,0.15746391584284564
791,1.0
792,0.0392293028918348
793,0.10481781832210663
794,0.7618174354000908
795,0.8383304456010193
796,0.11479449490128138
797,0.05109558811516204
798,0.18463790818141468
799,0.0635574143703216
800,0.12443128511077059
801,0.07293558385833057
802,0.01941627600637095
803,0.11763032055075716
804,0.04629074799951712
805,0.18482329842655632
806,0.04197744111545241
807,0.014494809347205812
808,0.15882864800409513
809,0.13346177063108397
810,0.01734584595572505
811,0.09580708728675028
812,0.3719820876001324
813,0.09567479439705537
814,1.0
815,0.0912924581508506
816,1.0
817,0.04401263019613948
818,0.1498149233990569
819,0.03720561150809
820,1.0
821,0.13727199677794216
822,0.23285503075505268
823,0.051116022481400236
824,0.04524599886734043
825,0.3316544793895815
826,0.21005950610460478
827,0.04342805388591286
828,0.8183794997716074
829,0.14457887104653724
830,0.016211418525739776
831,0.7839798886630639
832,0.03571699793123385
833,0.10091405550140829
834,0.31248656801970726
835,1.0
836,0.023936308331273255
837,1.0
838,0.11225144783741718
839,0.06464395848617244
840,0.03680920857439667
841,0.5679448015991093
842,1.0
843,0.0871362881648271
844,0.01234439040521453
845,0.0983891746250905
846,1.0
847,0.887022722704632
848,0.5257355393234037
849,1.0
850,0.10523680362202538
851,0.06836649971377201
852,0.014888073074909332
853,0.1772790816232457
854,1.0
855,0.025478529118686317
856,0.163196229859821
857,0.16748631158591729
858,0.013533280465535945
859,1.0
860,0.051614043717821266
861,0.32349871032980204
862,0.02925243579951704
863,0.23866427683134087
864,0.24634575476029383
865,0.3898282366676336
866,0.029013611500475614
867,0.07580204224479704
868,0.06050570440644606
869,0.07627314262428495
870,0.8270299563397029
871,1.0
872,0.021514825374122686
873,0.044703639810417355
874,0.29236995486293127
875,0.0191701031683819
876,0.10402237719275867
877,0.1531272721409985
878,0.19865810723472876
879,1.0
880,0.03222202133761423
881,0.1840618043278898
882,0.024398907288144898
883,0.14624194318459507
884,0.11326029221356917
885,0.035520457347441706
886,0.04150595986800754
887,0.09902848352130986
888,0.08586302147713723
889,0.15553189405025766
890,0.09397386142131907
891,1.0
892,0.043585308036400754
893,0.04438897750443975
894,0.06568154746405588
895,0.48605920287856785
896,0.050360960667171155
897,0.0599510141164403
898,0.012951937321858504
899,1.0
900,0.07076158007212591
901,0.17441655130328307
902,0.013355561649025776
903,0.04087228345438494
904,0.026631382186362615
905,0.10074809411305838
906,1.0
907,0.1528754983148139
908,1.0
909,1.0
910,0.03821557526247593
911,1.0
912,0.06880298036977593
913,0.19345356464101857
914,0.20522809181498508
915,1.0
916,1.0
917,0.13777253831005498
918,0.5983581442044195
919,0.0979145942893572
920,0.2297412358741962
921,0.031252411928856715
922,1.0
923,1.0
924,0.04411030898470981
925,0.9063519524952974
926,0.11654122704811574
927,0.6285865560139785
928,0.06236050565572683
929,0.5168259100811011
930,0.02987599879871665
931,0.6912039553193544
932,0.07935637772202032
933,0.05112257185702515
934,0.052745694953324936
935,0.35735813884878953
936,0.020062606780495422
937,0.10986016591988094
938,1.0
939,0.04824816944803493
940,1.0
941,0.08552382604924288
942,0.08472035864518329
943,0.08755669742861527
944,0.02148355230517071
945,1.0
946,0.5992081828897285
947,0.04769066491156207
948,0.023995591098991364
949,0.22164168051431624
950,0.8052728098258757
951,0.06743294794045146
952,0.3799028295318783
953,1.0
954,0.028903651045028584
955,1.0
956,0.13487596692858408
957,1.0
958,0.1049101530528194
959,1.0
960,0.14806718918086156
961,0.10527443526116134
962,0.5717822704126126
963,1.0
964,0.008434331240722114
965,0.029217500568502634
966,0.9921505151736113
967,0.0864695878221324
968,1.0
969,0.22096409896560695
970,1.0
971,0.35730539677786427
972,1.0
973,0.11952878494076766
974,1.0
975,0.11025986660550265
976,0.01771277993676262
977,0.045660961706115784
978,0.11571797814570127
979,0.03500302026830166
980,0.08061462678978455
981,0.16151233518232794
982,0.03623559897512049
983,0.40527798614613414
984,0.08039462652071863
985,0.018409093979290386
986,0.9788007981169348
987,0.03861702539861803
988,0.07173897751523585
989,0.08026527676510474
990,0.04169890081639318
991,1.0
992,1.0
993,0.07514875374209948
994,0.03709871384759003
995,0.135511264449011
996,1.0
997,1.0
998,0.40950511135064016
999,0.17400821409265038
1000,0.40111471583718117
1001,0.04134372168539984
1002,0.22389569304065451
1003,0.08323180750991732
1004,0.3941622515975118
1005,0.4605421877769343
1006,0.41784588703206155
1007,0.1438092825923319
1008,0.04730425372852233
1009,0.025534939717389554
1010,0.11442936089776454
1011,1.0
1012,0.02026232427618306
1013,0.949112281155344
1014,0.044269919266768515
1015,0.10815735379446795
1016,0.27532028234864847
1017,0.23350275268869344
1018,0.9086018387765233
1019,0.10844506280280185
1020,1.0
1021,0.999999999994978
1022,0.02007693056828913
1023,0.02140105049007214
1024,0.08989189683360561
1025,0.04540498317463253
1026,1.0
1027,0.12155006292361002
1028,0.031551610339045154
1029,0.44065115354881196
1030,0.06792758338208299
1031,0.9813875587961018
1032,0.08945037631825468
1033,0.8395067063506644
1034,0.4050573278626674
1035,0.9999999999999651
1036,1.0
1037,0.11108648352985384
1038,0.18682134170990075
1039,0.9971391336631902
1040,1.0
1041,0.06273391993037701
1042,0.02269586175974342
1043,0.3242121310033852
1044,0.027311849470438923
1045,0.23539668173288583
1046,0.020900186431490275
1047,0.040330169249340055
1048,0.10518991428133849
1049,0.6176809743602334
1050,0.30553920771539583
1051,0.4998681164749563
1052,0.6595099322680819
1053,0.13909018896961134
1054,0.10263872173038237
1055,0.8182564794349091
1056,1.0
1057,1.0
1058,0.4182166440107728
1059,0.09484983939815705
1060,0.036296123490686824
1061,0.06476557563043833
1062,0.0953056225514981
1063,1.0
1064,1.0
1065,0.0758806565856489
1066,0.0598739931725592
1067,0.07666481229520561
1068,0.144543928357745
1069,0.09780518796384984
1070,0.3457141889951179
1071,1.0
1072,0.9997874821214033
1073,0.024145708984554766
1074,0.1586463363568823
1075,0.07641053120205352
1076,0.8581964511693414
1077,0.15003927594335692
1078,1.0
1079,0.06239067457752328
1080,0.058813265824225656
1081,1.0
1082,0.07888548696404929
1083,0.815294544736995
1084,0.03402140194309494
1085,0.028353265011427074
1086,0.09998408244422811
1087,0.09547326904543461
1088,0.14275626984824963
1089,0.09082406603307193
1090,0.040920566841467984
1091,1.0
1092,0.0231759749751636
1093,0.2047145225829796
1094,0.29093875100099753
1095,0.05028399715291847
1096,0.01523962070346298
1097,0.3363879898825256
1098,0.24301097108415792
1099,0.7260015464179509
1100,0.032182171802067186
1101,0.045338672054245834
1102,0.16155133149996617
1103,0.17291031787375596
1104,0.2399846125467796
1105,0.1780560714712427
1106,0.07864223078014286
1107,0.04465467604121734
1108,0.15545309298370616
1109,0.14192597124780137
1110,0.18804168109328348
1111,0.04401263019613948
1112,0.02588642807191109
1113,1.0
1114,0.07121193207680214
1115,0.9655717901296186
1116,0.09063088302362336
1117,1.0
1118,0.623584629198247
1119,0.08522665840465504
1120,0.06950289077369347
1121,0.38086764944206364
1122,0.028476869373874954
1123,0.05464115508134354
1124,0.48947462349715287
1125,0.8600744841723185
1126,1.0
1127,0.1815710080325826
1128,0.019496771292169323
1129,0.0479417670727164
1130,1.0
1131,0.1509848193956956
1132,0.2060400261320477
1133,1.0
1134,0.030171274270536154
1135,0.9999999999999694
1136,0.0214007305092211
1137,0.014572634570656202
1138,0.0922652103476264
1139,0.019921028995816128
1140,1.0
1141,0.05446238250096068
1142,0.020768312010688916
1143,1.0
1144,0.01610840436970237
1145,0.01636171344756762
1146,0.04131847345294467
1147,0.029597485730895694
1148,1.0
1149,0.4724766831001128
1150,1.0
1151,0.13712855137031774
1152,1.0
1153,1.0
1154,1.0
1155,0.03271120131047089
1156,0.14551942468333678
1157,0.09081869371236986
1158,0.1351879511502458
1159,0.018046743952534344
1160,0.031635609209351954
1161,0.09365473059806959
1162,0.28813733075249487
1163,0.07369499752819787
1164,0.07785838884189245
1165,1.0
1166,0.24615598228344548
1167,1.0
1168,0.3363879898825256
1169,1.0
1170,0.03448327734079323
1171,0.08288231887225044
1172,1.0
1173,0.044040583616481735
1174,0.034294450163169544
1175,0.5523655189272271
1176,0.16298950824507671
1177,0.05287610110392501
1178,0.21342514857180028
1179,0.40370649762039085
1180,0.23972305792067009
1181,1.0
1182,0.059840649740648254
1183,0.8031277936887684
1184,0.25462248309953356
1185,0.021540929753494507
1186,0.2814349042242044
1187,0.021860690825318822
1188,0.03367065966393554
1189,0.9322919502821518
1190,0.16323676555330993
1191,0.014274483325331483
1192,1.0
1193,0.15331562749778063
1194,0.02206218522784976
1195,0.06882602152532187
1196,0.04572578459809721
1197,0.3057480081681295
1198,0.041332311464883364
1199,1.0
1200,0.24327812777409538
1201,0.054432774508470054
1202,0.1851161900510269
1203,0.4901067485346835
1204,0.32352201505091377
1205,0.21317027559796933
1206,0.09173197328795593
1207,0.3450975201511717
1208,0.17626889049254
1209,0.10412404046094603
1210,1.0
1211,1.0
1212,0.2901587575678903
1213,0.09264550713048457
1214,0.06306764664984836
1215,0.05749419061447141
1216,0.38152523184345466
1217,0.12191565631059478
1218,0.20763178592516185
1219,1.0
1220,0.027614292765630565
1221,0.8684002296321724
1222,0.0214007305092211
1223,0.037208614072885476
1224,0.2125143724954364
1225,0.034173519850036735
1226,0.03140899547800382
1227,0.15576994349254897
1228,0.03863807402165749
1229,0.10421787187416254
1230,0.023943365462065925
1231,0.22987014434250355
1232,0.10331851915549334
1233,0.5671358832927076
1234,1.0
1235,1.0
1236,0.02847056343976928
1237,0.01770243513926725
1238,0.06847403584877029
1239,0.026882109630973046
1240,0.38667624897136976
1241,0.06856129718038285
1242,0.051566273196999204
1243,0.30281736113902913
1244,0.06425885397145352
1245,0.9686290299946393
1246,0.04887623025050923
1247,0.03434422012422932
1248,1.0
1249,0.12062733568941866
1250,1.0
1251,0.3233907751142004
1252,0.1923051995518542
1253,0.2073673306612147
1254,1.0
1255,1.0
1256,0.05141065608319792
1257,0.16093265450172084
1258,0.09482598409350045
1259,0.05365866587813275
1260,0.19436096394189362
1261,0.13778586006557952
1262,0.11222967870263902
1263,0.10946292816138724
1264,0.1385123915402262
1265,0.11240755473293489
1266,0.02938635221927054
1267,0.106534001710029
1268,1.0
1269,0.042026972844786244
1270,1.0
1271,0.18919761028933993
1272,1.0
1273,0.04243969462147728
1274,0.06022600179274437
1275,0.3223402958890948
1276,0.2982712343667029
1277,0.06657638141699727
1278,0.10863574413710825
1279,0.07739347636855042
1280,0.02393800235104529
1281,0.04289360279582094
1282,0.38008147410854526
1283,0.13320931417726609
1284,0.03147651781997702
1285,0.10837646150601482
1286,0.2789752254685041
1287,0.9001117598018118
1288,0.058034840901357
1289,0.08861559911756685
1290,0.04362188120023649
1291,0.2278364336961809
1292,1.0
1293,0.04752045542210352
1294,0.031627094131443746
1295,1.0
1296,0.04401650668081973
1297,0.03262584374618479
1298,0.09184686219022983
1299,0.17663647808221153
1300,0.04141901841794531
1301,1.0
1302,0.13369820748878775
1303,0.03132646571868162
1304,0.045415609439020926
1305,0.23643302368186828
1306,1.0
1307,0.34772784940956597
1308,1.0
1309,0.9820163676437591
1310,0.03133328379927618
1311,1.0
1312,0.19098748290734144
1313,0.12420774776682783
1314,0.09858193887667924
1315,0.05492252038151018
1316,0.08205997918571445
1317,1.0
1318,0.036330912788598874
1319,0.13449855978832295
1320,0.8554982348680278
1321,0.347418445783376
1322,0.9160306842980014
1323,1.0
1324,0.025842750415344198
1325,1.0
1326,0.03523718770800267
1327,0.2443462360427786
1328,0.02148355230517071
1329,0.8895756265924251
1330,0.09115627371656879
1331,0.029648540718941505
1332,0.01660989725948931
1333,0.03609800418596831
1334,0.04927200891249887
1335,0.9057254596157776
1336,0.07364373647219769
1337,0.18998899805566452
1338,0.2134391704484702
1339,0.4908325431368478
1340,0.03524093401544572
1341,1.0
1342,0.06960659417853232
1343,0.1998187690207176
1344,0.1097324887200776
1345,0.017127690444579433
1346,0.07549875677776517
1347,0.048330950314557246
1348,0.2563247820509305
1349,0.9982173066458196
1350,0.04648880836222017
1351,0.0740147499691936
1352,0.06629466332549792
1353,0.10574955880883147
1354,1.0
1355,0.1177000609687661
1356,0.04686888616843022
1357,0.07635703650531805
1358,1.0
1359,0.3988620517045047
1360,0.08581983471521389
1361,0.8200695486019216
1362,0.9999991896620702
1363,0.11816374292554903
1364,0.030525935476311182
1365,0.12736052488136182
1366,0.10014265633222412
1367,1.0
1368,0.15771991232793178
1369,0.08379621417405761
1370,0.17617859710007486
1371,0.1665401215422378
1372,0.23903500975277867
1373,0.31014723413530976
1374,0.1443589005051066
1375,0.03389077861837792
1376,0.3556810917964396
1377,0.9965357868479934
1378,0.022656042071792316
1379,0.2358488053574786
1380,0.08179740134046087
1381,1.0
1382,0.047628586668826155
1383,1.0
1384,0.03839127024734608
1385,0.021287227535515332
1386,0.43078425442227636
1387,1.0
1388,0.41705838998469086
1389,0.12665415865968635
1390,0.2192100799856991
1391,0.24969401496300397
1392,0.1375942280420561
1393,0.07655740351162232
1394,0.018507541012406318
1395,0.2286753257140994
1396,0.024309309543027277
1397,0.9962989921113031
1398,0.12109204440194968
1399,0.39199143496372457
1400,1.0
1401,0.16977162377298094
1402,0.48219646662006405
1403,0.03502118308317169
1404,0.734276790489159
1405,1.0
1406,0.03973407871511052
1407,0.05749419061447141
1408,0.0208087644062626
1409,1.0
1410,0.10244537396181266
1411,0.4551820056309584
1412,0.3315332512906234
1413,0.04221942142079222
1414,1.0
1415,0.4524533860162014
1416,0.20507210450546876
1417,1.0
1418,0.13420430427698607
1419,0.14726564920207116
1420,1.0
1421,0.12777867406782423
1422,0.7149537627160315
1423,0.19698539552868094
1424,0.07489499962950269
1425,0.2582517994005398
1426,0.6716663251172315
1427,0.9382186017925411
1428,0.41649662678035376
1429,0.01366530688914377
1430,0.09863609018793333
1431,0.020028920112253566
1432,1.0
1433,0.047096336211948406
1434,0.1148589168903191
1435,1.0
1436,0.29752346095369897
1437,0.043476078841110884
1438,0.17756849525721347
1439,1.0
1440,0.12197122087496973
1441,0.04165490378931823
1442,0.3527944826639821
1443,0.04941695814914224
1444,1.0
1445,0.06371287057146212
1446,0.09607623672203063
1447,0.02050017867347021
1448,0.28740455786405583
1449,0.028945405855003953
1450,1.0
1451,0.05563990764600737
1452,0.007779281602323156
1453,0.7248009508451159
1454,0.16615930975245874
1455,0.12115616727688143
1456,0.1189345611659628
1457,0.3749796177459005
1458,0.251106589287542
1459,0.061477327284581135
1460,0.03262584374618479
1461,0.114734572099172
1462,1.0
1463,1.0
1464,0.08533341418760337
1465,0.36529268228182404
1466,1.0
1467,0.26285368331884357
1468,1.0
1469,0.14002925796868748
1470,0.15292974716025465
1471,0.04675543758057528
1472,0.034839274726329736
1473,0.06138757171169968
1474,0.5913489058092608
1475,0.028083475594041427
1476,0.5269469637709222
1477,0.5499503189380561
1478,0.5167088951415066
1479,0.12133515110382617
1480,0.07160970786796937
1481,0.27539439956709694
1482,0.05038680618353487
1483,0.14002925796868748
1484,0.20394591259269582
1485,0.03803709010776401
1486,0.0318024965564355
1487,0.02581685532046605
1488,0.02834269517681316
1489,0.031462611869449035
1490,0.07642662004628246
1491,0.343715002263816
1492,0.6791136554091716
1493,0.029541736038782348
1494,0.11507100026382902
1495,1.0
1496,0.17214135238056344
1497,0.16857291468728033
1498,0.044864949273681
1499,0.12341960426055318
1500,0.10270582205475962
1501,0.2696633746083716
1502,0.10543692267165118
1503,0.2882380689115168
1504,0.21645506357423405
1505,0.26899044931807736
1506,0.07385475038863555
1507,0.14524668692302692
1508,0.11083528428564442
1509,0.06412903583781396
1510,0.027468759970199583
1511,0.12597247234507186
1512,1.0
1513,0.04315724703535244
1514,0.1290579172492015
1515,1.0
1516,0.1098824599113622
1517,0.15812516113474442
1518,0.022761076195304084
1519,0.41289933519129784
1520,0.12200685620719288
1521,0.5616089361037989
1522,1.0
1523,0.09774314459384201
1524,0.4820473505333153
1525,1.0
1526,0.4759072679438305
1527,0.07229768261795096
1528,0.08973512008620171
1529,0.9728553612750206
1530,0.12536160985882744
1531,1.0
1532,0.09370610668077632
1533,0.060613522412208895
1534,0.3705263510673405
1535,0.7248456696303719
1536,0.08442684985806721
1537,0.06291333952407481
1538,0.038840419833418426
1539,0.016906353778312604
1540,0.43910064963815193
1541,0.13231178729469822
1542,0.20667258690089452
1543,0.12350646701937386
1544,0.06965865636305273
1545,0.06499999701805165
1546,0.09854472603584732
1547,0.23727137822486946
1548,0.4126009638826212
1549,0.6626559157619873
1550,0.1569233059483742
1551,0.10986016591988094
1552,1.0
1553,0.017665074588151357
1554,0.9884817268470795
1555,1.0
1556,0.11160244487166743
1557,0.04436845584556851
1558,0.9999996804680455
1559,1.0
1560,0.07832339674673526
1561,0.04291620986682347
1562,0.059502422724296115
1563,1.0
1564,0.02991193783911883
1565,0.10836321668050496
1566,0.06403660205460741
1567,0.027132201714137175
1568,0.04709341644665084
1569,0.10857073228043669
1570,0.19321588930062492
1571,0.18552062834148156
1572,0.6811465082677024
1573,0.015979283669386023
1574,0.15945200899744633
1575,0.05883205728748817
1576,0.012407810810000048
1577,0.7904439249394081
1578,0.12588551594459663
1579,0.4908113515224082
1580,0.0435811677778215
1581,0.4781337409883153
1582,1.0
1583,0.18105281620604108
1584,0.16195945423970437
1585,0.1708714077228158
1586,0.12624336849417658
1587,0.3347302656806168
1588,0.07238446333261962
1589,0.1739403958934645
1590,0.7476326576655332
1591,0.019729944583119666
1592,0.028751523995800405
1593,0.036663287173626435
1594,0.018633669309724453
1595,0.3286330243949989
1596,0.03652076385382131
1597,0.28740455786405583
1598,0.33435616110657834
1599,0.1465109580965989
1600,0.1531507017380719
1601,0.16434920516480067
1602,1.0
1603,0.1559671714221092
1604,0.21735569457375842
1605,0.09922449245323597
1606,1.0
1607,0.042822565703784045
1608,0.1635056965338437
1609,0.45831702626325715
1610,1.0
1611,0.0325014937666836
1612,0.24931525140558466
1613,0.06414064541362056
1614,1.0
1615,0.5288148774838597
1616,0.14400466215563446
1617,0.028203950646272725
1618,0.15525319620205147
1619,0.035100180258880787
1620,0.18957476599192863
1621,0.01880562925346504
1622,0.153713027832629
1623,0.05951790716949884
1624,0.31682009018040297
1625,0.028654199335440497
1626,0.5104448617742492
1627,0.1482429271358265
1628,0.0696008380351213
1629,0.04442343984488364
1630,1.0
1631,0.062053804621746596
1632,0.03748888880042656
1633,0.013516856712843636
1634,0.33670948813732504
1635,0.2737746325963531
1636,0.1208160067244035
1637,0.2789487738399156
1638,1.0
1639,1.0
1640,0.2189002187196469
1641,0.03474773310678304
1642,0.2606840913540061
1643,0.05218181581847503
1644,0.23816177527429336
1645,0.04234315634042785
1646,0.19660597222127643
1647,0.11045060673685511
1648,1.0
1649,1.0
1650,0.3176954589319077
1651,0.10054266978987958
1652,0.05143701112981974
1653,0.10955110746299154
1654,1.0
1655,0.014128513919891127
1656,0.09830026388069575
1657,0.04989543101156229
1658,0.29910017750087453
1659,0.03878496121841502
1660,0.04826375835356746
1661,1.0
1662,0.1326897075383536
1663,1.0
1664,0.02280978523440863
1665,0.13829071368102028
1666,0.21013933239477248
1667,0.03194677681546649
1668,0.13231178729469822
1669,0.3776973373120454
1670,0.39577412396473693
1671,0.24711416121939273
1672,1.0
1673,0.9999996618846303
1674,1.0
1675,1.0
1676,1.0
1677,0.32676452368271236
1678,1.0
1679,0.9906125272959714
1680,0.8446290864914858
1681,0.19394577282734501
1682,0.13997882910112208
1683,0.7809012965816038
1684,1.0
1685,0.07756553335703319
1686,0.06166213580138279
1687,0.4085289499849832
1688,0.07272262338648966
1689,0.08945037631825468
1690,0.1574587063695418
1691,0.021802061973788225
1692,0.13943302207400066
1693,0.19267228753495338
1694,0.1620213890755222
1695,0.37416174323671314
1696,1.0
1697,1.0
1698,1.0
1699,0.09351223314188493
1700,0.18514344414250744
1701,0.025637590061321932
1702,0.15642727964156067
1703,0.04293443395500372
1704,0.04169890081639318
1705,1.0
1706,0.08974586252484688
1707,1.0
1708,1.0
1709,1.0
1710,1.0
1711,0.6711452968816475
1712,0.03368790760151751
1713,0.03278278596028491
1714,1.0
1715,0.06748064731587955
1716,0.03241401094949786
1717,1.0
1718,0.15458010199218641
1719,0.037784680004428445
1720,0.022491923779476636
1721,0.37707951210559887
1722,1.0
1723,0.0949920091666821
1724,0.8554654157013485
1725,0.05939503460873259
1726,0.062457814413470716
1727,0.4778852130709456
1728,0.07969005227148845
1729,0.07798481861286927
1730,0.2768738127230562
1731,0.1547787028425375
1732,0.7048726292602999
1733,1.0
1734,1.0
1735,0.045489265960563324
1736,1.0
1737,0.9742848830320572
1738,0.047767006593115266
1739,1.0
1740,0.03162278082237204
1741,0.05266925469119898
1742,0.039776561553098846
1743,0.017760124628331157
1744,0.03210056086470162
1745,0.020081753931105693
1746,0.05089930072788643
1747,0.11922698641424799
1748,0.35673842842228365
1749,0.4859664134354307
1750,0.2623233170346665
1751,0.032424755263322745
1752,1.0
1753,1.0
1754,0.9542322216389301
1755,0.26924536993403464
1756,0.13980408789934906
1757,0.16995787518957414
1758,0.17553863552905768
1759,0.2789487738399156
1760,0.04637659510306744
1761,1.0
1762,0.06544046305381324
1763,1.0
1764,0.5522356256655722
1765,0.10522019309844852
1766,1.0
1767,1.0
1768,0.13040572849107648
1769,0.31954209837788006
1770,0.04473201157102033
1771,0.011653912147765235
1772,0.03614114909067934
1773,0.06991551966340366
1774,0.04869212099940348
1775,0.09855107398632379
1776,1.0
1777,0.11148028646361341
1778,0.03308065348585164
1779,0.4580039494059833
1780,0.06296423866920325
1781,0.5040918897197476
1782,0.2661672069425848
1783,0.999998559934517
1784,0.03125438177378624
1785,0.10054266978987958
1786,0.10016323014710271
1787,0.026053345098605393
1788,0.12589473934884376
1789,0.015129056104953239
1790,0.16136280565174416
1791,1.0
1792,0.04331108009744945
1793,0.22119355955040287
1794,0.21639750177925593
1795,0.10018398502229531
1796,0.07856094644828092
1797,1.0
1798,0.029990615072421196
1799,0.16781586668084028
1800,0.14821667583142578
1801,0.03200221716242017
1802,0.9999701895956463
1803,0.5232186221154701
1804,0.1667882186844394
1805,0.5553238326953239
1806,0.150313075924335
1807,0.9412770212826076
1808,0.04305982837637861
1809,1.0
1810,0.1835306141781695
1811,0.13405155766146482
1812,0.02420913410997474
1813,0.1062537150905247
1814,0.11301317199419096
1815,0.03092505920778063
1816,0.0502474706127194
1817,0.23975603360555003
1818,0.10723370924432028
1819,1.0
1820,0.09497484958625434
1821,0.28003752267921966
1822,0.040295047042814204
1823,0.04093018860394408
1824,0.06296423866920325
1825,0.01992258956699109
1826,0.09496582741126233
1827,0.08052994892850301
1828,0.3184688891501793
1829,0.05054412558868944
1830,0.1436890182632963
1831,1.0
1832,0.16948438945024072
1833,0.13615202283250602
1834,0.17208228926617308
1835,0.06265193650436376
1836,0.1838212702852787
1837,1.0
1838,0.03399676376256386
1839,0.036171894758948456
1840,0.04648308317633832
1841,1.0
1842,0.061298050377627124
1843,1.0
1844,1.0
1845,0.3697011363131322
1846,0.11196210938047853
1847,0.3592951508685535
1848,0.0839387603449107
1849,1.0
1850,0.183710781350064
1851,0.0205139600836635
1852,0.09605246484569059
1853,0.1323598791293896
1854,0.8297011588690846
1855,0.8397191922255776
1856,1.0
1857,0.8371171953500569
1858,0.0696908512266709
1859,1.0
1860,1.0
1861,0.33318566775691644
1862,0.3400472467083888
1863,0.0399140066863313
1864,0.3270998729951766
1865,0.05548686597853007
1866,0.10865428691245743
1867,0.06743294794045146
1868,0.15403165298196436
1869,0.1391706226913395
1870,1.0
1871,0.042527183617748154
1872,1.0
1873,0.07787081955554599
1874,1.0
1875,0.8177367507088703
1876,0.01979671418813288
1877,1.0
1878,0.10730106040654515
1879,0.03542847381393695
1880,0.2609224852109686
1881,0.028573609446585525
1882,0.14991664008749583
1883,0.5061060855995697
1884,0.10914784581679654
1885,0.07690300448715857
1886,0.3668099538656842
1887,0.029805268319572243
1888,0.35393473166437533
1889,0.19920687069813506
1890,0.03628754987482111
1891,0.29453122850866853
1892,1.0
1893,0.6629963742211797
1894,0.03662366875833209
1895,0.3370393334246169
1896,0.021777610404155906
1897,0.027456574405352773
1898,0.10942812477022076
1899,0.029990615072421196
1900,0.0658242099161546
1901,1.0
1902,0.10671936207488304
1903,0.042329394701715144
1904,0.2670916728846792
1905,0.04466429319948618
1906,1.0
1907,0.05057123863949234
1908,0.9973091861805233
1909,0.01464214348845975
1910,0.48457504593801326
1911,0.2147910922614955
1912,0.07000451107807629
1913,0.21468436912072097
1914,0.15147340022104805
1915,0.03146956915819944
1916,0.08942692791067472
1917,0.03463083484321582
1918,0.06794483495752933
1919,0.05827586317819566
1920,0.03546017153952848
1921,0.01941712119052961
1922,0.014396285350511923
1923,0.6698861955875631
1924,0.07170302083100391
1925,0.641681896028945
1926,0.27924585750305825
1927,0.4400932097737937
1928,1.0
1929,0.09762041146325766
1930,1.0
1931,0.05597443981992402
1932,1.0
1933,0.04972959529976873
1934,0.6759244817307274
1935,0.041146369847682676
1936,0.981582212890821
1937,0.18797560754968817
1938,0.19838525379697508
1939,0.08418527387486756
1940,0.8742737728545069
1941,0.6965218415764793
1942,0.1882162432909588
1943,0.1942779542793881
1944,0.5313469239923817
1945,1.0
1946,0.4231306614561285
1947,1.0
1948,0.19826909196709003
1949,1.0
1950,0.2671945189607395
1951,0.47607003699498474
1952,0.22052890916710943
1953,0.06485385972861969
1954,1.0
1955,0.7269633431802744
1956,0.13441053891390753
1957,0.026882109630973046
1958,0.25171734685450553
1959,0.18288661680488114
1960,0.020857647242592436
1961,0.9833226391903169
1962,0.12896210655841192
1963,0.03998462159358793
1964,1.0
1965,0.09707630714551986
1966,1.0
1967,0.18566776496341045
1968,0.20197152702887186
1969,0.16081873794571092
1970,0.1501874613691596
1971,0.025094704151780636
1972,0.12025231277861921
1973,0.10825076530551314
1974,1.0
1975,0.2492472915663535
1976,0.2967943531829145
1977,0.10757077637697329
1978,0.20338456531682575
1979,0.3143228804036258
1980,1.0
1981,0.14529434421966608
1982,1.0
1983,0.08024437870428798
1984,0.07437372308220871
1985,0.45158868013388076
1986,0.03093752079887981
1987,0.05908747502230383
1988,0.03425425057145417
1989,0.21612573838862184
1990,0.3838307715271231
1991,1.0
1992,1.0
1993,1.0
1994,0.016280461031038723
1995,0.038053787699062286
1996,0.039425983982409235
1997,0.12837893875407208
1998,0.15594986042431164
1999,0.8970094823074973
2000,1.0
2001,0.03771187379260469
2002,0.43952654947221
2003,0.07674114666637956
2004,0.4147883998871557
2005,0.06760456669945387
2006,0.750627755636261
2007,0.5140143101122854
2008,0.05289857598154925
2009,0.15674244392855796
2010,0.020728488895706068
2011,0.028945405855003953
2012,0.04803392073510569
2013,1.0
2014,0.13752367112446195
2015,0.9214398850247216
2016,0.03459886831381649
2017,0.09768659699583995
2018,0.8139684805230141
2019,0.09173513334045993
2020,1.0
2021,0.1217167873607269
2022,0.1388888834598582
2023,0.1742575577716377
2024,0.06369927355090475
2025,0.010128459773194456
2026,0.058483594563178046
2027,0.14098574476902156
2028,0.4525571498033608
2029,0.022067700762905235
2030,1.0
2031,1.0
2032,0.16360370665467322
2033,0.040451628051470685
2034,0.10689993843557705
2035,0.3183176879059965
2036,0.0677885979174157
2037,0.025478529118686317
2038,0.03355041317362779
2039,0.21627698227559292
2040,0.979331057417517
2041,0.7936386470518314
2042,0.3001854312985667
2043,1.0
2044,0.04305982837637861
2045,1.0
2046,0.1462022142765067
2047,0.06364562675383006
2048,0.5125428415483021
2049,0.023389302726003536
2050,0.9911089881068895
2051,0.022416218101732572
2052,0.03099836214311132
2053,0.301904897348165
2054,0.5961738926503128
2055,0.027056573504020687
2056,0.20358407876467224
2057,0.33594069399193854
2058,0.05336576814246103
2059,1.0
2060,0.348790958924489
2061,0.07700648458207068
2062,0.14071244187816692
2063,0.12065522942531859
2064,0.17102976090186195
2065,0.6079621031470603
2066,0.12839867635467597
2067,0.8400561385942414
2068,1.0
2069,0.12988650615498393
2070,1.0
2071,0.10263872173038237
2072,0.02918313717716685
2073,0.45908613206651044
2074,1.0
2075,0.857648269492692
2076,1.0
2077,1.0
2078,0.03558657662810763
2079,0.6739964442667391
2080,1.0
2081,1.0
2082,0.14648701651171298
2083,0.01764105938890239
2084,1.0
2085,0.4322666730133839
2086,0.09273840029288144
2087,0.5789302367597166
2088,0.0970363236153342
2089,0.020400162803501456
2090,0.07472056929450402
2091,0.04804130660207614
2092,0.1502293284774187
2093,0.2130353238993649
2094,0.3160883786666411
2095,0.033343279456347366
2096,0.04589193502794128
2097,0.030409844079927317
2098,0.028084999075689458
2099,0.9999707391284741
2100,0.023534000302221435
2101,1.0
2102,0.018799549811742665
2103,1.0
2104,1.0
2105,0.09490967193701412
2106,0.029357762130047472
2107,1.0
2108,1.0
2109,0.11322620737087417
2110,1.0
2111,0.11931811663534689
2112,0.06888848402420024
2113,0.4526087372387175
2114,1.0
2115,0.029410668767446902
2116,0.12596640442512008
2117,0.1851161900510269
2118,0.03354974923582211
2119,0.10002866440392565
2120,0.028137820051438826
2121,1.0
2122,0.17870978852264535
2123,0.11556676832666002
2124,0.04128471994022311
2125,1.0
2126,0.06014708549974146
2127,0.08287781246470509
2128,0.2639518934247797
2129,0.14103780713238545
2130,0.1872919507052478
2131,0.7533349657875439
2132,0.03146956915819944
2133,0.05623844290878845
2134,0.18978589962496348
2135,0.089690997484961
2136,0.03355725891740816
2137,0.033740708357388925
2138,0.21170731815526858
2139,0.2569563095099867
2140,0.5489415403853655
2141,0.6024907125770421
2142,0.016657690849300678
2143,0.18674827901301638
2144,0.801357275730189
2145,0.033719061874455086
2146,0.02568097510390402
2147,1.0
2148,0.2720797897498577
2149,0.01274518373848547
2150,0.09231731298314594
2151,1.0
2152,1.0
2153,0.02702917323876561
2154,0.13667910221759721
2155,0.36391717261259227
2156,0.9511118880677867
2157,0.0345659420650421
2158,0.04110563760120761
2159,0.27601239520723564
2160,0.15632014211711462
2161,0.11723381218260573
2162,0.1205178115722147
2163,0.04029734614342634
2164,1.0
2165,1.0
2166,0.03671244484767522
2167,1.0
2168,1.0
2169,0.03381663811668428
2170,0.01283566093864545
2171,0.011416696998465599
2172,1.0
2173,0.26605012840103615
2174,0.023339539915920287
2175,1.0
2176,0.0697604966314723
2177,1.0
2178,0.07264562869024686
2179,0.11273953150789442
2180,1.0
2181,0.3127038010747707
2182,0.06465162684004003
2183,0.03474773310678304
2184,0.02420913410997474
2185,0.04350986470296661
2186,0.9999777913055475
2187,0.06937384691191552
2188,1.0
2189,0.05871390210886984
2190,1.0
2191,0.09876833615895736
2192,1.0
2193,0.14589243965953738
2194,1.0
2195,0.04716965962945847
2196,1.0
2197,0.1138071685866758
2198,0.04353678995906336
2199,0.04851623126184824
2200,0.10351932509500907
2201,0.3326426601409796
2202,0.20068900156054723
2203,1.0
2204,1.0
2205,0.15769447749840054
2206,0.04951119940586189
2207,0.01579061080732638
2208,0.12725642607148138
2209,1.0
2210,0.05870651976713125
2211,0.15096301966182393
2212,0.30592832883113236
2213,0.9253518038515118
2214,1.0
2215,0.06948283219116223
2216,0.06882901531581996
2217,0.06740534511822281
2218,0.1179279870227206
2219,0.11273953150789442
2220,0.110751381744557
2221,0.06733218717917608
2222,1.0
2223,0.2475472482131467
2224,0.07746915580601499
2225,0.11676284842358908
2226,0.21007357687214884
2227,0.5156031456728439
2228,0.03861102965367383
2229,0.14113507315742707
2230,1.0
2231,1.0
2232,0.16963615625332037
2233,0.015414626434073094
2234,0.12716317749984335
2235,0.951145054592289
2236,0.2198307228170306
2237,0.18556625113467495
2238,0.047767006593115266
2239,1.0
2240,0.4873238907639215
2241,0.6189207373098843
2242,0.06779690875819495
2243,1.0
2244,0.0617782801549335
2245,0.028524351084526497
2246,1.0
2247,1.0
2248,0.12185454182159448
2249,0.380581935273932
2250,0.49306315032187015
2251,0.17632971271061704
2252,0.1528754983148139
2253,0.2932725453043998
2254,0.07807337515953422
2255,0.2346105374776772
2256,0.14213040760213005
2257,1.0
2258,1.0
2259,0.3627216430338992
2260,0.22170024259608628
2261,0.06882165355587616
2262,0.11789314795047943
2263,0.34908705385718725
2264,0.3079825536529706
2265,0.10472624350252963
2266,0.6909580255125473
2267,0.31066796718061357
2268,0.4012357045518686
2269,0.051443427903681324
2270,0.08292526380619962
2271,0.1521731242759367
2272,0.9804910801188815
2273,0.8045633370248689
2274,0.33156945043948594
2275,0.06420697999346388
2276,0.026056598900799324
2277,0.3192216903526033
2278,0.23804802032403702
2279,0.06417722496651229
2280,0.08115819314156002
2281,0.25520598256395854
2282,0.11534781553559881
2283,0.03459886831381649
2284,0.3117456932426734
2285,1.0
2286,1.0
2287,0.18882734180228222
2288,0.031695181300052826
2289,1.0
2290,0.018164709412616484
2291,0.023433722213682524
2292,0.20358407876467224
2293,0.6519677796895098
2294,0.06558608276256714
2295,0.01773302309118711
2296,1.0
2297,1.0
2298,0.06538350359696782
2299,0.8517513794182527
2300,0.22874521771793774
2301,0.1457000375196405
2302,1.0
2303,0.019445445984607946
2304,0.17930394201481745
2305,0.05028399715291847
2306,0.06266157993282544
2307,0.04222642264545212
2308,0.08115819314156002
2309,0.017404284164719702
2310,0.6899740720377645
2311,0.07763713875081367
2312,0.37880200403141934
2313,0.3911818610902204
2314,0.2831170837760695
2315,0.0859723809664742
2316,0.9786995324647414
2317,0.04375408368184003
2318,0.10536824757786173
2319,0.04323065028438738
2320,1.0
2321,0.28455814183036315
2322,0.1942895331181817
2323,0.17392835292596143
2324,0.661004952571691
2325,1.0
2326,0.041038097737206236
2327,0.09123447948156826
2328,0.18400602560987817
2329,0.04021025137031157
2330,0.04713693645211681
2331,1.0
2332,0.04583649883912784
2333,1.0
2334,0.15991850242608524
2335,0.0907849595057649
2336,0.032478599531881945
2337,1.0
2338,0.14802498888679308
2339,0.8614050591046422
2340,0.18670961051217042
2341,0.5628402075800746
2342,0.03750067775728722
2343,0.398061632856456
2344,0.09539581594151687
2345,0.2769606225754722
2346,0.03590461752956048
2347,0.028353265011427074
2348,1.0
2349,0.18703641837355167
2350,0.09179975947448078
2351,0.021786168595461047
2352,0.1030530231848336
2353,0.01942528600615733
2354,0.03898804507505354
2355,0.11992155576393777
2356,0.9185409900086081
2357,1.0
2358,0.03502161435264991
2359,0.1935227878285812
2360,0.07291397004705483
2361,0.1452521981123823
2362,0.9281293586710394
2363,1.0
2364,0.2841956334278699
2365,0.03376689966998511
2366,0.016512409310860034
2367,1.0
2368,0.007821336117132814
2369,0.050842106753416716
2370,1.0
2371,0.053051202734283195
2372,0.11181315618734868
2373,0.3372720623066336
2374,0.15507459194228904
2375,0.38869151640941024
2376,0.19005408486354672
2377,0.4199358819519729
2378,1.0
2379,0.22076406439026572
2380,0.13546220635545833
2381,0.04690807950177526
2382,1.0
2383,1.0
2384,0.14580894181176332
2385,0.38353968335432403
2386,1.0
2387,0.18999692911940655
2388,0.18266977006768054
2389,1.0
2390,0.10403510162796904
2391,0.029683435370883082
2392,0.02469896427373705
2393,0.18091434741677823
2394,0.9647508042756913
2395,1.0
2396,1.0
2397,0.5170881846693384
2398,0.5504758353879311
2399,0.053168197476200364
2400,0.2907546656703485
2401,1.0
2402,0.27275330296140643
2403,0.02736350968622912
2404,1.0
2405,1.0
2406,0.3188744795783243
2407,0.10710185984315801
2408,0.06385165150616724
2409,0.045909482121920864
2410,0.0743687869651969
2411,0.03156050028847574
2412,0.02259532941831705
2413,0.3117844574654597
2414,0.32246490730046345
2415,1.0
2416,0.006911062509453736
2417,0.048350423610592
2418,0.15375893847303002
2419,0.09880895526467592
2420,0.20154009972271758
2421,0.20750383593301747
2422,0.030762630018740883
2423,0.5977470077870708
2424,1.0
2425,0.08613742603923522
2426,0.23495788178332272
2427,1.0
2428,1.0
2429,0.14294497702386977
2430,0.11195377598509014
2431,0.04559727186096829
2432,0.7971756382505927
2433,0.17151509267639498
2434,0.18334253141201007
2435,0.7774659027963405
2436,1.0
2437,1.0
2438,0.9988591486780162
2439,0.04582816590481552
2440,0.25354750126656317
2441,0.1894535003712332
2442,1.0
2443,0.2914873724746611
2444,0.021249015320079324
2445,0.09252600242451885
2446,0.13584569429349527
2447,0.18872598773080987
2448,0.33876661046820916
2449,0.37121429594806865
2450,0.1851161900510269
2451,0.7467049778668838
2452,0.22962016593269544
2453,0.10098470607431832
2454,0.025057881208658987
2455,0.047225389213502854
2456,1.0
2457,1.0
2458,0.9055861802658222
2459,0.9738298319770341
2460,0.10913636176476244
2461,0.0227766736800669
2462,0.060005091619199855
2463,0.16028596835823702
2464,1.0
2465,0.015622600620178041
2466,0.1946568531620082
2467,0.21724273374609343
2468,0.13681634828860137
2469,0.48675927018270976
2470,1.0
2471,1.0
2472,0.15642727964156067
2473,0.09631275806441329
2474,0.07746915580601499
2475,0.05570139522285861
2476,0.1546209696972737
2477,0.028150749665239897
2478,0.0451986991174532
2479,0.09685042266293552
2480,0.01915961605016236
2481,0.24849375272632346
2482,0.3343159537834148
2483,0.16846983617753925
2484,0.0743687869651969
2485,0.026351115725313793
2486,0.014494809347205812
2487,1.0
2488,0.4580100958654383
2489,1.0
2490,1.0
2491,0.035721767962999765
2492,0.8077635883762129
2493,0.4976025717348771
2494,1.0
2495,0.2949726435540812
2496,0.03267279479659436
2497,0.10871750458485828
2498,0.24537528022001218
2499,0.1650469611766103
2500,0.56326510705119
2501,0.03281459393651348
2502,0.14089108708373568
2503,0.03495601582980716
2504,0.5676395850645573
2505,1.0
2506,0.04198011332575036
2507,1.0
2508,1.0
2509,0.14475798220151812
2510,0.007624535193383959
2511,0.35987307086148046
2512,0.0810372367522496
2513,0.160668261398984
2514,0.3715168582731961
2515,0.018240341040553838
2516,1.0
2517,1.0
2518,0.1453463644219849
2519,0.3117844574654597
2520,1.0
2521,0.2872228405076464
2522,0.024286630767507218
2523,0.10246221661637402
2524,0.1280524892671245
2525,0.12635734807613624
2526,0.08755669742861527
2527,0.4248026795783017
2528,1.0
2529,0.053254592223614915
2530,0.09199021349272224
2531,1.0
2532,0.037312887528960094
2533,0.9128271029566533
2534,0.06788039852352744
2535,1.0
2536,0.18109617813968673
2537,0.0806945676210987
2538,0.5950494070377327
2539,0.04025741908808902
2540,0.02197718283011944
2541,0.09645542309871528
2542,0.08870484662467051
2543,0.016843871175777816
2544,1.0
2545,0.2640499286202921
2546,0.3881131766791089
2547,1.0
2548,0.1362357414726352
2549,0.08563710170292564
2550,1.0
2551,0.7815664099775567
2552,0.1258964459660384
2553,0.11200375941662105
2554,0.041052341222308456
2555,0.33995326025989736
2556,0.02898875578703778
2557,0.0144557615082006
2558,0.31406393398457744
2559,0.10711443665563491
2560,0.024388951839365996
2561,0.1073946166192192
2562,0.031834489152016573
2563,0.04659722879561704
2564,0.9720223281855777
2565,1.0
2566,0.12476702805193317
2567,0.03321326730648578
2568,1.0
2569,0.1814550685339961
2570,0.9926268435633104
2571,1.0
2572,0.28749034409530744
2573,0.7176431078230155
2574,0.09081869371236986
2575,0.4528954043848977
2576,1.0
2577,0.07389330206435986
2578,1.0
2579,0.022514972010924495
2580,0.1113719221609184
2581,1.0
2582,0.022525624075539468
2583,0.35143433292984544
2584,0.07850038275812897
2585,1.0
2586,0.06317051945351299
2587,0.21029852907551874
2588,0.7653711419194608
2589,0.9904330680640059
2590,0.05587853594907584
2591,0.20735194664550316
2592,0.021808509750878717
2593,0.020036024093174364
2594,0.7588514867845417
2595,0.12713674996470248
2596,0.15477513713787866
2597,0.9997512775658265
2598,0.19146261300785694
2599,1.0
2600,0.1533249285020494
2601,0.044914796832499874
2602,0.10986016591988094
2603,0.09455434837481855
2604,0.019425393507129105
2605,0.8972616657166443
2606,1.0
2607,0.0495716930222939
2608,0.12930316974262704
2609,0.23067654387266479
2610,0.017229530073895865
2611,0.018788348016269767
2612,0.047015765614966815
2613,1.0
2614,1.0
2615,0.08545062754555077
2616,0.0912948827595212
2617,0.03970041437761604
2618,0.961631688608837
2619,0.689347366890367
2620,0.036651847444296615
2621,1.0
2622,0.06677388474938464
2623,0.0329749337943762
2624,0.03724476540894885
2625,0.04040387466922068
2626,0.040408776216233094
2627,0.5508713147830654
2628,0.1857974661748848
2629,0.05941717358325338
2630,0.2897684976947441
2631,0.024962109209419322
2632,0.24905396436830277
2633,0.05151448521377831
2634,0.16968397299965124
2635,0.13255576487246234
2636,1.0
2637,0.14243580497423453
2638,0.18487926875753058
2639,0.06239067457752328
2640,0.046730269624936455
2641,0.1624066811660567
2642,0.6829571870491523
2643,1.0
2644,0.888742172717467
2645,0.014644506936183476
2646,0.14310385729335065
2647,1.0
2648,0.07053514209751127
2649,0.1060670107366571
2650,0.0326365581892102
2651,0.3260687918881077
2652,0.09343844758134852
2653,0.10364632240304662
2654,0.33917037724055904
2655,0.9371316643769739
2656,0.22176434237235473
2657,1.0
2658,0.044524853361905946
2659,0.022475636169914423
2660,0.025706774990017264
2661,0.36757392684484996
2662,0.2269092448088445
2663,0.00968444412063085
2664,0.15323935296607205
2665,0.024018004792524434
2666,0.0720638900978647
2667,0.04552951248721817
2668,0.30825884434477424
2669,0.17335335486900902
2670,0.07884445426424712
2671,1.0
2672,0.03576447986922555
2673,0.04218998033082443
2674,0.23348757648370802
2675,0.12378299836114799
2676,0.08454951926277039
2677,0.3865575912154212
2678,1.0
2679,0.042654389649792034
2680,0.1811149261908476
2681,0.07819869836714935
2682,0.13922860458514505
2683,0.03916334733091852
2684,0.11191083128798954
2685,0.17200198764553776
2686,0.03350529782636257
2687,0.14673009140893103
2688,0.06663180684559514
2689,0.19524905589936017
2690,0.10098470607431832
2691,0.038317113781590605
2692,0.8439146699427638
2693,0.014563952538580616
2694,0.1049101530528194
2695,0.04296405960455105
2696,0.02907151438488083
2697,0.02025882240536117
2698,1.0
2699,0.020135897209991236
2700,0.09371174973718518
2701,0.06711329018994973
2702,0.18488640985849789
2703,0.20160750766919558
2704,0.7389549829414624
2705,0.049233978997427034
2706,1.0
2707,0.024305125596301352
2708,1.0
2709,0.09842965482868075
2710,1.0
2711,0.049602708274101966
2712,0.14597043476879737
2713,1.0
2714,0.040329418559140136
2715,0.04028021432364104
2716,0.018989746837239953
2717,0.10205364311350772
2718,0.019905956581216005
2719,0.3920076791637765
2720,0.020171667181528446
2721,0.41150225877182645
2722,1.0
2723,1.0
2724,0.12570584887353559
2725,0.03960343545298298
2726,0.0434957411030231
2727,0.12861347954045013
2728,0.10782266145083308
2729,0.24101739527462723
2730,1.0
2731,0.1176774168661957
2732,1.0
2733,1.0
2734,0.10730510016790835
2735,0.9995328715767701
2736,0.14185997206819503
2737,0.02488323059739965
2738,0.03759441515891309
2739,0.2469421379567668
2740,1.0
2741,1.0
2742,0.0819236432133551
2743,0.027821636991565233
2744,0.007559796691126018
2745,0.2400248023082847
2746,0.04350146476488491
2747,0.11754679783801232
2748,0.022574212662748266
2749,0.04150595986800754
2750,0.07499634455509557
2751,0.8909934096229795
2752,0.010183083525464345
2753,0.026001003729312078
2754,1.0
2755,0.041608509342631814
2756,0.43069907631864623
2757,0.07925792309056613
2758,1.0
2759,0.08351182087718326
2760,0.14638722607250376
2761,0.2518292032029432
2762,0.5170124273158877
2763,0.9935985883207304
2764,0.019210442144529605
2765,0.11774356251632298
2766,0.25314581891667315
2767,0.21523292266714886
2768,0.027602044472531253
2769,0.2581052601608825
2770,0.36898292784511244
2771,1.0
2772,1.0
2773,1.0
2774,1.0
2775,0.6290821803246387
2776,0.04237932335150392
2777,0.0808403961298412
2778,0.039748436637618324
2779,1.0
2780,0.3282221567903945
2781,1.0
2782,0.030440246304980483
2783,0.5641638837945281
2784,1.0
2785,0.0709361745182668
2786,1.0
2787,0.6259240573830893
2788,0.27587334826860765
2789,0.020839076122426064
2790,0.04739634347180214
2791,1.0
2792,0.1541098649857547
2793,0.029796528285166744
2794,0.16860140857151326
2795,0.07452516487234905
2796,0.7983103217884662
2797,0.11651561126677056
2798,0.09157218050550724
2799,1.0
2800,1.0
2801,0.0508055277285729
2802,0.02613054134673521
2803,0.028772705872781464
2804,0.04000192100647871
2805,0.791221076325594
2806,0.024915237706896517
2807,0.8314593061285447
2808,0.06548369348173866
2809,0.02087910716532179
2810,0.04490183116936192
2811,0.14251221653722948
2812,0.17213075945869138
2813,0.017836623019663007
2814,1.0
2815,0.09839559609149456
2816,0.08845682022034124
2817,0.9350382170694662
2818,0.2023165737927025
2819,1.0
2820,0.0607039335737032
2821,0.17989066523393016
2822,0.0803884430948677
2823,0.3509646759539881
2824,0.2804713521470193
2825,1.0
2826,0.05847248054459311
2827,0.07911151853822532
2828,0.12327677822613668
2829,0.13705762678182815
2830,1.0
2831,0.176577428203235
2832,0.20088653756645425
2833,0.0461107068145424
2834,0.4529795089725828
2835,0.20594663201237012
2836,0.03937075678252832
2837,0.12599237118377624
2838,0.04488705934550492
2839,0.37972954490030936
2840,1.0
2841,0.14195280649892655
2842,0.13363930436070814
2843,0.10465797714585429
2844,0.03199303985696519
2845,0.7003643991284709
2846,0.7601355381294818
2847,0.029675508890541002
2848,0.17804663556553732
2849,0.4151030316008221
2850,0.2617969134800941
2851,0.040018858267659656
2852,0.4063674670514387
2853,0.20915927347089736
2854,0.01134735825346751
2855,0.0688196561254203
2856,0.7818295686538994
2857,1.0
2858,1.0
2859,0.08335118147482465
2860,0.38940438204189554
2861,0.16407406767891095
2862,1.0
2863,0.09117163107684048
2864,0.054432774508470054
2865,0.04307709003129441
2866,0.0982831206789639
2867,0.0741912429641371
2868,0.1288218559591506
2869,0.03575311777863355
2870,0.04365434552453674
2871,1.0
2872,0.1515304536805773
2873,0.24764200658323893
2874,0.07239113282243945
2875,0.01348303207176041
2876,0.31793158386499193
2877,0.12872885804784184
2878,1.0
2879,0.05407260007739356
2880,0.9959947769909369
2881,0.9999999882286611
2882,0.11976683573006079
2883,1.0
2884,0.14040013899362744
2885,0.03006892032101664
2886,0.19176355095942635
2887,1.0
2888,0.1381048565562081
2889,0.049102593432655654
2890,0.2681567025342991
2891,0.6197886707388237
2892,1.0
2893,0.04087556936390231
2894,0.08389576980056249
2895,0.27742581023058455
2896,0.14368360461453242
2897,0.08710741997134115
2898,0.23689492213548816
2899,0.05056041690585655
2900,0.02058847858035593
2901,0.23225976535609144
2902,0.11169096591536525
2903,0.05667941118162679
2904,0.19599640991207748
2905,0.058365280274177145
2906,0.14065309780485685
2907,1.0
2908,0.2530648508927103
2909,1.0
2910,0.040612542137058665
2911,0.01613587318445447
2912,0.09382187935752465
2913,0.16649301308425776
2914,0.10005233686916501
2915,0.18459756122735022
2916,0.08309167897293994
2917,0.0275621725072402
2918,0.0483374626426797
2919,1.0
2920,0.44519134407766037
2921,0.18062663033572732
2922,0.3930983251521032
2923,0.0670634912286047
2924,0.2754038556211865
2925,0.012951937321858504
2926,0.2010707542370277
2927,0.13546220635545833
2928,0.03489821254934948
2929,0.124322086033368
2930,0.03060670759331781
2931,1.0
2932,0.7911245116992467
2933,0.6577610387223098
2934,0.16517882970428083
2935,0.09548887182057249
2936,0.09982762136378583
2937,1.0
2938,1.0
2939,1.0
2940,0.6759738561543666
2941,0.08534397248399844
2942,0.7257598871156048
2943,0.04680672032271297
2944,0.44767067646836134
2945,0.04840589251859683
2946,1.0
2947,0.2537776948681339
2948,0.4394652556376157
2949,0.11480856840468705
2950,0.20024805589000544
2951,0.10500025517605734
2952,0.2591380291669417
2953,0.09714171483580442
2954,0.48170578944058623
2955,0.05116771264845261
2956,0.983001935816158
2957,0.2507268625436671
2958,0.8254162836706375
2959,0.060336057138327535
2960,0.03272075524509771
2961,0.3081370985878592
2962,0.2565944529059449
2963,0.09336092072923613
2964,0.029347785673757922
2965,0.1536349806479377
2966,0.16850550979906354
2967,1.0
2968,0.595094671436443
2969,0.06952578583696
2970,0.2179725528527369
2971,1.0
2972,0.9206961023343567
2973,0.19399884100347006
2974,0.014959063739155717
2975,0.015122487060791142
2976,1.0
2977,0.04925291952339572
2978,0.1951342212105632
2979,0.23558768119074974
2980,1.0
2981,0.08862595532570293
2982,1.0
2983,0.03538547840922746
2984,0.19368895477482964
2985,0.1398228796295619
2986,0.33091135292474
2987,0.03228458447164363
2988,0.8068823263334923
2989,1.0
2990,0.7059693850117362
2991,0.6200669973252431
2992,0.038181783333654795
2993,0.10754841643910344
2994,0.040631770124254105
2995,0.17130890228667323
2996,0.021514825374122686
2997,1.0
2998,0.04150595986800754
2999,1.0
3000,0.2876055949125229
3001,0.043558580373151794
3002,0.023220388651649715
3003,0.1427763649344637
3004,0.20061663568730836
3005,0.12478614980575041
3006,0.16069247643295267
3007,0.31568417211438626
3008,0.053652953851949584
3009,0.19430280737030436
3010,0.4759072679438305
3011,0.08433400284263608
3012,0.24352094380907247
3013,0.05833028657128291
3014,0.07362584017447112
3015,0.21864829889237244
3016,0.13615493505502632
3017,0.22642364733209466
3018,1.0
3019,0.16002561432717247
3020,0.023022887640563816
3021,0.5009278689060317
3022,0.05817371643086926
3023,0.04647664798151078
3024,0.07004196170208442
3025,0.07590756188088674
3026,0.9998115685977553
3027,0.9304209456028245
3028,1.0
3029,0.9097445472847832
3030,1.0
3031,1.0
3032,0.08577716247408075
3033,1.0
3034,1.0
3035,0.09365683237676485
3036,0.7456007264255559
3037,0.04396438845575538
3038,0.4417995834618135
3039,0.08540475780856152
3040,0.02889869977354644
3041,0.022040501818454784
3042,0.31408220147741417
3043,0.04415390338029865
3044,0.06154838988748555
3045,1.0
3046,0.07225301738244252
3047,0.21858260141803737
3048,1.0
3049,0.27991080201108653
3050,0.23903050591635708
3051,0.2999407974705078
3052,0.14114295984397657
3053,0.04305982837637861
3054,0.5450469297816072
3055,0.9991149986895576
3056,0.0910864823650331
3057,1.0
3058,0.0538427008011637
3059,0.017318537285453895
3060,0.09554307027717122
3061,0.07967952855063046
3062,0.5048803398685721
3063,0.4225278397269491
3064,0.08625746649661366
3065,0.04238526296389469
3066,0.13521004408858014
3067,0.9926926500464115
3068,0.2974391316316696
3069,1.0
3070,0.07485706673633721
3071,0.22581276727538366
3072,0.03101002140641435
3073,0.0316123883219804
3074,0.034591254989271666
3075,0.8534322986979724
3076,0.04715161075692143
3077,1.0
3078,0.1006094523851383
3079,0.026111252283357787
3080,1.0
3081,0.3702489998007302
3082,0.021744802568096844
3083,0.03711819233721195
3084,0.014522834061835072
3085,0.17112499343147947
3086,1.0
3087,0.11998485999287337
3088,0.025916315107695282
3089,0.06455162441219406
3090,0.034493014548034655
3091,0.40804143215435257
3092,0.19196943334900776
3093,1.0
3094,0.07239113282243945
3095,0.07272721960541013
3096,0.22642364733209466
3097,0.05308010142427299
3098,0.6485417132621268
3099,1.0
3100,0.1338534266943845
3101,0.35927103368751917
3102,0.9526925982583113
3103,0.17758130968877453
3104,0.8513780130487427
3105,1.0
3106,0.03179546808043324
3107,0.07492983365724944
3108,0.039417339278454394
3109,0.05977143327993628
3110,0.08323213150662512
3111,1.0
3112,0.07597469071121264
3113,0.14982195012924587
3114,0.996089125643878
3115,1.0
3116,0.024973216127717367
3117,0.04349389431815106
3118,0.5963156175328522
3119,1.0
3120,0.07462026175858508
3121,0.018038931250647983
3122,0.025571030825530344
3123,1.0
3124,0.05420641904586682
3125,0.3216686507288823
3126,0.29206097789448227
3127,1.0
3128,1.0
3129,1.0
3130,1.0
3131,0.4214333908405915
3132,0.9929802844677553
3133,0.09432648966864518
3134,0.03523653519574674
3135,0.22076406439026572
3136,0.14267022073535013
3137,0.09598867450117371
3138,0.09507239228577655
3139,0.10745026171813929
3140,0.012609161397132362
3141,1.0
3142,0.4363489505631588
3143,0.03391149938527064
3144,1.0
3145,1.0
3146,0.015291841017693411
3147,0.8973751742154774
3148,0.15293943367808083
3149,0.03493044564145271
3150,0.04188764215832419
3151,0.017844561999436112
3152,0.0322000890212172
3153,0.022958998830220713
3154,0.22687857015287777
3155,1.0
3156,0.02282604067464626
3157,0.034773174363095995
3158,0.11800892794767343
3159,0.06305417805385621
3160,0.18676115746102012
3161,0.29879588445104294
3162,0.11511284688797646
3163,1.0
3164,0.05958566885311856
3165,0.15061877252660166
3166,0.09619380233327204
3167,0.07170137274827203
3168,0.017430892202870665
3169,0.02058847858035593
3170,0.033348485569317465
3171,0.1928244201140534
3172,0.025507957548819116
3173,0.09030963135210891
3174,0.7707493081116898
3175,0.2823462731877353
3176,1.0
3177,0.07202709705738253
3178,0.08189811791061008
3179,0.03461558515891879
3180,0.027259847445662094
3181,0.160611787958581
3182,0.08220287479408302
3183,0.5963134653217482
3184,0.08982988186864725
3185,0.2625028711454183
3186,1.0
3187,0.06025939404657091
3188,0.048908947101243105
3189,0.17130890228667323
3190,0.13571108458132897
3191,1.0
3192,0.7020385701849312
3193,0.029819264279234863
3194,1.0
3195,0.9948935844489747
3196,0.01658851063038793
3197,0.17520037682338546
3198,0.08151588352033387
3199,0.024938126298144278
3200,0.026634091465228445
3201,0.4062789532422173
3202,0.18082696054190572
3203,0.043138410524357226
3204,0.02905655893243037
3205,0.05087726477673898
3206,0.03156258352747373
3207,0.03796546418186579
3208,0.12684396622078403
3209,0.017325666702252975
3210,1.0
3211,1.0
3212,0.12802145341890264
3213,0.06395039693701404
3214,1.0
3215,0.014729522064593588
3216,0.09537102164236327
3217,0.15661894349732977
3218,0.025435984742231122
3219,0.13165039699928863
3220,1.0
3221,0.028295897587365716
3222,0.1126844929585723
3223,0.43341277960909236
3224,0.08807814159653202
3225,0.07482732996594348
3226,0.21233564274796576
3227,1.0
3228,0.08934890397203521
3229,0.08525312478641577
3230,0.028641503378828523
3231,0.1592811205964745
3232,0.9846795730482716
3233,0.20323963247472646
3234,0.10338921849569924
3235,0.19262488580327836
3236,1.0
3237,0.19814581631864295
3238,0.4350190689432982
3239,0.1517232784795312
3240,1.0
3241,0.1708138852873472
3242,0.3095813603219354
3243,0.035696689042764566
3244,0.01645653091088055
3245,0.017751499059356916
3246,1.0
3247,0.04637659510306744
3248,0.18237988286637583
3249,0.026992272047291495
3250,0.07265415827979389
3251,1.0
3252,1.0
3253,0.08836413480143486
3254,0.3181139753565466
3255,0.06510064571800832
3256,0.05901648091433539
3257,0.6707584908776937
3258,1.0
3259,0.04087556936390231
3260,0.10202393601334138
3261,0.0320405461877421
3262,0.4795286579138017
3263,0.07000980658708966
3264,1.0
3265,0.3817773201938424
3266,1.0
3267,0.05090454695009543
3268,0.04605144808838854
3269,0.20439840031334408
3270,0.18734533447674592
3271,0.04493626593725165
3272,0.1659764655041432
3273,0.5790962894080356
3274,0.8923410126260428
3275,1.0
3276,0.03482853318886762
3277,0.02925243579951704
3278,1.0
3279,0.09277958494747524
3280,0.04440614119158439
3281,0.20589659594793097
3282,0.05294326037391131
3283,0.4336840406156653
3284,0.17588778855116088
3285,1.0
3286,0.40224979056097543
3287,0.035046236232115766
3288,0.013224870904215012
3289,1.0
3290,1.0
3291,0.11934925497229039
3292,1.0
3293,0.2889176769594204
3294,0.154182274674359
3295,0.14766847767754993
3296,1.0
3297,0.18060141291058304
3298,0.023165210367463444
3299,0.1524780669356516
3300,0.04440903346088973
3301,0.10441627942920712
3302,0.9999999999626998
3303,0.03498110902926805
3304,1.0
3305,0.06903672703539444
3306,0.1951832541813444
3307,0.10556441894830156
3308,0.042419365320667236
3309,0.7438701809136278
3310,0.02847056343976928
3311,0.15812516113474442
3312,0.04902838181985593
3313,0.3439822589126366
3314,0.0818625815854495
3315,0.02956262332719753
3316,0.19344033447732575
3317,1.0
3318,0.15072111744770592
3319,0.8196188479127332
3320,0.10743477310124529
3321,0.1106852420881086
3322,1.0
3323,0.04803392073510569
3324,0.044763498348102594
3325,0.06266157993282544
3326,0.02390864862060956
3327,0.14571683636067656
3328,0.09327867145092636
3329,0.07194930006506953
3330,0.1850300700091058
3331,0.2283482868060321
3332,1.0
3333,0.10392077233373141
3334,1.0
3335,0.027634317749092575
3336,0.2345291886654312
3337,0.08525312478641577
3338,0.3388755325664045
3339,0.017452466453467225
3340,0.12676012527168676
3341,1.0
3342,0.2216622261776321
3343,0.35142938884625585
3344,0.39906909486003406
3345,1.0
3346,0.30132290024119374
3347,1.0
3348,0.7161620424880618
3349,0.16151233518232794
3350,0.017250478676205085
3351,0.046251404155068614
3352,0.24874458429643007
3353,0.08102768846887021
3354,1.0
3355,0.11002697588630575
3356,0.7794015560113552
3357,1.0
3358,0.15854515179647094
3359,0.45930271262735367
3360,1.0
3361,1.0
3362,1.0
3363,0.2344766959814758
3364,0.6541012196321994
3365,1.0
3366,1.0
3367,0.2861947142857433
3368,0.14762736764650425
3369,0.024550959712952198
3370,0.6409204131442982
3371,0.6516141255732343
3372,1.0
3373,0.05788805362529499
3374,0.10351702726802518
3375,0.2525611613714357
3376,0.4564949187020445
3377,0.1307567436268633
3378,0.10723847511234401
3379,0.08995149921584643
3380,0.02305327844564876
3381,0.040649830859338855
3382,0.8225202360932955
3383,0.13904152713414591
3384,0.6394614372102985
3385,0.09828571086923991
3386,1.0
3387,0.9930275353465535
3388,1.0
3389,0.03114001494477902
3390,0.16480234806030863
3391,0.353153821290739
3392,1.0
3393,0.2088521005097722
3394,1.0
3395,0.06097385401321096
3396,0.05785184284482018
3397,0.21200717038431435
3398,0.20324404622195424
3399,0.05749419061447141
3400,1.0
3401,1.0
3402,1.0
3403,0.05555716292831387
3404,0.29758685379937644
3405,1.0
3406,0.14068488143645927
3407,1.0
3408,1.0
3409,0.38008736271685223
3410,0.06023514373707925
3411,0.02693297950337895
3412,0.011103585342136414
3413,0.0495028979599413
3414,0.15230330402123443
3415,0.07147951286964059
3416,0.17291031787375596
3417,0.02363883260397787
3418,0.03717516315260435
3419,0.037515798248844455
3420,0.03866275199080351
3421,0.10632927067733128
3422,0.8081568215558372
3423,0.014808588566117175
3424,0.3911540123648948
3425,0.3946262891571572
3426,0.2289414077761814
3427,0.23350275268869344
3428,0.03611388251030419
3429,1.0
3430,0.3440194443785276
3431,1.0
3432,0.0851662257365314
3433,1.0
3434,0.08633852979772791
3435,0.044022945631472174
3436,0.3228554393727461
3437,1.0
3438,1.0
3439,0.1391706226913395
3440,0.034205107316107417
3441,0.07413797994319625
3442,0.1343809168556973
3443,0.31775024152409787
3444,0.031215164995844442
3445,0.1002445069490817
3446,1.0
3447,0.1457836647409703
3448,0.9999039362720624
3449,0.06638674129613993
3450,0.06964995635963675
3451,0.2637539986975048
3452,0.16622357659302095
3453,0.2200573361268775
3454,0.020834699625724953
3455,0.6533680553746698
3456,0.14611540648982738
3457,0.09184999197519941
3458,1.0
3459,0.02972193766224075
3460,0.5216523711161228
3461,0.017794348612265035
3462,1.0
3463,0.014554968086639105
3464,0.2001710348005814
3465,0.028945405855003953
3466,0.019800221028836742
3467,1.0
3468,0.5598243717431943
3469,0.08657767026223405
3470,1.0
3471,0.05106820906295774
3472,0.021639172060348245
3473,0.03259566546479849
3474,0.10332242526648099
3475,1.0
3476,0.09157111893395779
3477,0.15311021916827347
3478,0.06693075556343307
3479,1.0
3480,0.1386756499194852
3481,1.0
3482,1.0
3483,1.0
3484,0.02069833463514735
3485,0.016324666020103934
3486,1.0
3487,0.3363879898825256
3488,0.05732794204358669
3489,0.37243606533281226
3490,1.0
3491,0.016512409310860034
3492,0.019929611702873835
3493,0.10952166033665577
3494,0.09631275806441329
3495,0.053766597315195806
3496,0.18180939891505848
3497,0.032883570049914254
3498,0.17343936635378768
3499,1.0
3500,0.1497836979985741
3501,0.06118771977742983
3502,0.2035161784079621
3503,0.9909292808479844
3504,0.11363535930444932
3505,0.1034847946405465
3506,0.11508490261446434
3507,0.24264920460430475
3508,0.10750088265440129
3509,0.2525905926694282
3510,0.7295956837150487
3511,0.16503711420493716
3512,0.09275736765169985
3513,0.09027514233891869
3514,0.6768301996629759
3515,0.29790217005778213
3516,1.0
3517,0.12040226578053634
3518,0.5723910772684923
3519,0.09429097947906624
3520,0.10376677264457801
3521,0.072723744243277
3522,1.0
3523,0.5991594385590122
3524,0.18488640985849789
3525,0.9162246930195439
3526,0.9182355498363183
3527,0.10763523988669992
3528,0.2786687819663215
3529,0.1237185076989146
3530,1.0
3531,0.03601973802858286
3532,0.3337690046855371
3533,0.03785537857805712
3534,0.05342300390982382
3535,0.09445702752094437
3536,0.3047506788059539
3537,0.09365683237676485
3538,0.08804588603099062
3539,0.1068748382256641
3540,1.0
3541,1.0
3542,0.05998594935901494
3543,1.0
3544,0.11764606230199104
3545,0.1925437713566817
3546,0.009193394550958649
3547,0.24746693031454828
3548,0.09232954793076477
3549,1.0
3550,0.07378717309726741
3551,0.07728025325851506
3552,0.034173519850036735
3553,0.2905269411716728
3554,0.1650559272784281
3555,0.6027127419766936
3556,1.0
3557,0.23533127098355622
3558,0.047373229453149424
3559,0.09703783280167616
3560,0.1380696134879039
3561,0.8826013655736885
3562,0.13926829329118878
3563,0.07073259019632275
3564,0.11511947434896169
3565,0.07102156673479872
3566,1.0
3567,0.031168779435245403
3568,0.06564594215238866
3569,0.09711232796761363
3570,0.03511408397542714
3571,0.08283184802514235
3572,0.24147408282412122
3573,0.10135492851126192
3574,1.0
3575,0.06081869874395986
3576,0.020642757352963798
3577,0.23545345373422435
3578,0.14570097559453732
3579,1.0
3580,0.9006298100961216
3581,0.07490648600720796
3582,1.0
3583,0.1330322678003127
3584,0.0227766736800669
3585,0.08777557669021054
3586,0.03663398742601
3587,0.08576758787999866
3588,0.03256827122816874
3589,0.3094594430243037
3590,0.11851200815605034
3591,1.0
3592,0.580286137454682
3593,0.025373235895276784
3594,0.061536381576959856
3595,0.031220704996278235
3596,0.9609043779013197
3597,0.06304275188345133
3598,1.0
3599,1.0
3600,0.2177171415958384
3601,0.06918355281296577
3602,0.12504947077026807
3603,1.0
3604,0.01997030534890735
3605,0.984654702287328
3606,0.1181817839913178
3607,0.15077632145286107
3608,0.05044236832930315
3609,0.06178223075553295
3610,1.0
3611,0.06883405458182626
3612,1.0
3613,0.3552689802322127
3614,0.059984842470461555
3615,1.0
3616,0.21186069473283892
3617,1.0
3618,1.0
3619,0.22082797029016843
3620,0.1875399043721757
3621,0.24235379015398228
3622,0.023782167661079975
3623,0.008122100007498587
3624,1.0
3625,0.07437050738073861
3626,0.028244724054199474
3627,0.016632243114319028
3628,1.0
3629,0.056648101538735535
3630,0.02604848691991286
3631,0.1370189958704958
3632,0.009356849990020172
3633,1.0
3634,0.1450293008029504
3635,0.18163325635625557
3636,0.671857019493464
3637,0.1426869198531361
3638,0.058988913872345464
3639,1.0
3640,0.22177683393706202
3641,0.0415361363701842
3642,0.13687643050017448
3643,1.0
3644,0.1662706240229147
3645,0.13306914450902674
3646,0.05773621104198276
3647,1.0
3648,0.12604645811256618
3649,0.8557382424069945
3650,0.5594371163628304
3651,0.016203196840117055
3652,0.24007732741533813
3653,0.10146710274270211
3654,0.3278751276107357
3655,0.19672146133101978
3656,0.019035314721330753
3657,0.17448403593912337
3658,1.0
3659,0.010351328316306068
3660,0.020400162803501456
3661,0.12037294237527303
3662,0.040920566841467984
3663,0.13239288234660992
3664,0.11351143220792995
3665,0.16064985220724112
3666,0.022184638544117175
3667,0.04079152147086868
3668,0.4063674670514387
3669,0.13905850509072973
3670,0.354898392772585
3671,0.050127444655244706
3672,0.02069833463514735
3673,0.06702803712213068
3674,0.09372097292281628
3675,1.0
3676,0.050820704381808135
3677,0.13436392947136366
3678,0.1265831108157297
3679,0.15290017661023142
3680,1.0
3681,0.13144205077773513
3682,0.05134870668135251
3683,0.08385366061900003
3684,0.15165243681548107
3685,0.08942137807890035
3686,0.06623949843596359
3687,0.1450344470801642
3688,0.1260347281597656
3689,0.099016750833783
3690,0.0718196807507384
3691,0.04898024546832327
3692,0.12284065952129891
3693,0.8908453055638323
3694,0.038940904231000786
3695,0.4957797000153709
3696,0.39624687765502803
3697,1.0
3698,0.2900178366073042
3699,0.049256111202196085
3700,1.0
3701,0.6746934202457224
3702,0.11384941699283266
3703,0.750980930247648
3704,0.21930428933523616
3705,0.16948438945024072
3706,0.09425007740384252
3707,0.1799616386837129
3708,1.0
3709,0.014812165372873297
3710,0.3131529516425328
3711,1.0
3712,0.9999999999999181
3713,0.05784222804312127
3714,0.03820253175958507
3715,0.057427522470444275
3716,0.0644344069787777
3717,0.02981080571174194
3718,0.024180761524833026
3719,0.5763428677768974
3720,0.1715728326619478
3721,1.0
3722,0.1747568802485289
3723,0.012278316858155678
3724,0.09460593116332139
3725,1.0
3726,0.19164026023505742
3727,1.0
3728,0.10220613847241473
3729,0.05485866068301246
3730,0.0825840420871726
3731,0.1200202368411119
3732,0.020642757352963798
3733,1.0
3734,0.03777402322243967
3735,0.013522868797945042
3736,1.0
3737,0.256580343404784
3738,0.0633115880489393
3739,0.03707905934007012
3740,1.0
3741,0.997403581015394
3742,0.12456003889229371
3743,0.04399158204874267
3744,0.13471648215057164
3745,1.0
3746,0.18481956795003773
3747,0.0833848790315116
3748,0.04582816590481552
3749,0.0362190943878361
3750,1.0
3751,0.5732119109426522
3752,0.19548862623490978
3753,0.030395317719709415
3754,0.1736354942911443
3755,0.13173710438822392
3756,0.18756781349971288
3757,0.9314702690658303
3758,1.0
3759,0.06834738957263996
3760,0.033416505871178254
3761,0.3502515956205124
3762,0.04540498317463253
3763,0.09857772808374951
3764,0.050802241015982415
3765,0.04414137836802344
3766,0.8010939606553646
3767,0.19767421500149404
3768,1.0
3769,1.0
3770,0.0497456378339788
3771,0.025637590061321932
3772,0.03029477461008585
3773,1.0
3774,0.02149949823465343
3775,0.7711751516117967
3776,0.044919455421649934
3777,0.3223339425107378
3778,1.0
3779,1.0
3780,0.28484171437378
3781,0.01135895184678258
3782,1.0
3783,0.5420058339927577
3784,0.06809172143154049
3785,1.0
3786,0.09824593729327534
3787,0.08101343189168747
3788,1.0
3789,1.0
3790,1.0
3791,0.2332752989518079
3792,0.2188959851285074
3793,0.011294690660133114
3794,0.9983328807283266
3795,0.017175120391393007
3796,0.1263891360758908
3797,0.24163890105451483
3798,0.14381390265298252
3799,0.09693585636698618
3800,0.013711839776013349
3801,1.0
3802,0.05196984602311202
3803,0.0718196807507384
3804,1.0
3805,0.5103579674526013
3806,0.12565995502085195
3807,1.0
3808,0.03373747027002646
3809,0.3187490422006422
3810,0.6287365959024618
3811,0.2337950456780318
3812,1.0
3813,1.0
3814,0.03428800687449943
3815,1.0
3816,0.13308808768881009
3817,1.0
3818,0.0836054004775238
3819,0.1617577846659307
3820,0.06767266239986135
3821,1.0
3822,0.9693741497368961
3823,0.07893861990401786
3824,0.1342725591799601
3825,1.0
3826,1.0
3827,1.0
3828,0.02800247105347299
3829,0.8232160276288858
3830,0.19479665444125105
3831,0.10727667175311846
3832,1.0
3833,0.1840618043278898
3834,0.04530748651973271
3835,0.030673586204248267
3836,0.1699167252604948
3837,0.05951777850205702
3838,0.12645782883744944
3839,0.04518972708592337
3840,0.8671349985941226
3841,1.0
3842,0.060491176049282856
3843,0.27436621293343977
3844,0.02838643835299001
3845,0.11069748279216647
3846,1.0
3847,0.06903672703539444
3848,0.8158825938148976
3849,0.48272668394391033
3850,1.0
3851,0.06389848607666558
3852,0.07154784519678499
3853,0.3136638021076934
3854,0.07386429667126422
3855,0.2029371710108657
3856,0.08749259449042389
3857,1.0
3858,1.0
3859,1.0
3860,0.06084404171916133
3861,0.04803392073510569
3862,0.0284495974783171
3863,0.10364400058037045
3864,0.02716486043213654
3865,1.0
3866,0.031291673990046405
3867,0.05457760364016014
3868,0.10333686995543195
3869,0.2847948451602214
3870,0.032254711323709065
3871,1.0
3872,0.3304828331797648
3873,1.0
3874,0.19557598288687814
3875,0.027781047306887702
3876,0.014309086366266908
3877,0.34025469475053827
3878,0.0431071223051219
3879,0.3095135205748453
3880,0.3659265046027955
3881,0.5832950414981404
3882,0.09916314096128745
3883,0.33666400225294996
3884,0.03295163046001227
3885,1.0
3886,0.09732676078291891
3887,0.12971161466422043
3888,1.0
3889,0.05685800074898017
3890,0.19607578488663566
3891,0.02915346643554695
3892,0.03188484673776063
3893,0.438137782586812
3894,0.05126815321200389
3895,0.8652517166274503
3896,0.23182174373972086
3897,0.024006926455602776
3898,0.07763192116043319
3899,1.0
3900,0.3016412284394664
3901,0.10845446502833364
3902,0.02509490709737232
3903,1.0
3904,1.0
3905,1.0
3906,1.0
3907,0.27676816865169473
3908,0.13550620785988646
3909,1.0
3910,0.04244965777071737
3911,0.021505850380486167
3912,0.10955110746299154
3913,0.35651458209644044
3914,0.09268189664867514
3915,0.07753896071620923
3916,0.09085939477063337
3917,0.028751523995800405
3918,1.0
3919,1.0
3920,0.09433231239262628
3921,1.0
3922,0.13906677164960207
3923,0.019758716514345055
3924,0.7407705612462184
3925,0.10840803552897976
3926,0.10121323117486176
3927,0.19705561035840988
3928,0.06539278030247746
3929,0.041614538196684245
3930,1.0
3931,0.49442138399530483
3932,0.2871525176050135
3933,0.5948345576565404
3934,0.040496178541989024
3935,0.8428850527848495
3936,0.07836176285939714
3937,0.07353092242462496
3938,1.0
3939,0.07835009918533312
3940,1.0
3941,0.9867237655975436
3942,1.0
3943,0.02646340751028289
3944,0.042593199059699265
3945,0.12047970436557401
3946,0.2785845988468238
3947,0.912259332341089
3948,0.16083433172979372
3949,1.0
3950,0.35837979201241815
3951,0.038683212242955886
3952,0.021343308322111284
3953,0.06758485594515383
3954,0.2903144051286121
3955,0.04680672032271297
3956,0.09192377441456329
3957,0.15668382104833184
3958,0.135511264449011
3959,0.015622600620178041
3960,0.04496477838790271
3961,0.14571683636067656
3962,0.8749563570798824
3963,0.11393542613974315
3964,0.030442166567607155
3965,0.26711251852982715
3966,0.5544353037624201
3967,0.5126494681270904
3968,0.06277664150251688
3969,0.30008785639331476
3970,0.0921909532773893
3971,0.06187062789858536
3972,0.21728093938986778
3973,0.11168942725845836
3974,0.15265810197848373
3975,0.2088521005097722
3976,0.3122914343705609
3977,0.14733043957185252
3978,0.1946766713465455
3979,0.08192994865028018
3980,0.050327939422836185
3981,0.03212580355687459
3982,0.26407348987812296
3983,0.21920541490441248
3984,0.026559665926297774
3985,1.0
3986,1.0
3987,0.1265095376443167
3988,0.3370639561162588
3989,1.0
3990,0.3881975584089341
3991,0.05661718782635579
3992,0.0392293028918348
3993,1.0
3994,0.09589286975101051
3995,0.19484989915819792
3996,0.934452728761313
3997,0.09319660124765246
3998,0.4126236737882049
3999,0.22016410789290727
4000,0.017220558524265038
4001,0.5409753434610228
4002,0.134276585414911
4003,0.05550129787150526
4004,0.07115729159693819
4005,0.012507733127814535
4006,0.27809009590088385
4007,0.08812949348919194
4008,0.05519516227831513
4009,0.3015108321619366
4010,0.10918166158068618
4011,1.0
4012,0.4151030316008221
4013,0.24861485023042765
4014,0.05418197042008961
4015,0.685333975447893
4016,0.10013817748145333
4017,1.0
4018,0.006590966651794327
4019,1.0
4020,0.1486579468690669
4021,0.03702937403170359
4022,1.0
4023,0.031657928661909314
4024,1.0
4025,0.02508427408122274
4026,0.11459721959164341
4027,0.1403560594401581
4028,0.09887649561641897
4029,0.0766780029483174
4030,0.36487718620824017
4031,0.08013045414070089
4032,1.0
4033,0.02069833463514735
4034,0.021845122792519305
4035,0.0626422035628324
4036,0.07938186984478598
4037,0.09567479439705537
4038,0.15748267546588757
4039,0.06917508460491523
4040,1.0
4041,1.0
4042,0.05030020906772028
4043,1.0
4044,0.07203588738100888
4045,0.3233129657294675
4046,0.843495927575444
4047,0.1512044055573881
4048,1.0
4049,0.20439840031334408
4050,0.13446914412703992
4051,0.023637808087835124
4052,0.18812045347352918
4053,0.04792491556541828
4054,0.9532946478169526
4055,0.11960791457126371
4056,0.035359697144612325
4057,0.6591019282929671
4058,0.9197983178984556
4059,0.09615739480570884
4060,0.23226422182867248
4061,0.13396607348437917
4062,0.983535074920051
4063,0.9998386689436005
4064,0.06558866739287961
4065,0.13133831192591006
4066,1.0
4067,0.08496575087682616
4068,0.32035893054252884
4069,0.23419475657943303
4070,0.03520528104537635
4071,0.3537528112172778
4072,0.08942150538886509
4073,0.03737487664846293
4074,0.18463790818141468
4075,0.018435975956351505
4076,0.3071957779766664
4077,0.21005175506427534
4078,0.015736714457301834
4079,1.0
4080,0.14457887104653724
4081,0.9657925026385641
4082,0.06760456669945387
4083,0.039867491850488754
4084,0.07806823200327404
4085,0.014357381670731242
4086,0.34659967945824527
4087,1.0
4088,0.229148169828304
4089,0.22782375765062246
4090,0.14393963317072792
4091,0.9679409871595503
4092,0.07631212981714534
4093,0.029098528017290955
4094,0.020012245246131134
4095,0.45110757379826555
4096,0.05939503460873259
4097,0.26998952397784587
4098,0.2625028711454183
4099,0.11752315414328791
4100,0.027976445626170816
4101,0.15452114823788127
4102,0.2342032552209014
4103,0.19055997075175887
4104,0.08465911962560967
4105,0.5392921312764135
4106,0.046264498903808626
4107,0.05528479131146326
4108,0.880294693416007
4109,0.1065833291717857
4110,0.1452521981123823
4111,0.04881865236585051
4112,0.05539547919907433
4113,0.02124710601454121
4114,0.8279715246289497
4115,0.14917330862773745
4116,0.5504311297627904
4117,0.2893822024901952
4118,0.0626544132584137
4119,0.1998857453698215
4120,0.4931678390430681
4121,1.0
4122,0.060005091619199855
4123,0.10516824354953865
4124,1.0
4125,1.0
4126,0.07325608573908529
4127,0.08375339185795554
4128,0.013886776843364337
4129,0.2889176769594204
4130,0.07723413401915792
4131,1.0
4132,0.053557845937057445
4133,1.0
4134,0.04578733444144015
4135,0.5809402272973133
4136,0.06744602421994082
4137,0.06570630290479686
4138,0.03684419012711313
4139,0.10049891768518945
4140,1.0
4141,0.40432316665417484
4142,0.06336448001456998
4143,0.042783372781978385
4144,0.1835964812929392
4145,1.0
4146,0.29149160917393646
4147,1.0
4148,0.0644675909504823
4149,0.04866596377016318
4150,0.3346231613866869
4151,0.01799606945324582
4152,0.2684626127345335
4153,1.0
4154,0.042416666388086444
4155,0.03381876394298917
4156,0.05297158857569931
4157,0.1005303245823465
4158,0.5665318797967456
4159,0.01863313486738012
4160,1.0
4161,0.11146693418721716
4162,0.22769039204750058
4163,0.2228378582907454
4164,0.1815710080325826
4165,0.1323598791293896
4166,0.038181783333654795
4167,1.0
4168,0.04834702798524827
4169,0.14405997949803076
4170,1.0
4171,0.6405941226805967
4172,0.3043822076114801
4173,0.0498110541300819
4174,0.060218592888657385
4175,0.23347433853079214
4176,0.06460460236655777
4177,0.1667300214440668
4178,0.12197512053527688
4179,0.11680353287248524
4180,0.0791915593758184
4181,0.07156346723612486
4182,0.17834980872616166
4183,0.0822262400703116
4184,0.10913364672223856
4185,0.032110850711525994
4186,0.02243327090745378
4187,0.21551266624471987
4188,0.29611882616189983
4189,0.05111279975874692
4190,1.0
4191,0.042393100503886526
4192,0.03680679220153947
4193,1.0
4194,0.34665138119345146
4195,0.4995471996772949
4196,0.12269069755866793
4197,0.015852072883594706
4198,0.06924565559213214
4199,0.03678812857929749
4200,0.07224684207228727
4201,0.34026573856206743
4202,0.17363905302623794
4203,0.6273964208215963
4204,0.15847205490730082
4205,0.06774663937972168
4206,0.28407758959637286
4207,0.03348003588624629
4208,0.17130890228667323
4209,0.06905854532694158
4210,1.0
4211,1.0
4212,1.0
4213,0.1603670589815686
4214,0.17423000765916224
4215,0.038409831132848536
4216,0.022897932540456932
4217,0.01553925647068117
4218,0.10201625595977756
4219,0.09761623729307622
4220,0.2797673897692699
4221,0.04397116948387154
4222,1.0
4223,0.04641014129110049
4224,0.03806139942799547
4225,0.520729677750717
4226,0.15318480605823065
4227,0.01880599147209702
4228,0.19448245597784417
4229,0.07746915580601499
4230,1.0
4231,1.0
4232,1.0
4233,0.31614790408406834
4234,0.16679169184161818
4235,0.9987809242600034
4236,1.0
4237,0.06369927355090475
4238,0.04359079032180748
4239,0.027437133062153892
4240,0.15302411881039588
4241,0.15032987265984316
4242,0.2985892966152411
4243,1.0
4244,0.07170302083100391
4245,0.03708782842923138
4246,0.04248907773085441
4247,0.1571456497878634
4248,0.8165399950847743
4249,1.0
4250,0.023575549840945894
4251,0.20683766617973276
4252,0.19297852915222946
4253,0.025280071853110743
4254,1.0
4255,0.08190912247507519
4256,0.08818926913397297
4257,0.15625633453138887
4258,0.08325880699957107
4259,0.111220869190353
4260,0.024378496482003787
4261,0.016202730956534208
4262,1.0
4263,0.08440942746479978
4264,0.156926581748888
4265,0.11333898560017917
4266,1.0
4267,1.0
4268,0.09129820447282071
4269,0.058915972605368565
4270,1.0
4271,0.05978490661433888
4272,0.1702422225983403
4273,1.0
4274,0.23336037467387247
4275,0.16877481678978348
4276,0.3469966205305796
4277,0.04062000330210727
4278,0.030791165223772385
4279,0.06890911701993403
4280,0.09734829927247292
4281,0.04807515748954174
4282,1.0
4283,1.0
4284,0.18176595963412598
4285,1.0
4286,0.08583015263953844
4287,0.098422382388809
4288,1.0
4289,0.034781657531434175
4290,0.28740455786405583
4291,0.0770635930010159
4292,0.03435332048247943
4293,0.08547976655348287
4294,0.15414798870690727
4295,0.08820124466249601
4296,0.04567412418634906
4297,0.16366154647638176
4298,0.0574165443650806
4299,0.9972308324820094
4300,0.24101739527462723
4301,0.15668382104833184
4302,1.0
4303,0.051309160400142544
4304,0.11667752132489351
4305,0.23932678489412174
4306,0.32386635948683956
4307,1.0
4308,0.32272972352189744
4309,1.0
4310,0.46890300824626274
4311,0.4561895228287858
4312,0.10298175616502935
4313,0.1288516502882577
4314,1.0
4315,0.019313090262097734
4316,0.10445895206447116
4317,1.0
4318,0.030415172621146434
4319,0.025203753440195573
4320,1.0
4321,0.584200621233231
4322,0.999999999994343
4323,1.0
4324,0.06043683315890884
4325,1.0
4326,0.3412052382514569
4327,0.2544927918032238
4328,0.2836097196182423
4329,0.09639124511845788
4330,0.13173996305412566
4331,1.0
4332,0.04234051815794153
4333,0.15827793162449666
4334,0.10356129993503856
4335,0.03262027627175624
4336,0.028495507931187845
4337,1.0
4338,0.023223925913387823
4339,1.0
4340,0.11823296685908988
4341,0.3223339425107378
4342,0.4820957091909428
4343,0.6571534106669467
4344,0.055855138217270305
4345,0.16201768850142245
4346,0.2632908473026451
4347,0.5215766898832205
4348,0.09774753484738584
4349,0.06801787287104866
4350,0.9010969667047217
4351,0.06510064571800832
4352,0.7395959801713412
4353,0.042543029629197524
4354,0.10393529604125723
4355,1.0
4356,0.1672099896532558
4357,0.28254567663076813
4358,0.2636423360863907
4359,0.10321847979176957
4360,0.16224956621528633
4361,0.06834152347865595
4362,0.5676685724820917
4363,0.11922436198733702
4364,0.14605108407455783
4365,1.0
4366,0.06871002690509588
4367,0.219389347036865
4368,0.013196963835040258
4369,0.1280057315884974
4370,0.1061234145385734
4371,1.0
4372,0.013391291869371257
4373,0.02790349516886981
4374,0.03892708716333801
4375,0.06107522665413838
4376,0.9436085144716251
4377,0.17450970573195904
4378,0.04290146428807236
4379,0.08151402969584443
4380,0.08480397716671463
4381,0.025439801388145934
4382,0.09623143774644959
4383,0.2833040964226454
4384,0.055922871577013054
4385,0.6477471789234213
4386,0.8759670496861387
4387,0.031446466188312185
4388,0.032454780618195435
4389,0.1238652632642844
4390,0.2019450632308513
4391,0.6448584944069098
4392,0.2457939968280843
4393,0.07349343969639123
4394,0.07220698896718312
4395,1.0
4396,0.07708170598572438
4397,0.06855259531276182
4398,0.04834702798524827
4399,0.02604848691991286
4400,0.315769388231397
4401,0.14281211262041354
4402,0.35808107423675883
4403,0.11716158378313803
4404,0.1181178016613668
4405,0.04467944045472948
4406,0.9839322199969114
4407,0.4886652980603343
4408,1.0
4409,0.08300705287489775
4410,0.3140479993484888
4411,0.010118873469700583
4412,0.24005324191442234
4413,0.02007693056828913
4414,0.22082797029016843
4415,0.080589423962425
4416,0.4073366535144207
4417,0.4211966095520808
4418,0.019502550891471734
4419,0.030090541234133104
4420,0.16237091740268078
4421,0.022909792933042312
4422,1.0
4423,0.028573609446585525
4424,0.1498291076988596
4425,0.16123636082961174
4426,0.09027514233891869
4427,1.0
4428,0.05939503460873259
4429,1.0
4430,0.06049949373126995
4431,0.18613833788585768
4432,0.08321783111237624
4433,0.11036684970799236
4434,0.13906387932295075
4435,0.6837410293766919
4436,0.021727735167731778
4437,0.0537838684580969
4438,0.18845165832103938
4439,0.47029299257604074
4440,0.06649563380612794
4441,0.04898024546832327
4442,0.058018617328139066
4443,0.0664360735131624
4444,1.0
4445,0.0949032489912931
4446,0.054841555981450636
4447,1.0
4448,0.02829046653689531
4449,0.1981533452797463
4450,0.013473347986122158
4451,0.1276366890310657
4452,0.5057475610700711
4453,0.023389302726003536
4454,0.928838309386888
4455,0.16895944432993068
4456,1.0
4457,0.998790036788863
4458,0.11176662884726
4459,0.11207704300998164
4460,0.16455731043439495
4461,1.0
4462,0.09093314687223705
4463,0.23782481784013668
4464,0.12136318592531012
4465,0.05916289834311928
4466,1.0
4467,0.4463997578000676
4468,0.07437050738073861
4469,1.0
4470,0.18985031097411173
4471,0.17500285562263615
4472,1.0
4473,0.20807202017380855
4474,0.9401146809707598
4475,0.08008713645639805
4476,0.15139029283384142
4477,0.0660512617339935
4478,0.03690509335288111
4479,0.42665697243936546
4480,0.3078447208480861
4481,0.051609941013466894
4482,0.027024620651179897
4483,0.13649002450017786
4484,0.12288634531507876
4485,0.22358110508621534
4486,0.11678378157317658
4487,1.0
4488,1.0
4489,0.2613867384481946
4490,0.5026270047675896
4491,0.09498070813582454
4492,0.6991070609795764
4493,0.10407734146680002
4494,0.054148687046251295
4495,0.28109786260466685
4496,0.12922368536097828
4497,0.06327424333852012
4498,0.0592179714730301
4499,0.04986464198659824
4500,0.11085267141490404
4501,0.06365406462447819
4502,0.12476912408138699
4503,0.03439633986251172
4504,0.032522384920364474
4505,1.0
4506,0.07477646960003219
4507,0.06878759815036092
4508,1.0
4509,1.0
4510,0.12152839298746027
4511,0.260543231663221
4512,0.3564236922038282
4513,0.17200692043814955
4514,0.03262584374618479
4515,0.04004799876136321
4516,1.0
4517,1.0
4518,0.03199278295601963
4519,0.09107559551215613
4520,0.09073363175176641
4521,0.06201674506491855
4522,0.010688001165193308
4523,0.8150017974790327
4524,0.05409415715168266
4525,0.047030976009324765
4526,0.10332242526648099
4527,0.1863933030602173
4528,0.6472043710723294
4529,1.0
4530,0.05655147560481051
4531,0.02621110294076658
4532,0.2303679662252019
4533,0.22120172267235283
4534,0.03390391321027627
4535,0.10880120261003817
4536,0.06765001199113455
4537,0.32000399443873057
4538,0.025191453784183575
4539,0.15642727964156067
4540,1.0
4541,0.11675260544480465
4542,0.02688852303665604
4543,0.18844499015735
4544,0.09525310644794031
4545,0.09973729623571545
4546,0.9999968067143731
4547,0.19041195245627765
4548,0.03978789961207229
4549,0.2035161784079621
4550,0.37391003456112837
4551,0.06361611418633066
4552,1.0
4553,0.049896604817359066
4554,1.0
4555,1.0
4556,0.09830743846335636
4557,0.42139825813623494
4558,0.043362048943228725
4559,1.0
4560,1.0
4561,0.03425425057145417
4562,0.064530220254541
4563,0.06472253060661312
4564,0.08081988467731281
4565,0.08166682171994631
4566,0.034205107316107417
4567,0.12117276824142782
4568,0.025361955694615395
4569,0.8981531357724958
4570,0.03444458941829929
4571,0.5179926889343598
4572,0.03078403467086669
4573,0.06002800004372616
4574,0.04234315634042785
4575,0.20656630261784714
4576,0.16253840682792195
4577,0.44886616397814866
4578,0.2614522745027132
4579,0.039478753181745
4580,0.11188454132738856
4581,0.23030707008832677
4582,0.18114172213900848
4583,0.13872568503297256
4584,0.13097664243206772
4585,0.2625028711454183
4586,0.40075766041446564
4587,1.0
4588,0.056262262046281895
4589,0.1948631173013585
4590,0.12397740040997171
4591,0.15114889308048596
4592,1.0
4593,0.012828947444465486
4594,0.029938106275482566
4595,0.9954599329245745
4596,0.04607028633677704
4597,0.01064676650820458
4598,0.1407928143914688
4599,1.0
4600,0.24709568229668974
4601,0.03157472634885884
4602,1.0
4603,0.3918969717413652
4604,0.34362052990408065
4605,0.019125803992678492
4606,0.5379798630347954
4607,1.0
4608,0.11114900463331188
4609,0.05241369064021941
4610,0.03796546418186579
4611,0.06515639175349708
4612,1.0
4613,0.9986283738342652
4614,0.2848467582834918
4615,0.07716991357369725
4616,0.3778824210524927
4617,0.7546140343892924
4618,0.22896437148220478
4619,0.42303999678177334
4620,0.35340289249991585
4621,0.10125474279214315
4622,0.9380305969247202
4623,0.3101651676237673
4624,0.10256890399894464
4625,0.2572771367228647
4626,0.6003044038843841
4627,1.0
4628,0.11187390407921821
4629,0.1275324734325554
4630,1.0
4631,0.05151781550490071
4632,0.10732987600181138
4633,1.0
4634,0.0645004767538317
4635,1.0
4636,0.3490813750769384
4637,1.0
4638,0.48673266726336545
4639,0.13523534534617956
4640,0.036929914466849664
4641,0.9399957185125906
4642,0.06727748751176223
4643,0.03786295218220819
4644,0.03642583985247597
4645,0.03668027958329596
4646,0.2299047688148196
4647,0.011747852782118824
4648,0.04626263807257588
4649,0.07207301970836592
4650,0.057475800381087454
4651,0.04714248612995059
4652,0.0658927302194058
4653,1.0
4654,0.11865493982331839
4655,0.03453403329312285
4656,1.0
4657,0.3006540986859622
4658,0.02427407529437653
4659,0.035022941416374076
4660,0.12065020199496015
4661,0.9982994317370701
4662,0.33015399031223247
4663,0.3584735183986424
4664,0.08521257449181997
4665,0.09085243644915293
4666,0.1789178951376955
4667,0.4310875004228807
4668,0.22201294083763112
4669,0.13421087995108333
4670,0.1496203953898452
4671,0.10164436982667951
4672,0.056621958122989764
4673,0.17036483050689127
4674,0.13282755480762504
4675,1.0
4676,0.06940869978863239
4677,0.6638695259617122
4678,0.27007196927957433
4679,0.30581226182103083
4680,0.03758761916174551
4681,0.8823999082563883
4682,0.336434623595906
4683,0.14875393685759153
4684,0.08775208123589355
4685,0.40241551213010257
4686,0.19014931071768507
4687,1.0
4688,0.6240337276675806
4689,0.034249669541299474
4690,0.7277639152152856
4691,0.05533850984673887
4692,0.9558473145351011
4693,1.0
4694,0.04449155368491817
4695,0.2088521005097722
4696,0.9999999999999993
4697,0.028299790581393886
4698,0.08434737287149555
4699,0.08058137816379504
4700,0.35798016794838355
4701,0.5689798464940544
4702,0.3781854310326424
4703,0.29303000088310144
4704,0.3001801751435902
4705,0.06545775925813245
4706,0.2856656725659082
4707,0.20151893820812036
4708,0.34079613703553346
4709,1.0
4710,0.016151066797514078
4711,1.0
4712,0.043812381553052025
4713,0.03289218476918286
4714,0.062086688000160234
4715,1.0
4716,0.09484493543023974
4717,0.19146261300785694
4718,0.04473201157102033
4719,0.03261122688434459
4720,1.0
4721,1.0
4722,0.04351924653769783
4723,0.16923241536218178
4724,0.025870749508420745
4725,0.3779808887087763
4726,1.0
4727,0.036347440670744594
4728,0.2994473321196572
4729,0.06956939399825664
4730,0.13916206223427505
4731,0.9007457390723402
4732,0.06066347793538883
4733,0.11747972318447336
4734,0.03879761721583054
4735,0.10184950401400433
4736,0.9978091248628657
4737,0.026960453116691607
4738,1.0
4739,0.07414123264549602
4740,0.09639751752477485
4741,0.02774826327721035
4742,0.1308807476830121
4743,1.0
4744,0.9950260445878493
4745,0.05506222742192219
4746,1.0
4747,1.0
4748,1.0
4749,0.10130208172928895
4750,0.21195673870885967
4751,0.29180632572084125
4752,0.04799614557589108
4753,0.020728488895706068
4754,0.2420896261895918
4755,0.02052964238609644
4756,0.9867491924429189
4757,0.38683377194467955
4758,0.18715136232958607
4759,0.09105676060626178
4760,0.047015765614966815
4761,1.0
4762,0.16561778114566503
4763,0.03870348922608765
4764,1.0
4765,1.0
4766,0.14463827886940203
4767,0.031810278890373814
4768,0.1020698107747597
4769,0.6798400434580956
4770,0.36235226518704894
4771,0.08933602704630898
4772,1.0
4773,0.7569943374914397
4774,0.02279995841896976
4775,1.0
4776,0.13173996305412566
4777,0.11355255652451723
4778,0.05384227820847903
4779,0.03549577402802323
4780,0.07077300118278987
4781,0.13242763014056813
4782,1.0
4783,0.07439692032414447
4784,0.026869083656429205
4785,0.30553394518559673
4786,0.01994432560750429
4787,0.09357398916528299
4788,0.28666835138839525
4789,0.3989614986564051
4790,0.1219620527756772
4791,0.07316328602791818
4792,0.17756849525721347
4793,0.09598867450117371
4794,1.0
4795,1.0
4796,0.508535666637994
4797,0.21117815058366005
4798,1.0
4799,1.0
4800,0.1485278836927203
4801,1.0
4802,0.24236936042431304
4803,1.0
4804,0.1217198967173988
4805,0.07002949073497287
4806,0.20710937791483816
4807,1.0
4808,0.4181780155390519
4809,1.0
4810,0.06265428791576731
4811,0.016392764251203073
4812,1.0
4813,1.0
4814,0.1946354526747465
4815,0.019653747381587983
4816,0.3193019776089364
4817,0.18205724677466092
4818,1.0
4819,0.09168600079639784
4820,1.0
4821,0.24638282613334556
4822,0.14236631065885463
4823,0.036777612601532145
4824,0.03798273320543645
4825,0.14333307959486752
4826,0.2365131162968606
4827,0.08551822257078989
4828,0.032161491923619306
4829,0.022526323030252208
4830,0.37264106851177414
4831,1.0
4832,0.4691145330962795
4833,0.08223539186458456
4834,0.05287610110392501
4835,0.12062693286333569
4836,0.3703466624693425
4837,0.09120484724404951
4838,0.24804370865707473
4839,1.0
4840,0.9060606598880194
4841,0.045121609600247393
4842,0.11696335930793879
4843,0.3643561996368869
4844,0.18812045347352918
4845,0.03137326642093836
4846,0.19720345898270306
4847,0.09839339951368709
4848,0.0557868309598439
4849,0.42038971184761853
4850,1.0
4851,0.03158510687179325
4852,1.0
4853,0.016481258527098024
4854,0.2626630933198355
4855,0.06857454813480995
4856,1.0
4857,1.0
4858,0.026118230115470712
4859,0.039397277515841274
4860,0.3635731273313089
4861,1.0
4862,0.15916898454969347
4863,0.17089881260819068
4864,1.0
4865,1.0
4866,0.09144096770146339
4867,0.05893009253232298
4868,0.47688253991258994
4869,1.0
4870,0.3860800533527189
4871,0.02604226851613108
4872,1.0
4873,0.1949156157106322
4874,1.0
4875,0.6699049467782988
4876,0.2104380426953234
4877,0.04234315634042785
4878,0.9917440494872533
4879,1.0
4880,0.13404400537978384
4881,0.02474138756932636
4882,0.1550910812648439
4883,0.23545345373422435
4884,0.17342051454787724
4885,0.07537930879544073
4886,0.04863821407778721
4887,0.20099038760873505
4888,0.022094281579619922
4889,0.08052336765361602
4890,0.9689361954028743
4891,0.18901596340636415
4892,1.0
4893,0.05425464457150516
4894,0.04380367208349447
4895,0.9515304642366986
4896,0.26825980860474946
4897,0.13601021735892344
4898,0.13535114598928497
4899,1.0
4900,0.04752045542210352
4901,0.04125504633737826
4902,0.03619263491344965
4903,1.0
4904,0.29760110072712215
4905,1.0
4906,0.0284495974783171
4907,0.27029909494331456
4908,1.0
4909,0.034639955783059284
4910,0.09548887182057249
4911,0.02071371008288261
4912,0.11375472564163913
4913,0.43683293461530576
4914,0.2804398911725672
4915,0.029820182646287247
4916,1.0
4917,0.042376557410932054
4918,0.0345659420650421
4919,0.0557748246792654
4920,0.05367842187633534
4921,0.11966740567364384
4922,0.038453606226798075
4923,1.0
4924,0.13554493069038664
4925,0.6897774975178058
4926,0.04450039356055161
4927,0.050583512768753794
4928,0.023509694314629286
4929,0.045380422197015144
4930,0.04345866456621642
4931,0.041608509342631814
4932,0.023361201135922285
4933,0.04507302935152073
4934,0.2754338554495106
4935,0.08174403544609839
4936,0.10762121720512155
4937,0.1426671638622328
4938,0.9091541625515792
4939,0.018020419105231247
4940,1.0
4941,0.03748842832833938
4942,0.05736824315627783
4943,0.5356923257661805
4944,0.9815247475402628
4945,0.10684244349944948
4946,0.06323445179303341
4947,0.19291710739118897
4948,0.314868395659774
4949,0.03830792393151419
4950,0.020941197851590727
4951,0.19267228753495338
4952,0.05064416107529713
4953,0.0697971600149389
4954,1.0
4955,0.17737930480731878
4956,0.6834747855178267
4957,0.02895027239165828
4958,0.12544909400259055
4959,0.38580525962509615
4960,0.18977161241232993
4961,0.07451039543410275
4962,0.2338222135609292
4963,0.052745694953324936
4964,0.6954607410561755
4965,0.012474572404453073
4966,0.22511737055612424
4967,0.03585730335074448
4968,0.3069798858260459
4969,0.11589155279613696
4970,0.04927200891249887
4971,0.03960343545298298
4972,0.24354609389846363
4973,0.014225231815884464
4974,0.030651938764892757
4975,0.5490651424230133
4976,0.02961314686351598
4977,0.06878096444670309
4978,0.23288730461703186
4979,0.31321217742867286
4980,1.0
4981,0.19770286940708226
4982,1.0
4983,0.040615077217891996
4984,0.3287812079119629
4985,1.0
4986,0.2104261701186307
4987,0.4197623130981283
4988,0.24333931060842648
4989,0.04659722879561704
4990,0.06767422463195452
4991,0.1067854996218708
4992,1.0
4993,0.03987411929309274
4994,0.2072277589385161
4995,0.019586927822983265
4996,0.30825884434477424
4997,0.013303905945636517
4998,0.5382540247326556
4999,0.14845200742127565
5000,0.15886280078024095
5001,0.15225658962616295
5002,0.09157218050550724
5003,0.3282735201180887
5004,0.019312640135025906
5005,1.0
5006,0.020439368311147763
5007,0.7164863082876698
5008,0.9016935797054703
5009,1.0
5010,0.0595903657457627
5011,0.1357081803609282
5012,0.039090305244500655
5013,0.8328784700503002
5014,0.12210701515600525
5015,0.49488583713408973
5016,0.11849572257102725
5017,0.12166717671026704
5018,0.112575496003673
5019,0.30555289521847667
5020,1.0
5021,0.344847135658401
5022,1.0
5023,0.3010736404911295
5024,0.03445655018467781
5025,0.017665581764059333
5026,0.09839339951368709
5027,0.11209857660989955
5028,0.021828507088497724
5029,0.10884154040368316
5030,0.2287535776742987
5031,0.04979025670381066
5032,0.08525312478641577
5033,0.11840399171596826
5034,0.016131981965906816
5035,0.1693425308942006
5036,0.05301089462907251
5037,0.11357099649363542
5038,1.0
5039,0.07948874871129606
5040,1.0
5041,1.0
5042,0.021174313521725285
5043,0.05989560148738591
5044,0.11756553912472026
5045,0.13626120442220774
5046,0.15230330402123443
5047,0.12688922942112957
5048,0.7903493519758159
5049,0.014473589350042861
5050,0.07328655280247678
5051,0.07215538840940948
5052,1.0
5053,0.46690805318727463
5054,0.05192908404331076
5055,0.2877756633360845
5056,0.153713027832629
5057,0.047659139295372556
5058,0.016194750903617283
5059,0.05681803647529227
5060,0.0702453827614946
5061,0.03754311447507834
5062,0.19008482172706595
5063,1.0
5064,1.0
5065,0.1644775412322801
5066,0.055193344183804054
5067,0.040832287543365216
5068,0.04127481849626529
5069,0.6004463875543378
5070,0.13310428624501572
5071,0.4665792446089783
5072,0.4102800533568769
5073,0.08748810931467722
5074,0.3917672509287412
5075,0.021165477501366936
5076,0.08483032446078893
5077,1.0
5078,0.10654887537696298
5079,0.03586447692739529
5080,0.13258315344216082
5081,1.0
5082,0.13909018896961134
5083,1.0
5084,0.11480559821595358
5085,0.13884203510291993
5086,0.5477010971633126
5087,1.0
5088,0.07294729078171062
5089,0.27120426737266606
5090,0.398061632856456
5091,0.1917283829899711
5092,0.7086593066185516
5093,0.29073137070073674
5094,0.04263678296911359
5095,0.14215905488416997
5096,0.0697604966314723
5097,0.19707752358750705
5098,0.10240273711150881
5099,1.0
5100,0.19183231324467143
5101,0.13450716818771732
5102,0.014505680843024895
5103,0.7071339814525787
5104,0.21912614223023297
5105,0.3526688924826313
5106,0.022656042071792316
5107,0.2774888926263962
5108,0.673072304044173
5109,1.0
5110,0.07472130904175299
5111,0.9410165366412739
5112,0.23266746342304356
5113,0.09382795474254907
5114,0.015460080777116888
5115,0.1515272405198583
5116,1.0
5117,0.012964726237964536
5118,0.05866463230034474
5119,0.10994080647206293
5120,0.013828942532450646
5121,0.1413430700405765
5122,1.0
5123,0.2650720205252759
5124,0.1845886375452607
5125,0.27924239087320585
5126,0.6206397939367175
5127,0.08165510401324794
5128,0.08525119385874787
5129,1.0
5130,0.023142344434870694
5131,0.17736935987372926
5132,0.019814214077054974
5133,0.3048320069834812
5134,0.14060970955370997
5135,1.0
5136,0.09575911751693982
5137,0.11410036682278372
5138,0.01657173881237686
5139,1.0
5140,0.2118015975394933
5141,0.026458947624554294
5142,0.06847225463383348
5143,0.04648880836222017
5144,0.259430604958247
5145,0.04273100942096974
5146,0.12862926500433555
5147,0.1190872578776983
5148,0.031501066550610406
5149,0.05356613327087314
5150,0.14865232893148683
5151,0.47635226555349436
5152,0.12152839298746027
5153,0.9101307865228455
5154,1.0
5155,0.0661243126724617
5156,0.21377348253672374
5157,0.08235312769903884
5158,0.13269514545994757
5159,0.03879761721583054
5160,1.0
5161,0.08351186335474725
5162,0.06435051561390209
5163,0.14328165915557978
5164,0.23263862969588883
5165,0.2686213772400291
5166,0.3306791879495697
5167,1.0
5168,0.3147615503925546
5169,0.12460499899364394
5170,0.15327832299257443
5171,0.05267827171045026
5172,0.7026400275593808
5173,0.8153613360439829
5174,0.20039381744419985
5175,0.06381524486843876
5176,0.12104817657399554
5177,1.0
5178,0.2851425921976421
5179,0.042688199216139706
5180,0.1850300700091058
5181,1.0
5182,1.0
5183,0.043293623510441075
5184,0.11577757819742197
5185,1.0
5186,0.13138268555182173
5187,0.2952571109981274
5188,1.0
5189,1.0
5190,0.4169938482834675
5191,0.02260195830881541
5192,0.15474484397867047
5193,0.13660965020472948
5194,1.0
5195,1.0
5196,0.4022164921452834
5197,0.027988847846548943
5198,1.0
5199,0.010233209887887163
5200,0.020253572200255407
5201,0.12562012815025303
5202,0.04373552758117473
5203,0.0871996726823334
5204,1.0
5205,0.05507537782673385
5206,0.08343955134376095
5207,0.28696174049505613
5208,0.05849083619400517
5209,0.056565062912449185
5210,0.2229756835461929
5211,0.17087672367529969
5212,0.1984909586586525
5213,0.03644444591454786
5214,0.09511717153744335
5215,0.03495371669663654
5216,0.08366121779157448
5217,0.10403510162796904
5218,0.022465252877059794
5219,0.01274518373848547
5220,0.02534395885071814
5221,1.0
5222,0.4272261664080322
5223,1.0
5224,0.15729765075240143
5225,0.20295088726400579
5226,0.09526568964418199
5227,0.47974405667480996
5228,0.2499596249452328
5229,0.15933774912331394
5230,0.3207247507948097
5231,0.1872919507052478
5232,0.12769025796822153
5233,0.8038980000570085
5234,0.032308282647497646
5235,0.07993059375238883
5236,0.17156619331516976
5237,0.9721156985638066
5238,0.23285503075505268
5239,0.08328041902542907
5240,0.03755302949717357
5241,0.09911849399592441
5242,0.014551302321805468
5243,1.0
5244,0.1374596058012688
5245,0.05437286778195643
5246,1.0
5247,0.09455434837481855
5248,0.08525312478641577
5249,0.12603711749446417
5250,0.02622279449488596
5251,0.01831116084499221
5252,0.017884292705981623
5253,0.18002714584264104
5254,1.0
5255,0.9958272545093654
5256,0.8380367856427915
5257,0.03092505920778063
5258,0.24501571348040585
5259,0.03741884806263556
5260,0.7708315909721357
5261,0.16903758416843126
5262,0.12949245420773803
5263,0.7072277895684175
5264,0.07597469071121264
5265,0.01328775680826401
5266,0.3542384148424666
5267,0.46234890981468724
5268,0.4546102044588319
5269,0.026913564432707485
5270,1.0
5271,0.09019074780365306
5272,0.0822262400703116
5273,0.3478477048297112
5274,0.2035161784079621
5275,0.18427814597199188
5276,0.034704224563370814
5277,0.6463764164075898
5278,0.055783331067823835
5279,0.03921211052301057
5280,0.05461952402211387
5281,0.15031904204389537
5282,1.0
5283,0.035597809154483954
5284,0.49442138399530483
5285,0.14543789088446848
5286,0.33766363358985674
5287,0.016926825296288042
5288,1.0
5289,0.06910892081178194
5290,0.5436149728448485
5291,0.02215898946139302
5292,0.3740578747830326
5293,0.12868876036923974
5294,0.6477471789234213
5295,0.03349430805479502
5296,0.05833028657128291
5297,1.0
5298,1.0
5299,0.21551266624471987
5300,0.04429425825967227
5301,1.0
5302,0.014848268920211504
5303,1.0
5304,1.0
5305,0.03970724301409083
5306,0.13240681215946523
5307,0.012624132055430316
5308,0.224598720546388
5309,1.0
5310,0.07309580397151684
5311,0.194109286497098
5312,0.2592322359749457
5313,0.1756828395661773
5314,0.04218722620355686
5315,0.049356927870162874
5316,0.38409286680286786
5317,1.0
5318,0.18569953747010243
5319,1.0
5320,0.064037784807002
5321,0.6679684800050314
5322,0.07669603283541222
5323,0.03891969731570298
5324,0.09577525939348222
5325,0.25520598256395854
5326,0.09041153900709221
5327,0.09959069665939549
5328,0.09822118220962953
5329,0.2095941604133371
5330,1.0
5331,0.11061187562825564
5332,0.06957228809299192
5333,0.5386479962390023
5334,0.03211525122570131
5335,0.04198011332575036
5336,0.06035458022273852
5337,1.0
5338,0.07958869979259675
5339,1.0
5340,0.018497588849472814
5341,0.03095374026924897
5342,0.18117553714918844
5343,0.19650689982451128
5344,0.44009623277870874
5345,0.08278761988887272
5346,0.02447935514187144
5347,0.10117312405591333
5348,0.49432544210945134
5349,1.0
5350,0.2720797897498577
5351,0.09663068910286506
5352,0.25299230517120985
5353,1.0
5354,0.06504124894526403
5355,0.08433400284263608
5356,0.2633418512188149
5357,0.12450069138322878
5358,0.03194677681546649
5359,1.0
5360,0.05380518740668366
5361,0.07344940045863113
5362,0.08065608401465761
5363,0.3270998729951766
5364,0.06146800914405426
5365,0.4221455578862363
5366,0.48713599597951224
5367,1.0
5368,1.0
5369,0.9871189622670422
5370,0.025753111741054872
5371,0.045299205002493
5372,1.0
5373,0.028674956187139358
5374,0.03785537857805712
5375,0.08683021893989476
5376,0.7071986261015101
5377,0.14716770126668724
5378,0.0382096393700967
5379,1.0
5380,0.061049944405048476
5381,0.045670022822128724
5382,0.08639836327059093
5383,1.0
5384,0.04066306964294071
5385,0.11351462652713339
5386,0.0679560079363265
5387,1.0
5388,0.21460328538928983
5389,0.8828484111281893
5390,1.0
5391,0.028600174047544922
5392,0.3327587773548799
5393,0.32381268237150007
5394,0.06671307027905464
5395,0.040018858267659656
5396,0.17190636828231276
5397,0.03216912322191568
5398,0.6169522084922379
5399,0.11214232868983688
5400,0.05317783745691611
5401,1.0
5402,1.0
5403,0.10417347982514209
5404,0.020162651607333486
5405,0.10684244349944948
5406,0.012260428178351995
5407,0.03062941706482792
5408,0.14009573167251135
5409,0.49808903495941925
5410,0.0163534537822379
5411,0.5499239628596115
5412,0.3172744726546512
5413,0.02427407529437653
5414,0.3753001702526185
5415,1.0
5416,0.1003092404026494
5417,0.045299205002493
5418,0.07218274974609896
5419,0.7851604628611467
5420,0.2646937147620208
5421,0.34987507549054314
5422,1.0
5423,0.08225952364420143
5424,1.0
5425,0.13637774496469385
5426,0.07386429667126422
5427,0.10524057385558555
5428,0.2710049486881437
5429,0.24134889058085082
5430,0.5374015565035287
5431,0.9230163371228752
5432,1.0
5433,1.0
5434,0.9286604127187814
5435,0.3113289936725917
5436,0.5392735534029853
5437,0.2779630551560729
5438,0.14721130574169264
5439,0.1079166174713079
5440,0.030285906844168906
5441,0.07190612416268939
5442,0.4464161783420579
5443,0.06667898004476823
5444,0.15738570883688882
5445,0.05251443797243467
5446,0.14457887104653724
5447,0.0673939865812887
5448,0.9760420813559892
5449,0.4658620974287872
5450,0.1436220518550689
5451,0.03371535657321877
5452,0.6354623835844483
5453,0.06649710907746291
5454,0.06090788567637495
5455,0.2330945266125293
5456,0.12405037483355462
5457,0.055987896713898
5458,0.21559419891856182
5459,0.9999999999999845
5460,0.19484989915819792
5461,0.051697909924486765
5462,0.13074015000954153
5463,0.06314427259862768
5464,0.21856398212575326
5465,1.0
5466,0.08184060566976745
5467,0.4328268502846387
5468,0.04964992400880087
5469,0.2611629298161613
5470,0.12971161466422043
5471,0.9179873430897695
5472,0.8646293906506698
5473,0.6176072525380488
5474,0.9983900710547624
5475,0.05638866596466517
5476,0.05866463230034474
5477,0.04239209534029124
5478,1.0
5479,0.021744802568096844
5480,0.040443960966992785
5481,0.8171921513854203
5482,0.11183331431756373
5483,1.0
5484,0.1339577610270004
5485,1.0
5486,0.09845840586462884
5487,0.03376931242547829
5488,0.07659082898605893
5489,0.06510064571800832
5490,0.40990546740767564
5491,0.2460222643069185
5492,0.028751523995800405
5493,0.10326663197461612
5494,0.11092743085971592
5495,1.0
5496,0.03211313271833554
5497,0.2098016384702729
5498,0.07026807370995565
5499,0.09041153900709221
5500,0.25149620498165787
5501,0.07239996410746198
5502,0.43635504037907374
5503,0.38360643547614076
5504,1.0
5505,1.0
5506,0.037428604935377835
5507,0.999804109844252
5508,0.017639462770617623
5509,0.08027861474733049
5510,0.18978589962496348
5511,0.3864042285997008
5512,0.04275587924191258
5513,1.0
5514,1.0
5515,0.042393100503886526
5516,1.0
5517,0.025265912609482286
5518,0.038476975479205706
5519,0.025142279049422622
5520,0.027508500625779142
5521,0.046502981906054036
5522,0.8839767445926399
5523,0.4390297375460301
5524,0.08035692564920689
5525,0.03500302026830166
5526,0.022284918071143956
5527,1.0
5528,1.0
5529,1.0
5530,0.028621247707528875
5531,0.02522798519480698
5532,1.0
5533,0.09839339951368709
5534,0.6954330143337082
5535,1.0
5536,0.08029876134118007
5537,1.0
5538,1.0
5539,0.029541736038782348
5540,0.014420877371064308
5541,0.023975115208684433
5542,0.011642064717652192
5543,0.014128513919891127
5544,0.04837235526359556
5545,0.05898426057304579
5546,1.0
5547,1.0
5548,0.06154838988748555
5549,0.05659906126752844
5550,0.9473596370929405
5551,0.47455215548597995
5552,0.03279189856629181
5553,0.11058360998331579
5554,0.036606701577464616
5555,0.3029440673415069
5556,0.12526490676928406
5557,0.31878351837526364
5558,0.1600459898666811
5559,0.05737946407665502
5560,0.3715168582731961
5561,0.09107559551215613
5562,0.24671423666393047
5563,0.8120556680164087
5564,0.19283300656595992
5565,0.18273231097748688
5566,0.9999999999998663
5567,1.0
5568,0.6310995030981436
5569,0.5143671776898523
5570,0.055971001980538976
5571,0.14379833776759005
5572,0.14146847520565864
5573,1.0
5574,0.46344904545723453
5575,0.43633442568699754
5576,0.034715662552993215
5577,1.0
5578,0.4894349502863839
5579,0.09914634342485919
5580,0.053353882012790725
5581,0.14328165915557978
5582,0.042000241350025294
5583,0.9999999999967104
5584,0.4151030316008221
5585,1.0
5586,0.2604759430232103
5587,0.10362279413816435
5588,0.11123353693186251
5589,0.1955299817202112
5590,0.16999080970046598
5591,0.11752574611918201
5592,0.015088202542351171
5593,0.23640436292460648
5594,0.015717659262015106
5595,0.27068217399201666
5596,0.6548906357172839
5597,0.0208087644062626
5598,0.076310069704965
5599,0.6265391106939812
5600,0.9917869990952471
5601,1.0
5602,0.6495141190815261
5603,0.03542602540749741
5604,1.0
5605,0.13242997931904596
5606,0.14932454327462616
5607,0.38255891653679214
5608,0.6521363969730941
5609,0.03819425032778584
5610,0.35133609157266876
5611,0.2764800471429201
5612,1.0
5613,0.02305327844564876
5614,0.15430654141800293
5615,0.2719845362133922
5616,0.04560937103014334
5617,0.17585303534866045
5618,1.0
5619,1.0
5620,0.03579557946973234
5621,0.031486395027400235
5622,0.031127381063681778
5623,0.3412733472305521
5624,0.40890968698656005
5625,0.32153723152820024
5626,1.0
5627,0.040612631699432016
5628,1.0
5629,0.07931176526177286
5630,0.039964825278771314
5631,0.03331884824795861
5632,0.16060301683333156
5633,1.0
5634,1.0
5635,0.021278345420550546
5636,0.6388414119144723
5637,0.029392854854385145
5638,0.014572634570656202
5639,0.7963558939138301
5640,0.09051208656009248
5641,0.0561067952651085
5642,0.29796228692824206
5643,1.0
5644,0.3306743869832522
5645,0.15222716866791658
5646,1.0
5647,0.23577967370720757
5648,1.0
5649,0.04535165869975227
5650,0.03931457189536104
5651,1.0
5652,0.25555042213245155
5653,0.7004901907826004
5654,0.0982892594275809
5655,0.0345659420650421
5656,0.11207621749691268
5657,0.1521731242759367
5658,0.07427891516787256
5659,0.9623854612687601
5660,0.344276441043872
5661,0.31356652188458906
5662,0.20892544468235708
5663,0.06463260108865851
5664,0.10974294751674715
5665,1.0
5666,0.023334406237576245
5667,1.0
5668,0.8122083336896682
5669,0.2657526496753411
5670,1.0
5671,0.15928966546914614
5672,0.16702524802573396
5673,0.27160986351222255
5674,0.018573545855579302
5675,0.023882922563336743
5676,0.010959532905577265
5677,0.14283423011885446
5678,0.38076884526179433
5679,1.0
5680,0.38397981152855976
5681,0.13010340532297252
5682,0.28015898413455614
5683,0.20795568013921603
5684,0.2826697305396286
5685,0.037249731593461066
5686,0.6518277810166001
5687,0.1100485958506494
5688,1.0
5689,0.7078836167055398
5690,0.11885692614711636
5691,0.14330079745102675
5692,0.09123447948156826
5693,0.22250422280093193
5694,0.2763244660061529
5695,1.0
5696,0.017629499989664416
5697,0.45697698717476887
5698,0.31103587572463676
5699,0.11138938292836874
5700,0.04445090417624956
5701,1.0
5702,0.16355478505634782
5703,0.06667898004476823
5704,0.05408249429758942
5705,0.1312755370066847
5706,0.1086160918885859
5707,0.03733298737502047
5708,1.0
5709,0.11284324325380742
5710,0.28306383771186167
5711,0.2252345802197515
5712,0.19937925845253837
5713,0.2916221177666971
5714,1.0
5715,0.07706795895641984
5716,0.9999793922040646
5717,0.04360772289673464
5718,0.2858143166848003
5719,0.5460495537747928
5720,0.19217908722103352
5721,0.04327587788895719
5722,0.26722061546582104
5723,0.014945786528896454
5724,1.0
5725,0.02431341613772154
5726,0.20154798418647335
5727,0.08052336765361602
5728,0.31996468339736167
5729,0.1675737632443885
5730,0.2542449466501052
5731,0.06805467097669035
5732,0.26093828964167987
5733,0.04310243139142127
5734,0.3884607556313713
5735,0.08567783509721276
5736,0.23901810877051677
5737,0.1912510089608922
5738,0.11739554870070673
5739,0.09081869371236986
5740,0.07795861578631792
5741,0.08755098887661664
5742,0.48464071682964244
5743,0.017734210322809904
5744,0.1360432858488617
5745,0.03702937403170359
5746,0.05505513759956884
5747,0.03793777913521072
5748,0.27989125047386426
5749,0.6942197680137921
5750,0.09075244010012444
5751,0.02275539139257052
5752,0.0652109737316749
5753,1.0
5754,0.03130437239930281
5755,0.031824029362354365
5756,0.403855333409822
5757,0.02073775212485991
5758,0.11669437131502815
5759,1.0
5760,0.999999999999962
5761,0.04329881226329187
5762,1.0
5763,0.06014708549974146
5764,0.04804130660207614
5765,0.015269472267326948
5766,0.037718359000093425
5767,1.0
5768,1.0
5769,0.11516214661193917
5770,0.06092365947680977
5771,0.17158488538958472
5772,0.059424032986243804
5773,0.02007693056828913
5774,0.562631360431963
5775,0.18119579066247285
5776,0.36821250892704716
5777,0.13249597417215517
5778,1.0
5779,0.2118715268800318
5780,0.05670288873943336
5781,0.0605930516834735
5782,0.29872070150345853
5783,0.05063698762158646
5784,0.03511408397542714
5785,0.036583311117269875
5786,0.1444842688730056
5787,0.26701154777781905
5788,0.04075529680616895
5789,0.19801554205037208
5790,0.20126592446272398
5791,0.09539581594151687
5792,0.2279515618889178
5793,0.06411550879463802
5794,0.8702371592501184
5795,0.25514147132059933
5796,0.1577981352309873
5797,0.1029751554231526
5798,0.13510282466624735
5799,0.00872425699287142
5800,0.031252411928856715
5801,0.11285502859503464
5802,0.04290227032776745
5803,0.07549875677776517
5804,0.07743868652874296
5805,0.10705024764084992
5806,0.07236699091505286
5807,0.3013505868146161
5808,1.0
5809,0.42348826710630255
5810,0.04075035501150388
5811,0.8562482985169576
5812,0.9970480194034387
5813,1.0
5814,0.8548519530797877
5815,1.0
5816,1.0
5817,0.010383891750263448
5818,0.09474992103571296
5819,0.6137339156312474
5820,0.015490586231861751
5821,0.10005233686916501
5822,0.11070058903584497
5823,0.22420332627587986
5824,0.05248705209916126
5825,0.9999999999999998
5826,0.20821989912456337
5827,0.927275018174496
5828,1.0
5829,1.0
5830,0.09683830968732172
5831,0.022057439294574245
5832,0.48179570832962626
5833,0.11458643796272451
5834,0.10662434918894186
5835,0.40207468295913923
5836,0.15586245710193394
5837,1.0
5838,0.28315490263629683
5839,0.03443446081690422
5840,0.22559665058714898
5841,1.0
5842,0.2106534639169011
5843,0.5402332019983241
5844,0.9307685269685817
5845,0.24336854416816953
5846,0.02800247105347299
5847,0.08322950282215968
5848,1.0
5849,0.29801729032090796
5850,1.0
5851,1.0
5852,0.599625895049446
5853,0.22365382003493794
5854,0.27664282085540154
5855,0.385068600747579
5856,0.013171472767545343
5857,0.1740719809047559
5858,0.22156872211721454
5859,0.09603042297331894
5860,0.07492983365724944
5861,0.291876474788319
5862,1.0
5863,1.0
5864,0.1270328838988723
5865,1.0
5866,0.014340385445259379
5867,1.0
5868,0.19570378430880178
5869,1.0
5870,0.37149199485805867
5871,0.045061855703201655
5872,0.9907054354950219
5873,0.04970803922959992
5874,1.0
5875,0.05890644923679174
5876,0.10908041733318305
5877,0.032783792513077656
5878,0.6052136560863636
5879,1.0
5880,1.0
5881,0.044046120530473944
5882,0.03879761721583054
5883,1.0
5884,0.17916177496070845
5885,1.0
5886,1.0
5887,0.03158782598332585
5888,0.1348014031457848
5889,0.2009872185690013
5890,1.0
5891,1.0
5892,0.015051938510296832
5893,0.7120236324836685
5894,0.027980632521458732
5895,0.19721477185588412
5896,0.1950652038220108
5897,0.025478529118686317
5898,1.0
5899,0.4231422279589989
5900,0.04804130660207614
5901,0.02644759124161061
5902,0.05403424147910894
5903,0.046084770449506825
5904,0.04955763118117254
5905,0.019239308956191404
5906,0.31924483236002504
5907,0.23765588696673046
5908,0.3275975058948997
5909,1.0
5910,1.0
5911,0.05006118373821753
5912,0.7713871164355921
5913,1.0
5914,0.16748631158591729
5915,0.21453064200886643
5916,0.029805268319572243
5917,0.06411550879463802
5918,0.45829304040977686
5919,0.9629009147269458
5920,1.0
5921,0.02208475604790973
5922,1.0
5923,0.7033229307350702
5924,1.0
5925,0.5208224527802117
5926,0.023101107144949132
5927,0.144029682778559
5928,0.023571489132759055
5929,0.7226366130961843
5930,0.0900864863634616
5931,0.1724183975517418
5932,0.06653062002485192
5933,0.04826375835356746
5934,1.0
5935,0.1412922457657404
5936,0.19921841690568753
5937,0.04619213445370768
5938,0.18726887981889756
5939,0.4647174518459582
5940,0.989593646940341
5941,1.0
5942,0.028265959935908032
5943,0.17806477236760498
5944,0.1262181891499575
5945,0.13770895298019276
5946,0.8339048432638578
5947,0.04762437211041267
5948,0.03132646571868162
5949,0.03719013891155114
5950,0.4841554847486935
5951,0.7867324050842351
5952,0.24178704550672683
5953,0.2097513617067667
5954,0.14714222922061435
5955,0.020246396384359665
5956,1.0
5957,0.13932596251078222
5958,1.0
5959,0.24134889058085082
5960,0.06345866759481035
5961,0.9198551381074086
5962,0.26739681203129234
5963,1.0
5964,0.13535830928512949
5965,0.3465156172307774
5966,0.3067671063300378
5967,0.10098470607431832
5968,0.024145246449505903
5969,0.16920273743487055
5970,0.038136603018799516
5971,0.04571779218810666
5972,0.2420127858375704
5973,0.049256111202196085
5974,0.7929725977783273
5975,0.01602251071697623
5976,0.05194030801508518
5977,0.8779853330008114
5978,0.21037430884110814
5979,0.18569953747010243
5980,0.7070429544931209
5981,0.3651955793817553
5982,0.33182214475723865
5983,0.04086226434304856
5984,0.1878711790847938
5985,1.0
5986,0.11016338427097681
5987,0.04364690021357823
5988,0.9790495748837909
5989,0.08980133878635643
5990,0.8961476559896734
5991,0.053051202734283195
5992,0.008488692678228469
5993,0.12162443059269609
5994,0.7299259698795205
5995,0.041782149503887304
5996,0.14267022073535013
5997,0.038236413773585706
5998,1.0
5999,0.23390748941543288
6000,0.6206058765353663
6001,0.07145025148403071
6002,0.7288804264357114
6003,0.43969193184639815
6004,0.07427315092711308
6005,0.08026816206937995
6006,0.038053787699062286
6007,0.01735919755633379
6008,0.0655664928746993
6009,0.47921408039232877
6010,1.0
6011,1.0
6012,1.0
6013,0.5704808163247697
6014,0.10706042716402234
6015,0.038751737547712516
6016,1.0
6017,1.0
6018,1.0
6019,1.0
6020,0.26602445013316967
6021,0.2226392565020845
6022,1.0
6023,0.5139215204689827
6024,0.021327742076870087
6025,0.43950827693258837
6026,0.13789206223546976
6027,0.07340966439745764
6028,0.38671730785056097
6029,0.1831915545633531
6030,1.0
6031,0.06562512603138702
6032,0.20984757335327983
6033,0.04662674368985593
6034,0.06313061859376036
6035,0.9910480576849027
6036,0.4997700853051069
6037,1.0
6038,0.25083961477545497
6039,0.02525847852926046
6040,0.16522564003002257
6041,1.0
6042,0.01714160816868451
6043,0.10206574237446278
6044,1.0
6045,0.03624055412243171
6046,0.011408479879267287
6047,0.08914306631456766
6048,0.9033547931470775
6049,1.0
6050,0.10846387629208218
6051,0.030285906844168906
6052,0.13405155766146482
6053,0.026118230115470712
6054,0.035510115955144445
6055,0.08058137816379504
6056,0.010237998821970816
6057,1.0
6058,0.04870834186162123
6059,0.10668717274401805
6060,1.0
6061,0.08412988744013596
6062,0.020207893571160165
6063,0.11396897927160542
6064,0.3071905083127319
6065,0.1744107601703031
6066,0.07271323172227169
6067,0.02056919788308749
6068,0.20439840031334408
6069,0.04649563325361226
6070,0.06043683315890884
6071,0.20915154685341972
6072,0.33599991594012507
6073,0.2926530021092241
6074,0.23978846937919776
6075,0.30677718354361194
6076,0.3160080857196207
6077,0.06609173267042757
6078,0.02363883260397787
6079,0.03453403329312285
6080,0.7037376855124413
6081,1.0
6082,0.7935830516430479
6083,0.18593727014936762
6084,0.024632915068001186
6085,0.5166030309913837
6086,0.07320292883737699
6087,0.04927200891249887
6088,0.016237638242471406
6089,0.1873557113623046
6090,0.2325316260250539
6091,0.3433121654501204
6092,0.3224254372906999
6093,0.07369055628462284
6094,0.026281269781805443
6095,0.055971001980538976
6096,0.01995605608316942
6097,0.1790238005704513
6098,0.15824708124303158
6099,1.0
6100,0.07664624258415652
6101,1.0
6102,0.020479193391730016
6103,0.02534395885071814
6104,0.32000399443873057
6105,0.27716658525918175
6106,1.0
6107,0.16541493566584345
6108,0.06175795740313514
6109,0.8156346342728095
6110,0.548826077633445
6111,0.3178136371626799
6112,0.1140104767679297
6113,0.26318010454072327
6114,0.25666641467511225
6115,0.5743764897794863
6116,0.03615759388346674
6117,0.10035478334683286
6118,0.023210890883163405
6119,0.08294900694385833
6120,0.9363830926157204
6121,1.0
6122,0.9517431718139987
6123,1.0
6124,0.37080559955219483
6125,0.4016781169984923
6126,0.01858668843646881
6127,0.05885525278230403
6128,0.3810400405276555
6129,0.049256111202196085
6130,0.026843248924232916
6131,0.40328092127695253
6132,0.4823072255837752
6133,0.03815422709958514
6134,0.012769869505632752
6135,0.13847189398143103
6136,0.03836161340263051
6137,1.0
6138,1.0
6139,1.0
6140,0.040659800091703155
6141,0.27197586785340205
6142,0.18895176910872538
6143,0.1974681008620968
6144,0.03652731873010966
6145,0.421816435647124
6146,0.07143774245458488
6147,0.08826657978763199
6148,0.01381256310513415
6149,0.5859341212198926
6150,0.42782412856359864
6151,0.07271323172227169
6152,0.051397862912535765
6153,0.2600118465475119
6154,0.1444606024166652
6155,0.12160349941393069
6156,0.04087556936390231
6157,0.7885720609993094
6158,1.0
6159,0.20843486441788406
6160,0.032940101045191066
6161,0.016191090275509048
6162,0.15456549746661272
6163,0.07858409229701492
6164,0.04108913201641968
6165,0.0692105294311977
6166,0.045071435613134675
6167,0.06296423866920325
6168,0.05037008609320505
6169,0.22228652455244324
6170,0.34494741515335486
6171,0.03936109063856105
6172,0.8704996456782622
6173,1.0
6174,0.0858357595436848
6175,0.024435812548019287
6176,0.057784289955083314
6177,0.033374009029231114
6178,0.06672483618830145
6179,0.9999999999999998
6180,0.2026367944964356
6181,0.6316933930671812
6182,0.04134372168539984
6183,0.17472253444247138
6184,0.07575874301491754
6185,1.0
6186,1.0
6187,0.08826657978763199
6188,0.9619625809360747
6189,1.0
6190,0.08017971587467546
6191,0.6017492964176646
6192,0.14681443224966073
6193,0.17822444280347752
6194,0.10855180535372634
6195,0.23907516966677228
6196,1.0
6197,1.0
6198,0.030468491869596295
6199,1.0
6200,0.04573756301867887
6201,0.032076677745294435
6202,0.3275674346934373
6203,1.0
6204,0.288890660330602
6205,0.16647137926920053
6206,0.0432842881141709
6207,0.7690838887389714
6208,1.0
6209,0.03368889150219027
6210,0.7056261616118454
6211,0.2080287922850407
6212,0.15452470916090752
6213,0.030188538002027136
6214,0.07086708242305705
6215,0.5418477272000646
6216,0.22530767687486147
6217,0.09108170492945739
6218,0.14103541651829699
6219,0.14670155355148107
6220,0.04824816944803493
6221,0.2376789728412294
6222,0.26152400569114587
6223,1.0
6224,0.45131246711934353
6225,0.05654800444794141
6226,1.0
6227,0.04851396958753271
6228,0.18657340851369184
6229,0.07950470650955548
6230,0.058365280274177145
6231,0.0404384552057078
6232,0.14759740010710612
6233,1.0
6234,0.03080129633599149
6235,0.051774195584668684
6236,0.1335824795798956
6237,0.07592099416777714
6238,0.4368067380552444
6239,0.08136359552623453
6240,0.11275760427506404
6241,1.0
6242,0.11418381348571299
6243,1.0
6244,0.018164709412616484
6245,1.0
6246,1.0
6247,0.08189811791061008
6248,0.022238105248648846
6249,0.4511995496455872
6250,0.4208631767661867
6251,0.025580049205806
6252,1.0
6253,1.0
6254,0.11257404228297074
6255,0.14875710152042
6256,0.7685718729826415
6257,0.010293207185829316
6258,1.0
6259,0.03709825798326344
6260,1.0
6261,0.17165150220312972
6262,1.0
6263,0.04952717515854876
6264,0.20365033911217614
6265,0.14350414519492066
6266,0.4959562345599679
6267,0.07015612334271895
6268,0.6638695259617122
6269,0.015106921821585505
6270,0.10197562588600022
6271,1.0
6272,0.04614602386508804
6273,0.680061655637677
6274,0.06295678066596506
6275,0.060746124631003574
6276,0.016600884909325028
6277,0.14858860349399178
6278,0.07330384854318217
6279,0.07785838884189245
6280,0.10602593085487777
6281,0.027695453975669384
6282,0.24780205463754248
6283,0.028641503378828523
6284,1.0
6285,0.07278094676168245
6286,0.27967796859102806
6287,0.14184031163074826
6288,1.0
6289,1.0
6290,0.20667258690089452
6291,0.4692849567779402
6292,0.05722303947957303
6293,0.06485510159151832
6294,0.8681780427186182
6295,0.03861102965367383
6296,0.044040583616481735
6297,0.15088230138265957
6298,1.0
6299,1.0
6300,0.18346274124199982
6301,0.3358660458018101
6302,0.25805554701381855
6303,0.07713566597727899
6304,0.29801729032090796
6305,0.19293758388698826
6306,1.0
6307,0.03722362135697465
6308,0.06564594215238866
6309,0.17658781810623086
6310,0.993829566877084
6311,0.010460606026889896
6312,0.44657132592159327
6313,0.16487739570682058
6314,0.2131851858026638
6315,0.027311849470438923
6316,0.16422170460888857
6317,1.0
6318,1.0
6319,0.1827834169600733
6320,0.1215257248916229
6321,0.22338942122271702
6322,0.10824488183239425
6323,0.6273964208215963
6324,1.0
6325,0.05756577638770813
6326,1.0
6327,0.2657526496753411
6328,1.0
6329,0.03073140422800489
6330,0.09483813703961587
6331,0.03145680591405419
6332,0.04980341041664905
6333,0.7835398855121879
6334,1.0
6335,0.25224184439831127
6336,0.5982140613519505
6337,1.0
6338,0.2866901272662921
6339,0.48822150912326845
6340,1.0
6341,0.11979614536204417
6342,0.3837851083898182
6343,0.09395147698807396
6344,0.11890728697636141
6345,0.07631212981714534
6346,0.32308816817309144
6347,1.0
6348,0.23496358788175206
6349,1.0
6350,1.0
6351,0.033542465556136436
6352,0.08621681803866045
6353,0.5192993997403728
6354,0.015979283669386023
6355,0.35066955561965096
6356,0.022611034242831517
6357,0.5787603778778021
6358,0.23706383664009587
6359,0.07076926129472003
6360,0.2943130402363972
6361,0.09213953013509994
6362,0.01418758305051469
6363,0.07898385485536609
6364,0.07481490607999305
6365,0.6129134645482355
6366,1.0
6367,0.015683419168102758
6368,0.03443446081690422
6369,0.12684396622078403
6370,0.2177627941805484
6371,0.7193840019203936
6372,0.6690396570268066
6373,1.0
6374,1.0
6375,1.0
6376,0.43505368546005585
6377,0.0213193600430529
6378,0.8565758322318868
6379,0.06677388474938464
6380,0.028600174047544922
6381,1.0
6382,1.0
6383,0.01822597302931241
6384,1.0
6385,0.33103522479634695
6386,0.07185734276294983
6387,1.0
6388,0.033246905499021054
6389,0.05427306129018517
6390,0.030881650879045743
6391,0.018964969079255975
6392,1.0
6393,0.056031503652012385
6394,0.12023205416162598
6395,0.05553863503978252
6396,1.0
6397,0.044645481278134155
6398,0.09958117861204512
6399,0.028490715597444222
6400,1.0
6401,0.17665818978471984
6402,0.020771987315423054
6403,1.0
6404,0.016163120126338446
6405,0.10016996968394493
6406,0.043382191569820185
6407,0.1536682206537631
6408,0.1617577846659307
6409,0.01705412157907417
6410,1.0
6411,0.19345356464101857
6412,1.0
6413,0.13754531755934257
6414,0.1412922457657404
6415,0.06712740433822573
6416,0.1942895331181817
6417,0.1809681667229043
6418,0.19570378430880178
6419,1.0
6420,0.11507100026382902
6421,0.07642193008176962
6422,0.06727823062748324
6423,0.3370791860364055
6424,0.019035314721330753
6425,0.14638722607250376
6426,0.34473060217590584
6427,0.21316651018661978
6428,0.11533596392225338
6429,0.11685332377953855
6430,0.017451297748322863
6431,0.5968653128048629
6432,0.030149094757170154
6433,1.0
6434,0.15859043932136904
6435,1.0
6436,0.11264910622637858
6437,0.045641084543180284
6438,0.15077632145286107
6439,0.3473065441185984
6440,0.12852355167000562
6441,0.06136915351396212
6442,0.09885527651183972
6443,0.02171225971720034
6444,0.03057046928267069
6445,0.01934210827737151
6446,0.05056956470199684
6447,0.5859719448188596
6448,0.33359553879522286
6449,0.1020698107747597
6450,0.20094617323452707
6451,0.3475666312757048
6452,0.05584820355023025
6453,1.0
6454,0.9931748093553887
6455,0.2484399882377795
6456,0.05685800074898017
6457,0.20357639584699883
6458,0.07015612334271895
6459,0.3001801751435902
6460,0.2286473237571681
6461,0.012541688655223976
6462,0.034050986582432934
6463,0.16576906623989854
6464,1.0
6465,0.08942109370915353
6466,1.0
6467,0.030927009078317715
6468,0.6203059922986226
6469,0.06290776738001082
6470,0.03493044564145271
6471,0.49306315032187015
6472,0.1193677984159682
6473,0.046264498903808626
6474,0.04094664053694256
6475,0.5215666540962514
6476,1.0
6477,0.08823378486924051
6478,0.36894596299851123
6479,0.24374014657653928
6480,0.03279715524862985
6481,0.9991209273143647
6482,0.3236136860223987
6483,0.19146261300785694
6484,0.029769693105808775
6485,0.08997643597640967
6486,0.0412524730290363
6487,1.0
6488,0.08972928810807632
6489,0.06231870406748278
6490,0.09972840771471438
6491,0.0436823904456014
6492,0.24145878457706868
6493,0.06507999046506639
6494,0.13896094043121363
6495,0.0218289262359961
6496,0.04686888616843022
6497,0.19764623708205595
6498,0.14831243052491094
6499,0.038547423858022914
6500,1.0
6501,0.27532028234864847
6502,0.19406433970511566
6503,0.18758785418164556
6504,0.3553155451738287
6505,0.3173195777105539
6506,0.0871996726823334
6507,0.02286978344028833
6508,0.1391039150623837
6509,0.04818779857906541
6510,1.0
6511,0.07339867911190763
6512,0.08110997406933874
6513,1.0
6514,0.046045228844972426
6515,0.19487979450481757
6516,0.1644775412322801
6517,1.0
6518,0.09726279380358649
6519,0.0199616768372454
6520,0.9510474492846344
6521,0.21645506357423405
6522,0.115949438884386
6523,0.035179968315775544
6524,0.10139010478211473
6525,0.09179975947448078
6526,0.1382435303645506
6527,0.7933634234589191
6528,0.2855445824727875
6529,0.19894100211769383
6530,1.0
6531,0.213376817245483
6532,1.0
6533,0.028924941659598934
6534,0.018386359301629334
6535,0.021292335347013757
6536,0.06975505759181755
6537,0.013107144214989562
6538,0.382424631885165
6539,0.1092498639200102
6540,0.0205530338233025
6541,0.1162441467761021
6542,0.04987156143335535
6543,0.07699418032391785
6544,0.01863815253253579
6545,0.05356613327087314
6546,0.3825464686557793
6547,0.1593729719163662
6548,0.045158418236366064
6549,0.22206686436869108
6550,0.3348852099392375
6551,0.33561466364375137
6552,0.11191083128798954
6553,0.5052506437469902
6554,0.03602565505866841
6555,0.27579172727720386
6556,0.1298363549273384
6557,0.2527833642963819
6558,0.11061574307989361
6559,0.05214861166788186
6560,0.3098353058872056
6561,0.04513660131809371
6562,1.0
6563,0.10785250527048718
6564,0.08739590942464336
6565,0.5032643579494359
6566,0.023964441288492868
6567,0.38419392721997453
6568,1.0
6569,0.0679873876704891
6570,1.0
6571,0.11236704636323863
6572,1.0
6573,0.1213483825100848
6574,0.10170861038568721
6575,1.0
6576,1.0
6577,0.22578501323901193
6578,0.10996084389278067
6579,1.0
6580,0.18564337536766587
6581,0.09510559362942454
6582,0.025594877507786936
6583,0.08731807070937586
6584,0.25468448561209067
6585,0.027489685493354975
6586,0.3881546520023947
6587,0.0915373450157487
6588,0.29412770552528117
6589,0.1704173377035662
6590,1.0
6591,1.0
6592,0.09639751752477485
6593,0.2764057491975311
6594,0.820015957674119
6595,0.14670155355148107
6596,0.05432218234585659
6597,0.07224227384707989
6598,0.4989822008171733
6599,0.13538938044225207
6600,0.8195932250338629
6601,0.016151066797514078
6602,0.018092348449800812
6603,0.0534424068083947
6604,0.01839835013034616
6605,0.0620735631853098
6606,0.12303084859252175
6607,0.15792239139113026
6608,1.0
6609,0.5563926332066098
6610,0.15205077286222043
6611,0.3631708546190383
6612,0.22235297352829367
6613,0.160611787958581
6614,0.6944338436272894
6615,0.2338222135609292
6616,0.12329013235696899
6617,0.0545691318834259
6618,0.1951832541813444
6619,0.05050135810289008
6620,1.0
6621,0.18400602560987817
6622,0.05669477758824222
6623,0.9201199673711138
6624,0.47557910127354563
6625,0.17002323333969352
6626,0.12543741166191458
6627,0.03576362600410836
6628,0.1489303474103483
6629,0.05590937814358819
6630,0.13133831192591006
6631,0.02007693056828913
6632,0.035451430073847816
6633,1.0
6634,0.05923215922219653
6635,0.9082084780679484
6636,0.0245788731633818
6637,0.042393100503886526
6638,0.02204155549279719
6639,0.1450344470801642
6640,0.224598720546388
6641,1.0
6642,0.008573933440160083
6643,0.5256367484971665
6644,0.04118228404081701
6645,0.11109565909261053
6646,0.033847907268407494
6647,0.03783876462198782
6648,0.8772972996133827
6649,0.06922136974499411
6650,1.0
6651,0.3164672491982044
6652,0.06459410749498225
6653,0.030569960096106574
6654,1.0
6655,0.19846483749355456
6656,0.035889794044824536
6657,0.5442259487248211
6658,0.21579258610762161
6659,0.18082696054190572
6660,0.1069860317615329
6661,0.15890914087489974
6662,0.346814644613115
6663,0.0735300530716747
6664,1.0
6665,0.04014375567611313
6666,0.2133726612973696
6667,0.025749760324706005
6668,0.01934210827737151
6669,1.0
6670,1.0
6671,0.04875599056947006
6672,0.2604043979321657
6673,0.10179784655717858
6674,0.028029484467492233
6675,0.17351899512472008
6676,0.08663743064337266
6677,0.2556098150971054
6678,0.11961543930875783
6679,0.6758560971444971
6680,0.09475605023165568
6681,0.22547330174956232
6682,0.1374352707702517
6683,0.02241664827574358
6684,0.30208607918369546
6685,0.09011207440182054
6686,0.15459662318719922
6687,0.11574732977945607
6688,0.3474381110219202
6689,1.0
6690,1.0
6691,0.07082417556433838
6692,0.07115464786786012
6693,0.060464316655061294
6694,0.38908359864464276
6695,0.11129473169542133
6696,0.07442184343195027
6697,0.014246485121779767
6698,0.1659764655041432
6699,0.28003752267921966
6700,0.15758517488580118
6701,0.27895380642030654
6702,1.0
6703,0.14350414519492066
6704,0.030440246304980483
6705,0.1510252544464273
6706,1.0
6707,1.0
6708,0.24230703837345438
6709,0.018435975956351505
6710,0.260591399141728
6711,0.1215257248916229
6712,0.3307379443262117
6713,0.1238652632642844
6714,0.27479646816060155
6715,0.10220689965430414
6716,0.2420656074128409
6717,0.02287653960233365
6718,0.1675381107675582
6719,0.028836194111511414
6720,0.015026286744066543
6721,0.20850216210592304
6722,0.06012901564403794
6723,0.0415361363701842
6724,1.0
6725,0.2625747880951786
6726,1.0
6727,0.031146893179214895
6728,0.0940843553656217
6729,0.28005243617905407
6730,0.11167494249758467
6731,0.18422410107205117
6732,1.0
6733,0.2289209943996386
6734,1.0
6735,0.15818092500740705
6736,0.02147105340008678
6737,0.050673906317662665
6738,0.0648291294093694
6739,1.0
6740,0.010061584209201094
6741,0.16750606539845475
6742,0.2290627060095898
6743,1.0
6744,0.9852042328455068
6745,1.0
6746,0.03183899070605192
6747,1.0
6748,1.0
6749,0.6300795647245351
6750,0.14688805673479838
6751,0.9607155442398281
6752,0.10471558099102832
6753,1.0
6754,0.5464664922305204
6755,0.10671223414563262
6756,0.032454780618195435
6757,0.3262301320547035
6758,0.033740708357388925
6759,0.026969947955181907
6760,0.29878196317705996
6761,0.6779911203330669
6762,0.9428631538067211
6763,0.08521257449181997
6764,0.1256059415214635
6765,0.0432842881141709
6766,0.03628754987482111
6767,1.0
6768,0.056708697399851155
6769,0.13314263621594866
6770,0.34314458804531595
6771,0.14489758640376035
6772,0.981990174534616
6773,0.06133048158948799
6774,0.4376919361790507
6775,0.9985179573450031
6776,0.08008947516163395
6777,0.26763726346352185
6778,0.015106921821585505
6779,0.050889103462259194
6780,0.05583724119560983
6781,0.039293506110129515
6782,0.06200193428815512
6783,0.024309309543027277
6784,1.0
6785,0.03779702243299266
6786,0.04062000330210727
6787,1.0
6788,0.08515717667347543
6789,0.6188795454714527
6790,0.018020419105231247
6791,0.07094509935084577
6792,0.018655657626870402
6793,1.0
6794,0.0620735631853098
6795,0.0640677814627722
6796,0.11002697588630575
6797,0.07250233880945166
6798,0.0885059558601664
6799,0.06020230062760509
6800,0.020400162803501456
6801,1.0
6802,0.14452041823786027
6803,0.10284793892697468
6804,0.10641876583570148
6805,0.05423860259413848
6806,0.08337998058668353
6807,0.05287610110392501
6808,1.0
6809,0.03194677681546649
6810,0.10981800053419769
6811,1.0
6812,0.040631770124254105
6813,1.0
6814,1.0
6815,0.1280057315884974
6816,1.0
6817,0.031198298148945224
6818,0.5366900790284248
6819,0.24576869002507637
6820,0.3690249932013973
6821,0.35391534225450116
6822,0.860926883989446
6823,0.5824203758451199
6824,1.0
6825,0.11063247567761321
6826,0.23153991828636203
6827,0.025594387940562117
6828,0.031057289772895506
6829,0.03741884806263556
6830,0.07864223078014286
6831,0.12148101839319146
6832,0.16748631158591729
6833,0.08138834576381178
6834,0.02725785050555162
6835,0.08870484662467051
6836,0.0925950741825588
6837,1.0
6838,0.03408997008178146
6839,0.11601773833336723
6840,0.5166358714443907
6841,0.14825953290647034
6842,0.040891992818538565
6843,0.15642727964156067
6844,0.06969716524299331
6845,1.0
6846,0.11186782280488312
6847,0.07023212814908239
6848,1.0
6849,0.04986934805676272
6850,0.1617090351858498
6851,0.11783796348321011
6852,0.10924745166979108
6853,0.2689363110656117
6854,0.15608388632786332
6855,0.14394719512836332
6856,0.14248093469994869
6857,0.05138022227735838
6858,0.29758364165688833
6859,0.016305379455472155
6860,0.07015612334271895
6861,0.17238441533480306
6862,0.06552748204295161
6863,0.212769426258796
6864,0.015158288230379593
6865,0.2210758172643083
6866,0.14318199692143083
6867,0.11971621368374082
6868,0.6574369868602611
6869,0.030033891568605236
6870,0.2696902620698721
6871,0.10463334167722782
6872,0.03194677681546649
6873,0.16331195090544148
6874,0.06858033687838083
6875,1.0
6876,1.0
6877,0.028600174047544922
6878,0.0580420303915397
6879,0.15205077286222043
6880,0.8834253005484284
6881,0.18841736243867133
6882,1.0
6883,0.11304720088164949
6884,0.1251989190992114
6885,0.028448370536870365
6886,0.044031830871601604
6887,0.96048803795758
6888,0.04081073886196367
6889,0.17036483050689127
6890,0.17632971271061704
6891,0.009768499679534259
6892,0.46372640863168946
6893,1.0
6894,0.10615443894111593
6895,0.05721260545771682
6896,0.6577801267993146
6897,0.3714902355291869
6898,0.26030506227319017
6899,0.11914476017896122
6900,0.08234390176472217
6901,0.4350190689432982
6902,0.9993993881119666
6903,0.3702241712526116
6904,1.0
6905,0.02755035601171781
6906,0.058483594563178046
6907,0.23262646271832862
6908,0.637495211033129
6909,1.0
6910,0.3559724846678789
6911,0.23398425051162555
6912,0.022297879953835593
6913,0.08124856263642986
6914,0.11900032754228752
6915,0.22642364733209466
6916,0.281443952433941
6917,0.2632460754296555
6918,0.3278934271455631
6919,1.0
6920,0.09584085577491804
6921,1.0
6922,0.0824702161819588
6923,0.10508031564981989
6924,0.09038367508124114
6925,1.0
6926,0.026498675343695658
6927,0.01831116084499221
6928,0.5139215204689827
6929,0.16207348089802945
6930,0.08146602341790457
6931,0.034801153610887314
6932,0.0952942204552567
6933,0.03402605507736411
6934,1.0
6935,0.5697951426150794
6936,0.387300572886314
6937,0.3766424587813931
6938,1.0
6939,0.05831272866750868
6940,0.025613795144233464
6941,0.039867491850488754
6942,1.0
6943,0.4164229205167961
6944,1.0
6945,1.0
6946,0.040160428116350226
6947,1.0
6948,0.5972267768636769
6949,0.07900476093117363
6950,0.07795861578631792
6951,0.21188265406106463
6952,0.2978964692456919
6953,0.046554749180621295
6954,0.7555214183970953
6955,0.023571489132759055
6956,0.14370766959035436
6957,0.10296300857876521
6958,0.11235393042210484
6959,0.320442462822303
6960,0.05636204817084446
6961,0.39237912546229897
6962,0.20871794095754642
6963,0.13028155153383433
6964,0.018498449179214914
6965,0.6244522025482235
6966,1.0
6967,0.05513461233930689
6968,1.0
6969,0.01195924393891099
6970,0.26322501464296894
6971,1.0
6972,0.05718711320927724
6973,0.1742996386266916
6974,0.071432847125263
6975,0.0788540058920535
6976,0.2561418906901818
6977,1.0
6978,0.2088521005097722
6979,0.5164076932134702
6980,0.11387042576581766
6981,0.06044052773591212
6982,0.1415500814991128
6983,0.1711949863545269
6984,0.22656861333518388
6985,0.12566444149142872
6986,0.25007625334726347
6987,1.0
6988,0.07943328431200031
6989,1.0
6990,1.0
6991,0.022536034628288654
6992,1.0
6993,0.02185126375152377
6994,0.9999995777134705
6995,0.29535983136220917
6996,1.0
6997,0.4578446550272128
6998,0.02895823250683885
6999,0.08222362631488452
7000,0.27606993477867303
7001,0.047107765216962263
7002,0.16314606762290973
7003,1.0
7004,1.0
7005,1.0
7006,0.4746565939363597
7007,1.0
7008,1.0
7009,1.0
7010,0.43817015635722595
7011,0.0610067718529329
7012,0.10276453242547735
7013,0.06057571638521431
7014,0.07479408858431917
7015,1.0
7016,1.0
7017,1.0
7018,0.03264978396843197
7019,0.35640424166132234
7020,0.5134361789910601
7021,0.06693345840043036
7022,1.0
7023,0.06944547159590995
7024,0.1124088279686102
7025,0.060200899744295606
7026,1.0
7027,0.09926854932007866
7028,0.022454628705348558
7029,0.19834147024769605
7030,0.3990363564373858
7031,0.04062000330210727
7032,0.612243038659426
7033,0.6003946744640288
7034,0.2877756633360845
7035,0.5486050673189616
7036,0.2361955680616415
7037,0.3283368423701114
7038,0.021597664164366693
7039,1.0
7040,0.8179613901121682
7041,1.0
7042,0.20431452712789497
7043,0.1452521981123823
7044,0.09365683237676485
7045,0.3322060178435637
7046,0.029043493153533065
7047,1.0
7048,1.0
7049,0.04507854857949955
7050,0.11296897670292888
7051,0.1762196119464603
7052,0.13980734550630594
7053,1.0
7054,0.859103293172111
7055,1.0
7056,0.18958669281958337
7057,0.013961383680767462
7058,0.31675777357441587
7059,0.1494433109898891
7060,0.05360648547606629
7061,1.0
7062,0.22389569304065451
7063,0.25042486567103445
7064,0.2051033202059081
7065,0.1429717445056409
7066,1.0
7067,0.0833848790315116
7068,0.07170137274827203
7069,0.1174445367153341
7070,1.0
7071,1.0
7072,0.1540458585398779
7073,0.11694032345323667
7074,1.0
7075,1.0
7076,0.044336954920808504
7077,0.179713895937427
7078,0.05962662177321407
7079,0.2610425190236055
7080,0.15358415888317303
7081,0.019606728645972415
7082,0.3117174777353722
7083,0.06554299297883177
7084,0.3397404291539894
7085,1.0
7086,0.3208160050454115
7087,1.0
7088,0.05868337923463765
7089,0.20710937791483816
7090,0.15786670156810498
7091,0.02913249861353525
7092,0.5432171465287889
7093,1.0
7094,0.413039359710007
7095,0.039204932399752764
7096,0.08477818881327906
7097,0.4799746549068253
7098,1.0
7099,0.023367461692389138
7100,0.02963984523895897
7101,0.050784266712225995
7102,0.09711232796761363
7103,0.24334432922832328
7104,0.16420732556711568
7105,1.0
7106,0.04537342591594591
7107,0.1138071685866758
7108,0.03385900899450722
7109,1.0
7110,0.1531013816635294
7111,0.12045167443750114
7112,0.07878436519637505
7113,1.0
7114,0.5441485159526023
7115,0.13284193108228304
7116,0.02420913410997474
7117,0.04800932058434806
7118,1.0
7119,0.09030337703510136
7120,0.02898875578703778
7121,0.0261676933450164
7122,1.0
7123,0.017639802931320423
7124,0.9351014098415776
7125,1.0
7126,0.23412814477795157
7127,0.028751523995800405
7128,0.17626889049254
7129,1.0
7130,0.10888940502240536
7131,0.24037937673924417
7132,1.0
7133,0.18163325635625557
7134,0.21111485293216756
7135,0.05196984602311202
7136,0.03820713471143908
7137,0.05602644096723471
7138,1.0
7139,1.0
7140,0.6824530816374054
7141,0.3132964569623958
7142,0.9916095017480423
7143,0.19011263667200656
7144,0.19453072410548522
7145,0.15101438263552164
7146,0.2369169817098913
7147,0.037385196830713535
7148,0.036485950247982395
7149,0.03126336972969626
7150,0.9273151143692678
7151,0.26434618755351946
7152,0.351240763661836
7153,0.1378737615265968
7154,0.07994481698296588
7155,0.16038805215361004
7156,0.07378467308704444
7157,1.0
7158,0.10744500431305459
7159,0.06239067457752328
7160,0.03982977324777924
7161,0.041782149503887304
7162,0.15571158674344432
7163,0.3363476081654236
7164,1.0
7165,0.05810884887657564
7166,0.050673292421575374
7167,0.15622957757909528
7168,0.2698081353112973
7169,0.041075760457863084
7170,0.13105956302449964
7171,1.0
7172,0.5014681167679277
7173,1.0
7174,0.09774314459384201
7175,1.0
7176,0.6407967291369637
7177,0.2414455283687558
7178,0.1015728712357956
7179,0.08300819904170322
7180,0.0995507482394298
7181,0.3203529960697223
7182,0.999999999997454
7183,0.3242865031011815
7184,0.752752484557462
7185,0.5616022254589881
7186,0.04116347129991775
7187,0.20446461419912748
7188,0.018116825969116356
7189,0.0929385182911805
7190,0.3163219585419022
7191,0.7841308891339792
7192,0.07600479438572251
7193,0.8969629459790455
7194,0.18812045347352918
7195,0.0284495974783171
7196,1.0
7197,1.0
7198,0.058185109229804785
7199,0.28629045019224697
7200,1.0
7201,0.0752880290521903
7202,0.2351038964918366
7203,0.1517063538530928
7204,0.15866416776329897
7205,0.08709088777839084
7206,0.11400325896748306
7207,1.0
7208,0.9415013688386233
7209,0.08723340159996545
7210,0.10986260992870835
7211,0.13916206223427505
7212,0.02935126189190048
7213,0.07049648278459941
7214,0.9502239919066573
7215,0.0400319001318318
7216,0.033168583661099274
7217,0.05479507151227343
7218,0.04901808949606829
7219,0.022026141335105553
7220,0.1698882843812549
7221,0.50746635526014
7222,0.15554982545178517
7223,0.38336188183140585
7224,0.04933727060830093
7225,0.047749352917898974
7226,0.10732258202439314
7227,1.0
7228,0.10427734613943761
7229,0.028191448393627784
7230,0.0254482179905837
7231,0.6035086946098817
7232,0.04901808949606829
7233,0.4377950214023592
7234,1.0
7235,0.16706183248600442
7236,0.025094704151780636
7237,0.014091117470889262
7238,1.0
7239,0.021102080646082655
7240,0.3932489445491247
7241,0.015269472267326948
7242,0.907041534258773
7243,1.0
7244,0.24834289146615116
7245,0.05857478511776963
7246,0.5104448617742492
7247,1.0
7248,0.643509160659753
7249,0.032161491923619306
7250,0.11485537514050448
7251,0.023088013873493858
7252,0.06175795740313514
7253,0.19735218717676672
7254,0.2497553306459578
7255,1.0
7256,0.17771030379066843
7257,1.0
7258,0.16977162377298094
7259,0.22084042407802879
7260,0.06483301510491506
7261,1.0
7262,1.0
7263,1.0
7264,0.1831915545633531
7265,0.22486424037618508
7266,0.01720437641349286
7267,0.04806723520041749
7268,0.17871342271296498
7269,0.26603357101974673
7270,0.019606728645972415
7271,0.19412825690863073
7272,0.11821129226897782
7273,1.0
7274,0.039174709418502145
7275,0.09631275806441329
7276,0.06566872919632563
7277,0.035535068627644426
7278,0.10762121720512155
7279,0.031723029766261825
7280,0.0368361015816319
7281,0.14367510941600556
7282,0.008103692244287225
7283,0.017108617736981652
7284,1.0
7285,0.09174667283148392
7286,0.3086837659650088
7287,1.0
7288,0.10273389547431314
7289,0.07490188176128092
7290,0.04421104073369544
7291,0.10025100227777957
7292,1.0
7293,0.17187177818610933
7294,0.019916643147920524
7295,0.0208087644062626
7296,0.04784946226613709
7297,0.09651046733313574
7298,0.03201627402437105
7299,0.8144995888889663
7300,0.12496653155780298
7301,1.0
7302,0.0204353571253387
7303,0.05178397868627052
7304,0.043381252623686306
7305,0.258624136529732
7306,1.0
7307,0.25600565899995537
7308,0.22211229015296044
7309,0.9270886279496867
7310,0.024098525121397613
7311,0.15411918032413416
7312,1.0
7313,0.019125696708899093
7314,1.0
7315,0.2581398560930563
7316,1.0
7317,0.039204932399752764
7318,0.06903672703539444
7319,0.029043225714321604
7320,1.0
7321,0.02903392289493852
7322,0.20924259184113242
7323,0.04781921220818157
7324,1.0
7325,0.029407132973693653
7326,0.06428723943212364
7327,0.5334251514174534
7328,0.2097513617067667
7329,0.07446282086793239
7330,0.370984128425656
7331,0.09270984566105905
7332,0.06957228809299192
7333,0.44881622756613626
7334,0.32000399443873057
7335,0.26437273676412393
7336,0.20182771079247339
7337,0.05583724119560983
7338,0.02203988221702885
7339,1.0
7340,1.0
7341,0.059952422600201186
7342,0.1617090351858498
7343,0.059387688092240494
7344,0.02523224296882483
7345,0.022536034628288654
7346,0.048972597550308555
7347,0.5495792827873603
7348,1.0
7349,0.04860372957909238
7350,1.0
7351,0.3206917292295191
7352,1.0
7353,0.38913309374029526
7354,0.19822846401094946
7355,0.11703602034081176
7356,0.8375926359324687
7357,0.04264063525479207
7358,0.9794293445724274
7359,0.03495601582980716
7360,1.0
7361,0.041134354509619074
7362,0.16631054133233292
7363,0.05630961887305357
7364,1.0
7365,0.33363810708481717
7366,0.036924474081399615
7367,0.21798153612423565
7368,0.2671945189607395
7369,0.2841956334278699
7370,0.13831205780496644
7371,0.5591946888117387
7372,0.16415805353197327
7373,0.09233084760327469
7374,0.9520292271964524
7375,0.02206218522784976
7376,0.2671945189607395
7377,0.22581276727538366
7378,0.17393823230918962
7379,0.9999598104150365
7380,0.2629953482841346
7381,0.8243200251459665
7382,0.019313931043083616
7383,0.6565165233494844
7384,0.08696738286717244
7385,1.0
7386,0.1369539338660387
7387,0.030603572271013468
7388,0.12158824667638506
7389,1.0
7390,0.9681000772254069
7391,0.4488594211644687
7392,0.14597661345554194
7393,1.0
7394,0.06381524486843876
7395,0.09603769927850075
7396,0.14505017287481747
7397,1.0
7398,0.26825536735231564
7399,1.0
7400,0.060027443475313504
7401,0.13836076483042603
7402,0.052051441516657235
7403,0.10314027724021835
7404,1.0
7405,0.07571936388391218
7406,0.0133421986332592
7407,0.17068306824636023
7408,0.024615422485738975
7409,0.07702990939481501
7410,0.16434721445499356
7411,0.1305671186113373
7412,0.07629418272147578
7413,0.1386756499194852
7414,1.0
7415,0.2681776008864621
7416,0.018094445580127225
7417,1.0
7418,0.3656155944855668
7419,0.02878073696852607
7420,0.05252369749435697
7421,0.1570773382112368
7422,0.44531673698931656
7423,0.13579730748904828
7424,1.0
7425,0.07697601721411418
7426,0.0470824169744516
7427,0.40749648572158015
7428,0.13071961965080073
7429,1.0
7430,1.0
7431,0.43835368942470276
7432,0.23758997385790442
7433,1.0
7434,1.0
7435,0.2713889454166443
7436,0.137745676451687
7437,0.2241920099149273
7438,0.5243635060693115
7439,1.0
7440,1.0
7441,0.053263420588718864
7442,1.0
7443,1.0
7444,0.07819689687525735
7445,0.06591198235970055
7446,0.24537528022001218
7447,0.06013983753487994
7448,0.17633330889213597
7449,0.45514707784210745
7450,0.02221199008423549
7451,1.0
7452,1.0
7453,0.08271898172095869
7454,1.0
7455,1.0
7456,0.19828241576914893
7457,1.0
7458,0.19257609863527284
7459,0.15931686733952502
7460,0.0432674129655632
7461,0.24581743218927674
7462,1.0
7463,1.0
7464,0.0412524730290363
7465,0.09375408657339399
7466,1.0
7467,0.0743687869651969
7468,0.1217682169136997
7469,0.18744553137806694
7470,0.034591254989271666
7471,0.03493044564145271
7472,0.05939503460873259
7473,0.11430169433319988
7474,0.014111378135689195
7475,0.08567783509721276
7476,0.059267659926206306
7477,0.01743870803136
7478,0.21410436867486154
7479,0.34352952438380036
7480,0.030033891568605236
7481,0.05263969887483606
7482,0.1240164579283576
7483,0.09152640970125436
7484,0.038003377739070976
7485,0.5704808163247697
7486,0.8250096206815926
7487,0.19484989915819792
7488,0.7365956393792786
7489,0.07033035770206353
7490,0.07044681267950145
7491,0.9960961662375953
7492,1.0
7493,0.03010152369617218
7494,0.017545889136658867
7495,0.060990034453738996
7496,1.0
7497,0.16331195090544148
7498,0.32118754945168726
7499,0.19182847458900842
7500,0.11490530964969331
7501,0.2073812684370661
7502,0.15164324384426076
7503,0.11363535930444932
7504,0.14257444377393005
7505,0.1289567837594104
7506,0.14728780462504906
7507,0.19921442995976432
7508,0.1527077319889939
7509,0.18985031097411173
7510,0.07445306413513429
7511,1.0
7512,0.41473913349010405
7513,0.07664447388306472
7514,0.047340796287212175
7515,0.01583244511607482
7516,0.34096363620581455
7517,0.14806718918086156
7518,0.09172545629978295
7519,0.02042419225567189
7520,0.079812828595139
7521,0.11540851748181352
7522,0.1280151361577006
7523,0.03200037554653721
7524,0.03194540401086666
7525,0.07387329336107137
7526,0.17194862478468104
7527,0.1825510054672964
7528,0.06863130032188276
7529,1.0
7530,0.07279497914843647
7531,0.0890857230037509
7532,0.21276486089284216
7533,0.99990719395191
7534,0.6692652349186995
7535,0.15277035286967577
7536,0.16948438945024072
7537,1.0
7538,0.2729000551914138
7539,0.054678788858531814
7540,1.0
7541,0.07774712926170661
7542,0.09092371789257497
7543,0.6901304191554272
7544,1.0
7545,0.3145965457170466
7546,0.16628397406139903
7547,0.2697746308022226
7548,1.0
7549,0.12095211033199037
7550,0.15452470916090752
7551,0.7965304169050154
7552,0.10301613805476235
7553,0.8979562304021246
7554,1.0
7555,0.02197718283011944
7556,0.18738030312285134
7557,0.39891859795264306
7558,0.0537838684580969
7559,0.10121323117486176
7560,0.4185689870374123
7561,1.0
7562,0.1667300214440668
7563,0.07399731189862721
7564,0.11418381348571299
7565,0.7650692384603122
7566,0.33974368063015964
7567,0.14002925796868748
7568,0.1581842221351491
7569,1.0
7570,1.0
7571,0.1708018755512781
7572,0.19454140370782477
7573,0.19028932612472169
7574,0.2761323278058794
7575,0.9397322539539139
7576,0.052745694953324936
7577,0.033542465556136436
7578,0.06575294233822437
7579,0.24135744364664008
7580,0.016022201234991297
7581,0.07046904288021112
7582,1.0
7583,0.21026400151122127
7584,0.1559671714221092
7585,0.027148623455154914
7586,1.0
7587,0.045138643657876155
7588,0.05241785370679161
7589,1.0
7590,0.3057095446769623
7591,0.016367714504459042
7592,0.5291736331706037
7593,0.05065196273932096
7594,0.04857733216807253
7595,0.4737923448961693
7596,0.20681609250222696
7597,0.09357398916528299
7598,0.1601056629941999
7599,0.08270715321836597
7600,0.18253034026376455
7601,0.025620103125972276
7602,0.11404557079987065
7603,0.23966607383674235
7604,1.0
7605,1.0
7606,0.08620841205880252
7607,0.016996903702048437
7608,0.065459273948864
7609,0.06919807004925894
7610,0.05342300390982382
7611,1.0
7612,0.9328007273143123
7613,0.34770747092648013
7614,1.0
7615,0.061771019881281794
7616,0.23098749254313372
7617,0.20773053118025978
7618,0.10430905395558046
7619,0.04261082006269757
7620,0.017121373237565785
7621,1.0
7622,0.44215470207170937
7623,0.43397616436482866
7624,0.3435439780865403
7625,0.2990399288418341
7626,0.06068734893801453
7627,1.0
7628,0.17391443897296244
7629,0.12004431456901452
7630,0.1397421301311666
7631,0.3904302236293707
7632,0.43649091226061926
7633,0.059833436351673465
7634,0.06995064752016708
7635,0.06811525838197316
7636,0.08406613784389005
7637,0.11330236356008057
7638,0.04901808949606829
7639,0.48050469624900577
7640,0.021519986596294473
7641,0.9757443799974962
7642,0.1308451835438178
7643,0.1584175742203161
7644,0.11611379600731893
7645,0.17368581744153208
7646,0.06636031728498978
7647,1.0
7648,0.05791807491257623
7649,0.22940597499867157
7650,1.0
7651,0.09876833615895736
7652,0.1977280531116193
7653,0.053033423592292205
7654,0.22452578723630492
7655,0.11885826265212866
7656,0.024830197025916538
7657,0.2711684521585994
7658,0.05432218234585659
7659,0.04501971970170333
7660,1.0
7661,0.1378652680645531
7662,1.0
7663,0.4582862737396624
7664,1.0
7665,1.0
7666,0.2663111084563311
7667,1.0
7668,0.06379022708110942
7669,0.21402599517947685
7670,0.2522035641065985
7671,0.023500092950418047
7672,1.0
7673,0.3169445812886446
7674,0.06871002690509588
7675,0.060766837988861004
7676,0.16011500119265254
7677,0.02537275045712012
7678,0.15695697381574228
7679,0.5532168175568153
7680,0.10491229950026137
7681,0.22737682259842634
7682,0.06574017116957932
7683,0.5004786741816727
7684,0.0871996726823334
7685,0.09763523480228779
7686,0.02914828222220243
7687,0.13922974115512263
7688,0.9806592372068258
7689,1.0
7690,0.06667898004476823
7691,0.343020036241351
7692,0.020509035083510742
7693,1.0
7694,0.024999647161042554
7695,0.1215257248916229
7696,0.05989560148738591
7697,0.12077152542067608
7698,0.31993013947416177
7699,0.5923024258831742
7700,0.01664155041939129
7701,0.026084398449584396
7702,0.043784566342909705
7703,0.344755315103236
7704,0.07087001217953297
7705,0.0953056225514981
7706,0.09419895900121679
7707,0.040832287543365216
7708,0.19767110169440216
7709,0.5706039886579011
7710,0.6911632833623427
7711,0.08497492058829464
7712,0.5153777677759398
7713,0.3262880631792515
7714,0.19650689982451128
7715,0.23812853140067705
7716,0.8949553600307293
7717,0.11217341401962597
7718,0.0907223898470195
7719,0.10999182170529766
7720,0.37870345270042
7721,1.0
7722,0.04395012409373087
7723,0.10545124102874365
7724,1.0
7725,1.0
7726,0.35393473166437533
7727,0.6299333988699846
7728,0.041207165858987475
7729,0.04305982837637861
7730,1.0
7731,1.0
7732,0.06077446938361139
7733,0.025598416205900226
7734,0.7730872345991763
7735,0.9710120565077986
7736,1.0
7737,1.0
7738,1.0
7739,0.5072370862803192
7740,0.14746655012313767
7741,0.0326365581892102
7742,0.039478753181745
7743,0.4785789193935816
7744,0.030423522903159007
7745,0.15343699702276178
7746,0.15604610624389686
7747,0.20182007736051077
7748,0.17087321569051234
7749,0.3384876926925357
7750,0.5599275787392323
7751,0.15676305120192674
7752,0.0640677814627722
7753,0.07924959919245833
7754,0.3376020570297712
7755,0.023890959479378276
7756,1.0
7757,1.0
7758,0.08194530125770773
7759,0.233573673343174
7760,0.10306605382698168
7761,1.0
7762,0.5436665564603854
7763,0.07224386674647762
7764,0.009108336422878787
7765,0.16552602197169716
7766,0.12191565631059478
7767,0.3214377096422074
7768,0.7117380201573332
7769,0.48563057660966713
7770,0.16503711420493716
7771,0.04636635425396889
7772,0.057876715416305784
7773,0.7439088854067504
7774,0.2809410853462329
7775,0.06284113017436607
7776,1.0
7777,0.10146710274270211
7778,1.0
7779,0.8830273879006939
7780,0.04029226234183817
7781,0.07072858783463336
7782,0.040496178541989024
7783,0.2887019453927632
7784,0.1359475197588965
7785,0.05346737056360355
7786,0.059919189605926564
7787,0.06029308146046884
7788,0.07549399966340505
7789,0.02712860379809801
7790,0.7585198685160904
7791,0.16180011683769455
7792,0.05102187167451129
7793,0.041134354509619074
7794,0.10433130817063259
7795,0.27276682267090013
7796,1.0
7797,0.6066313941776789
7798,0.03755302949717357
7799,0.06474131057861626
7800,0.0275621725072402
7801,0.03481994181046124
7802,0.097589815024542
7803,0.032454780618195435
7804,0.12235050553567785
7805,1.0
7806,0.35651977263752765
7807,0.19399884100347006
7808,0.25248637474835556
7809,0.8568657259051166
7810,0.15292974716025465
7811,0.39765924188727914
7812,0.18482329842655632
7813,0.028945405855003953
7814,0.1372902082069463
7815,0.05759242185570884
7816,0.9965345042924967
7817,0.01937551334924958
7818,0.46653428116035384
7819,1.0
7820,1.0
7821,0.09743351226623773
7822,0.478238250258128
7823,0.3392591867280465
7824,0.208170487115488
7825,0.0291590678346295
7826,0.032940101045191066
7827,0.019782005661582662
7828,0.27901156673653105
7829,0.07927771419559644
7830,1.0
7831,1.0
7832,0.172081673043134
7833,0.14963236825053236
7834,0.05046604852544598
7835,0.19793877088134249
7836,0.24746693031454828
7837,0.3152357041187691
7838,0.07651550791855738
7839,0.08583015263953844
7840,0.027437084269078392
7841,0.13060718299321097
7842,0.38463301842424696
7843,0.23833896804611404
7844,0.043585308036400754
7845,0.02293670927555325
7846,0.21553490058247127
7847,0.12049369503967607
7848,0.049256111202196085
7849,0.29879588445104294
7850,0.05561351892522219
7851,0.9999960768126088
7852,1.0
7853,0.022153045331890997
7854,0.02776793812585245
7855,0.057345597999268534
7856,1.0
7857,0.12373276538398656
7858,0.5023346561505849
7859,0.1602804634722578
7860,1.0
7861,0.06361862646926232
7862,0.41602689071910925
7863,0.035587925847416504
7864,0.14819160266215334
7865,0.015014411741427872
7866,0.6516382990201641
7867,0.33882888421480223
7868,0.13457697879105218
7869,0.20253231606136893
7870,0.015875281345514566
7871,0.049783593645508176
7872,0.05251443797243467
7873,0.0733348473773149
7874,0.2430880267255103
7875,0.06830366603874541
7876,0.2038606059457188
7877,0.25457728305982397
7878,0.1768304078506327
7879,0.06450434410949257
7880,0.017998649195992457
7881,0.048920351383875495
7882,0.08748744706847086
7883,1.0
7884,0.16637252521735613
7885,0.16757355911076963
7886,0.17672695580213346
7887,0.18985031097411173
7888,1.0
7889,0.029805268319572243
7890,0.6536047981462384
7891,0.04485225422486865
7892,0.3009417064786825
7893,0.09854472603584732
7894,0.017971900359653868
7895,0.08933702512575063
7896,0.2544346666791367
7897,0.8570746684506455
7898,0.10678168064664866
7899,0.09522317368032006
7900,0.22847865338935858
7901,0.18841736243867133
7902,0.19686749762495526
7903,0.06022600179274437
7904,0.2574699248180819
7905,0.11131233657376646
7906,0.132620725913618
7907,1.0
7908,0.6969705140673941
7909,0.2211706013155354
7910,0.8137526972393334
7911,0.08656612482559947
7912,0.04512059485849332
7913,0.16398032847937494
7914,0.12638651196694775
7915,0.10107807876063232
7916,1.0
7917,0.22482469058186202
7918,0.0801584837283008
7919,0.10329806790334925
7920,0.03761505867035791
7921,0.017665581764059333
7922,0.3775300911848535
7923,0.21336122176733016
7924,0.041904658954877994
7925,1.0
7926,0.07046904288021112
7927,0.5841004793203438
7928,0.03363954855469208
7929,0.8004706981726333
7930,1.0
7931,0.02091977075667919
7932,0.033740708357388925
7933,1.0
7934,0.03573140807779433
7935,1.0
7936,0.4853806958655935
7937,0.08359537131435887
7938,0.503464524626365
7939,0.09619380233327204
7940,1.0
7941,0.031635609209351954
7942,0.12308913154456967
7943,0.999979436694739
7944,1.0
7945,0.11849572257102725
7946,0.009144030611056292
7947,0.40110950508561216
7948,1.0
7949,0.01568736559572311
7950,1.0
7951,1.0
7952,0.0388979953598096
7953,0.783972370771656
7954,0.3774257971923548
7955,0.06995353552217316
7956,1.0
7957,0.17010475677487183
7958,0.735621471454728
7959,1.0
7960,0.19084779674733107
7961,0.02269910136406629
7962,0.48129143201538105
7963,0.04545872731413385
7964,0.18137849358870922
7965,0.11738140424763549
7966,0.07447118480650808
7967,0.014511985901220206
7968,0.029084460155941242
7969,0.024204966977009645
7970,0.03916975978427716
7971,0.0706128584984524
7972,0.4019739948734887
7973,0.8602802985321107
7974,0.11186926293875259
7975,0.023491790190869846
7976,0.15859043932136904
7977,0.048749668877103185
7978,1.0
7979,0.10264102361166655
7980,0.19779450190632228
7981,0.03861102965367383
7982,0.08179926103555701
7983,0.06016094446627429
7984,0.0275621725072402
7985,0.031824929881273056
7986,0.030820610548482355
7987,0.05446238250096068
7988,0.15786670156810498
7989,0.18923667417258475
7990,0.054004614357544355
7991,0.20126990493773803
7992,0.08181710848005969
7993,0.038010449761156695
7994,0.02940137199324833
7995,0.031055863835238277
7996,0.11210709070443377
7997,0.888713756302456
7998,0.07053350364481564
7999,0.024180761524833026
8000,0.1380777247768279
8001,0.2693326571611435
8002,0.049383919117541586
8003,0.9979177725420469
8004,1.0
8005,0.2097513617067667
8006,0.02613054134673521
8007,0.1256479509456329
8008,1.0
8009,0.1374352707702517
8010,1.0
8011,0.0284495974783171
8012,0.20519931819279127
8013,0.3724203697534885
8014,0.1923051995518542
8015,0.6889284865060163
8016,0.034935041116647074
8017,1.0
8018,1.0
8019,0.12412067335598397
8020,0.12505491439012836
8021,0.04212073706656011
8022,1.0
8023,0.16930554850800725
8024,0.019758716514345055
8025,0.1700270796642994
8026,0.9619092469662959
8027,0.018102993576616228
8028,0.4430483862997691
8029,0.2283328260710209
8030,0.12707933800569923
8031,0.04456791064771778
8032,0.015749591769350365
8033,0.7723595736976803
8034,0.35731016658807624
8035,0.5835119614781434
8036,1.0
8037,1.0
8038,0.032478599531881945
8039,0.8801256311357024
8040,0.7355192930967168
8041,0.586134859513426
8042,0.2019812727432816
8043,0.18587558452141328
8044,0.7716199580039629
8045,0.41554287234983633
8046,0.14992493183114933
8047,0.03560850860528904
8048,0.046502981906054036
8049,0.04885293133091695
8050,0.05392860421769819
8051,0.12705929848321834
8052,0.35364532735087933
8053,0.011732730187566827
8054,0.11330236356008057
8055,0.0483952263023244
8056,0.04541248761226269
8057,1.0
8058,0.015088202542351171
8059,1.0
8060,0.13127242866100403
8061,0.9999999959137702
8062,0.07411248718203711
8063,0.15708195088716048
8064,1.0
8065,0.15770311962102843
8066,0.23475025079319997
8067,0.03025533792155901
8068,0.15764352833464884
8069,0.2330945266125293
8070,0.04531303309485994
8071,0.2960765236473988
8072,1.0
8073,0.5699476031608439
8074,0.019835312445115647
8075,0.5185228515788837
8076,0.1460141567345569
8077,1.0
8078,1.0
8079,0.02956262332719753
8080,1.0
8081,0.13169523061304572
8082,0.009495171010243506
8083,0.30322768446292453
8084,0.10951924555201577
8085,1.0
8086,0.09141069186873965
8087,0.09805144375527108
8088,0.47782659575035946
8089,0.056625804820661714
8090,0.2024159324903536
8091,1.0
8092,0.09409016469560223
8093,0.4826549178902016
8094,0.1906228469666403
8095,0.7335615233126987
8096,0.22007980487196463
8097,1.0
8098,1.0
8099,0.05670288873943336
8100,0.08875714465417248
8101,0.13872568503297256
8102,1.0
8103,0.4772627352558883
8104,0.04464019817119506
8105,0.0174704055285808
8106,0.023389302726003536
8107,0.04323857075962132
8108,1.0
8109,0.11852627055156072
8110,1.0
8111,0.27848093934248874
8112,1.0
8113,0.12401349692677088
8114,0.17087001025592294
8115,0.13092157438585617
8116,0.9999996970858565
8117,0.27928175521779064
8118,0.2012763931371365
8119,0.038493741302263865
8120,0.1991476225631572
8121,0.09270984566105905
8122,0.5423113882340513
8123,0.08335118147482465
8124,0.025867314421908125
8125,0.9999999999999996
8126,0.02727238494339616
8127,0.8220496228773375
8128,0.7862689590992277
8129,0.07215706161270502
8130,0.9944997023361789
8131,1.0
8132,0.022412782597610485
8133,0.2604850709760915
8134,0.019272539976148723
8135,0.9929454760277152
8136,0.052623758161939566
8137,0.11930507060382341
8138,0.10034962740613654
8139,0.4321506682616734
8140,0.21100677047224123
8141,0.2690125723249119
8142,0.14825953290647034
8143,0.04464019817119506
8144,0.19007176765642048
8145,0.03489821254934948
8146,0.21044885313282216
8147,0.024670292301655905
8148,0.04662674368985593
8149,0.5764420162425813
8150,1.0
8151,0.08971813819280826
8152,0.882431377281133
8153,0.01785516427145148
8154,0.9938225888321438
8155,0.0833848790315116
8156,0.08726004593984063
8157,1.0
8158,1.0
8159,0.15032987265984316
8160,0.29164823296518017
8161,0.802361085569106
8162,0.10205477833025056
8163,0.534227017349149
8164,0.789462501701248
8165,0.03980723012825477
8166,0.1338534266943845
8167,0.015433069821678181
8168,1.0
8169,0.046608120461431576
8170,1.0
8171,0.12766596829194496
8172,0.19598475409410374
8173,0.020479193391730016
8174,0.31463016304780894
8175,0.2227117529999654
8176,0.147041264343633
8177,1.0
8178,0.02363883260397787
8179,0.5684275487395172
8180,1.0
8181,0.03254048518250732
8182,0.0364524633686473
8183,1.0
8184,0.060447706887017914
8185,0.1079166174713079
8186,0.05671401083542579
8187,0.48585433062909955
8188,1.0
8189,0.20793071510090175
8190,0.05226483762916948
8191,0.06977918352198981
8192,0.22803221280332214
8193,0.33581703391477075
8194,0.03721544084321678
8195,1.0
8196,1.0
8197,1.0
8198,0.5501382411892608
8199,0.3562810296147193
8200,0.07910794918903605
8201,0.26750265524619776
8202,1.0
8203,0.08823569683715958
8204,0.3175862997195487
8205,0.38048320450007217
8206,0.09906715267580288
8207,0.05953567630557051
8208,0.17130890228667323
8209,0.10714187042784015
8210,1.0
8211,0.831410620871511
8212,0.1154015595833151
8213,0.2713889454166443
8214,0.9731914665637977
8215,0.027695453975669384
8216,0.10983306412431312
8217,0.6580828377045097
8218,0.06088665740249938
8219,0.018534564032810456
8220,0.21497572225014663
8221,1.0
8222,0.028299790581393886
8223,0.8547611787925264
8224,0.3330900849804663
8225,0.13135892477074063
8226,1.0
8227,0.44350156085664194
8228,0.25007625334726347
8229,0.16771545505136418
8230,0.1873670960884184
8231,0.03830792393151419
8232,1.0
8233,0.38288943465335856
8234,1.0
8235,0.032454780618195435
8236,0.04452380000336867
8237,0.23978888839840554
8238,0.0662473178243959
8239,1.0
8240,0.11652262748690123
8241,0.038482568809744114
8242,0.04748030375857047
8243,0.03609829282239772
8244,0.1496371283531969
8245,0.07712702772540801
8246,1.0
8247,0.5333398519618572
8248,0.027343792982121952
8249,0.20439840031334408
8250,0.49317408586368927
8251,0.5921479964402967
8252,0.6647977443205357
8253,0.07569791190809144
8254,0.18004729920631127
8255,0.9059946153535047
8256,0.1850300700091058
8257,0.06533901132983447
8258,0.7011743155057063
8259,0.07987833048612067
8260,0.0695110667188628
8261,0.09162287271286647
8262,1.0
8263,0.02977548080337404
8264,0.17732694670000426
8265,0.06883445016208327
8266,0.08070954337723228
8267,0.046202338687495605
8268,0.08259220966920221
8269,1.0
8270,1.0
8271,0.06779690875819495
8272,1.0
8273,0.07819378552044222
8274,0.356126456613571
8275,0.18196300521565326
8276,0.0861489196922205
8277,0.07733279597135302
8278,0.055926641296922416
8279,0.09325127650898976
8280,0.05350800614937351
8281,1.0
8282,0.512535539508152
8283,1.0
8284,0.0643593068894865
8285,0.11886085586682504
8286,1.0
8287,1.0
8288,0.21923258918103786
8289,0.11510556836526496
8290,0.04099755846532211
8291,0.09367915386764206
8292,0.04575477400558805
8293,0.5899211782834367
8294,0.9549458537277018
8295,0.13973393691888944
8296,0.6163542419298884
8297,0.8060961648964348
8298,0.6412088761209966
8299,0.03548415534820087
8300,0.04421786608463382
8301,0.1082785625410055
8302,0.48673266726336545
8303,0.021148815548783402
8304,1.0
8305,0.12747016150980534
8306,0.10650886807349313
8307,0.08438319884279448
8308,0.038779683420191745
8309,0.44448133623170294
8310,0.09038675996891261
8311,0.823318349671682
8312,1.0
8313,0.061018408127390046
8314,0.19897151815047556
8315,0.13542246040740738
8316,0.05817371643086926
8317,0.1068748382256641
8318,0.044383801731226386
8319,0.042393100503886526
8320,0.030285906844168906
8321,0.08174403544609839
8322,1.0
8323,0.0432643737499217
8324,0.026894047291636445
8325,0.06518316732837363
8326,0.03781452022155469
8327,1.0
8328,0.2097513617067667
8329,1.0
8330,0.09691676824242834
8331,1.0
8332,0.022271059773774145
8333,1.0
8334,0.13142142686228805
8335,0.054741599304457135
8336,0.028979203026885333
8337,0.07263476158787895
8338,0.05669050319982172
8339,0.20169479711859611
8340,0.28932708880439595
8341,0.07775172485543021
8342,0.07236532876076193
8343,0.04994062714358619
8344,0.04410174566041947
8345,0.8686070906970769
8346,0.04754673003045302
8347,0.025594877507786936
8348,0.1659209330807993
8349,0.022277034847640518
8350,0.09199021349272224
8351,0.021893669596569142
8352,0.1872919507052478
8353,0.25734812157749826
8354,1.0
8355,1.0
8356,1.0
8357,0.060312315441909785
8358,1.0
8359,0.09541189635602414
8360,0.25011198980858423
8361,0.04498841758858288
8362,0.27569114842472026
8363,1.0
8364,0.02845666339701518
8365,0.540317602235881
8366,0.20795568013921603
8367,0.19484601467738802
8368,0.28306383771186167
8369,0.9995445894740288
8370,0.02852399745979364
8371,0.19146261300785694
8372,0.6099528335533405
8373,0.14326305386852375
8374,1.0
8375,0.6233096863456984
8376,0.0614800225268234
8377,1.0
8378,0.11501045276205726
8379,0.15065489354336564
8380,0.5530925640215776
8381,0.017359532407888477
8382,0.09089404393307425
8383,1.0
8384,0.02898025888869653
8385,0.14713080608299872
8386,0.0284495974783171
8387,0.21361642952038984
8388,0.06700584465259048
8389,1.0
8390,0.18716980699535166
8391,0.015569268649341465
8392,1.0
8393,0.4315377296863618
8394,0.2960331921269415
8395,0.1422116480192143
8396,0.13895797784539402
8397,0.02936473224704008
8398,0.8211712696285621
8399,0.4831332482854225
8400,0.13535114598928497
8401,0.2171108557288851
8402,0.22378030517712044
8403,0.0470824169744516
8404,0.31760467722700964
8405,0.13010620765439732
8406,1.0
8407,0.25987598483583274
8408,0.1469449231534455
8409,0.04137554598284846
8410,0.018905469189247952
8411,0.16648733728822307
8412,0.5839771208130901
8413,0.1733907123342236
8414,0.14290339846438366
8415,0.047102890871309144
8416,1.0
8417,0.07448621681082375
8418,0.009292915829972447
8419,0.2009537819346017
8420,0.41813406018172966
8421,0.05362773809822866
8422,0.9843519736167817
8423,0.1592477902562342
8424,0.12731123198554817
8425,0.9101741645983306
8426,0.08607621198742493
8427,0.15526010781264152
8428,0.03511408397542714
8429,1.0
8430,1.0
8431,0.34579728698621304
8432,0.059613841278825574
8433,0.08880283884560039
8434,0.260778747473934
8435,1.0
8436,0.08004623139588114
8437,0.2643881065031747
8438,1.0
8439,0.7659046005607644
8440,0.2826330995779255
8441,0.26182759715432086
8442,0.03498886929611343
8443,0.14185777980011471
8444,0.9862993688794542
8445,0.883355126512084
8446,0.5144191142164501
8447,0.03861102965367383
8448,0.09521701744715624
8449,0.22524704995764228
8450,0.31640982945638174
8451,0.027602044472531253
8452,0.08366121779157448
8453,0.24334432922832328
8454,0.2604850709760915
8455,1.0
8456,1.0
8457,0.031957275617583984
8458,0.3095622402496877
8459,0.06146800914405426
8460,0.0417258392210627
8461,0.2698658941226504
8462,1.0
8463,0.9999971594326007
8464,0.09100710577124052
8465,1.0
8466,0.08165160125771752
8467,0.09918797657935197
8468,0.13220291486655825
8469,0.05253651415415031
8470,0.09417426061825757
8471,0.22193703810471208
8472,0.23711098553728777
8473,0.07194930006506953
8474,1.0
8475,0.03165252095405662
8476,0.07566304800072872
8477,1.0
8478,1.0
8479,0.030764569973005165
8480,0.2692286866434069
8481,0.10442751380206336
8482,0.04676986285141902
8483,0.06582719394622231
8484,0.055158335266341486
8485,0.07932140646975662
8486,0.07646194581244461
8487,0.02367883361807102
8488,0.11459574887107463
8489,0.8837634559919866
8490,0.008772287542758776
8491,0.4195772984194191
8492,0.9999950511282886
8493,0.008343927420976576
8494,0.1909227766670231
8495,0.4610249048554663
8496,0.025017378685707678
8497,1.0
8498,0.045223524578585146
8499,0.09168600079639784
8500,0.0321388292322265
8501,0.04976753951194572
8502,0.027082211016686914
8503,1.0
8504,0.12157630266194791
8505,0.7978747172395304
8506,1.0
8507,0.259430604958247
8508,0.020479193391730016
8509,0.07955205388518015
8510,0.5057741791617957
8511,0.07566304800072872
8512,0.36452551736919475
8513,0.03563770621410973
8514,0.026455380549541423
8515,1.0
8516,0.19227365343567995
8517,0.03548415534820087
8518,0.1374514553897691
8519,0.2844556216788815
8520,0.060398710933906995
8521,0.49052349217396113
8522,0.24137297029855395
8523,1.0
8524,0.035179968315775544
8525,1.0
8526,0.039052212293040796
8527,0.007485338776429573
8528,1.0
8529,0.1313111415826694
8530,1.0
8531,0.9321957250676429
8532,0.07310887660840802
8533,0.05428947297772759
8534,0.07602793959061521
8535,0.40384937218259587
8536,0.01893411446286166
8537,1.0
8538,0.2264740830346428
8539,1.0
8540,1.0
8541,1.0
8542,1.0
8543,1.0
8544,0.11465307165950732
8545,0.038683212242955886
8546,0.024089080943217298
8547,1.0
8548,0.08486284595561033
8549,0.5330450169548315
8550,0.08593092719959707
8551,0.04615181270203387
8552,0.04025741908808902
8553,0.08864410318028337
8554,0.014888073074909332
8555,0.025768037711380542
8556,0.045287341014855174
8557,0.02813868813568836
8558,0.08847038851866908
8559,1.0
8560,0.7470362084117015
8561,0.10844084731076556
8562,0.17347168321887277
8563,0.3245098154506712
8564,0.4050368936217015
8565,1.0
8566,1.0
8567,0.5190091234434374
8568,0.37138354219881514
8569,0.1316892044889837
8570,0.08662883338369713
8571,0.07979914527605453
8572,0.03709871384759003
8573,0.12051058760260999
8574,0.10347816537527252
8575,0.025216292088314236
8576,0.4086119558918317
8577,0.22398740572595316
8578,0.040631400442870946
8579,0.06123527995691906
8580,0.11129473169542133
8581,1.0
8582,0.049475204985594524
8583,0.026256800822163442
8584,0.12731017831954064
8585,0.03387799869849193
8586,0.0743687869651969
8587,0.1030828757975132
8588,0.2853158646472102
8589,0.034257723204994275
8590,0.023423283541684554
8591,0.2867757860690209
8592,0.06237082178693121
8593,1.0
8594,1.0
8595,0.06737511460241914
8596,0.5884463567813277
8597,0.058915972605368565
8598,0.04413351734183067
8599,0.9341050880159677
8600,0.07374048331275398
8601,0.0411832617521246
8602,1.0
8603,0.03879449159243614
8604,0.021385482874361338
8605,0.11437061028638346
8606,1.0
8607,0.03831450755892156
8608,0.07246605346103947
8609,1.0
8610,1.0
8611,1.0
8612,0.47772706615180693
8613,1.0
8614,0.04951119940586189
8615,0.3595392391524127
8616,0.14769597724178302
8617,0.034269346722735045
8618,0.10213932744341858
8619,0.0364524633686473
8620,0.1348139261122614
8621,0.22578977785333917
8622,0.2550304126839232
8623,0.08866640957941331
8624,1.0
8625,0.0778079075915585
8626,0.017359532407888477
8627,0.3003010018500952
8628,0.03246986516181202
8629,1.0
8630,1.0
8631,1.0
8632,0.2583879962576232
8633,0.07828514528827903
8634,0.8180065595328141
8635,0.22764299737168844
8636,0.10049245825545731
8637,0.14958263652624176
8638,0.019979236670652323
8639,0.17267230629925873
8640,0.09584085577491804
8641,0.044599419193164236
8642,0.05606168143381337
8643,0.21370309566170972
8644,0.31639972597110816
8645,0.03972708999599171
8646,0.06455653606925606
8647,0.5161445048901927
8648,0.14845200742127565
8649,0.0099827122641415
8650,1.0
8651,0.18872598773080987
8652,1.0
8653,0.12647778724176437
8654,0.11400325896748306
8655,0.12427649634950884
8656,0.04549702538983222
8657,1.0
8658,0.04557637599094784
8659,0.2686213772400291
8660,0.13567447330657526
8661,0.26612266649952865
8662,0.29752346095369897
8663,0.1267443384762366
8664,0.04814022158834305
8665,0.045785491881160545
8666,1.0
8667,0.29159391678691776
8668,0.06417722496651229
8669,1.0
8670,1.0
8671,0.33876661046820916
8672,0.1263970471860182
8673,0.015845194955927875
8674,0.02448915445401475
8675,1.0
8676,0.5904515892245306
8677,0.10522376397291687
8678,0.09370478964827746
8679,0.12884996006611898
8680,0.42662495654404836
8681,0.45156230821181254
8682,0.033728987398040235
8683,0.4944414957584628
8684,0.19570378430880178
8685,0.5216812025202403
8686,0.999999999998737
8687,0.07247704252589253
8688,1.0
8689,0.21923258918103786
8690,0.07797763310841152
8691,1.0
8692,0.1890384009754501
8693,0.281872564456844
8694,1.0
8695,0.2699327791683741
8696,1.0
8697,0.05267146961553664
8698,0.030916837935883002
8699,1.0
8700,1.0
8701,0.032656984441553426
8702,1.0
8703,0.05485233421289011
8704,0.09732676078291891
8705,0.12250623292450222
8706,0.018240341040553838
8707,0.35753992248434746
8708,0.03838183497449721
8709,0.13240681215946523
8710,0.8883680250248982
8711,0.1341476388355148
8712,0.0327977779523922
8713,0.17783999996742111
8714,0.9676737288831339
8715,0.14117894357594898
8716,0.5911973655145024
8717,1.0
8718,1.0
8719,0.1494433109898891
8720,0.043270234425397555
8721,1.0
8722,1.0
8723,0.06883445016208327
8724,0.059207591805326865
8725,0.4564949187020445
8726,1.0
8727,0.04892645144570394
8728,1.0
8729,0.4435278427277442
8730,0.046751830245979224
8731,0.5701218349101377
8732,1.0
8733,0.10525988848631304
8734,0.0957224211520115
8735,0.267397496180121
8736,0.2968320600836113
8737,0.07713566597727899
8738,0.030838697312574864
8739,0.028340926934370913
8740,0.07995732715971242
8741,1.0
8742,0.2952571109981274
8743,0.6380465185957146
8744,0.008618062354673876
8745,0.05550129787150526
8746,0.13782492943891575
8747,0.0360231755744533
8748,1.0
8749,0.1313710989888899
8750,0.06600583576024147
8751,0.14242747997719296
8752,1.0
8753,0.0525352816790663
8754,0.3139776238906555
8755,0.19373633945157706
8756,0.03836439173368164
8757,0.20442375414429656
8758,0.0737142718743837
8759,0.20294483595169463
8760,0.034550170709799204
8761,0.052507895001653614
8762,1.0
8763,0.0695964245679867
8764,0.0390437822842659
8765,0.032308282647497646
8766,1.0
8767,0.020330858181108313
8768,0.03840731387556186
8769,0.012870123795796499
8770,0.04929163260677805
8771,0.1225901266970513
8772,0.029911219367066148
8773,0.14261594254797172
8774,0.24713956116902502
8775,0.21207427830687617
8776,0.7389795612703861
8777,0.04869132316704244
8778,1.0
8779,0.17233016175016289
8780,0.08944834077008582
8781,1.0
8782,1.0
8783,0.015169942037607735
8784,0.06673958648002867
8785,0.3056764553850445
8786,0.22530544945918088
8787,0.14580004218715276
8788,0.07116179647600518
8789,0.19980836644759256
8790,0.2789078097820363
8791,0.28638368270426523
8792,0.06779690875819495
8793,0.011719003064547526
8794,0.9284970721021124
8795,0.12820804709450584
8796,0.034429856545345125
8797,0.0350326556767041
8798,0.09336092072923613
8799,1.0
8800,1.0
8801,0.18400602560987817
8802,1.0
8803,0.0214330305945137
8804,1.0
8805,0.01248938528859663
8806,1.0
8807,0.05583724119560983
8808,0.9999999999999689
8809,1.0
8810,0.07581276297525642
8811,0.9226244620673257
8812,0.28381408001117236
8813,1.0
8814,0.12003565776219954
8815,0.3047937243389507
8816,0.6771136167185611
8817,0.155308134100885
8818,0.05489949967979694
8819,0.038840419833418426
8820,0.10186949074852404
8821,0.11575841055564787
8822,0.01686911730067116
8823,0.030490898963863252
8824,0.03523718770800267
8825,0.032893960286464304
8826,0.033168583661099274
8827,0.15412766236305456
8828,0.05962289619623011
8829,0.13794510693397238
8830,0.4908325431368478
8831,0.035989783743250015
8832,0.017359532407888477
8833,1.0
8834,0.07731859573514296
8835,0.05700540631825455
8836,0.04555581797348681
8837,0.02802126062729086
8838,0.35121429719849945
8839,0.2290627060095898
8840,0.09008445674417924
8841,0.4109359002476613
8842,0.08600764588939713
8843,1.0
8844,0.11931911319985795
8845,0.0922866439811085
8846,0.9101316192868918
8847,0.18812045347352918
8848,0.7906782297353565
8849,0.2866901272662921
8850,0.05781888897227556
8851,0.19866204896230683
8852,0.15205264172881539
8853,1.0
8854,0.05962662177321407
8855,0.08974586252484688
8856,1.0
8857,0.0722377161806492
8858,0.08862595532570293
8859,0.053233479160704
8860,0.9168541359101499
8861,0.11165702142111074
8862,0.18354890958281445
8863,0.06963516503814714
8864,0.10085296620523643
8865,0.044672547186461756
8866,0.03879761721583054
8867,0.1429550176122554
8868,0.1267443384762366
8869,0.02709613419215697
8870,1.0
8871,0.08643062243751107
8872,0.07166000047985799
8873,0.026464735252532012
8874,1.0
8875,0.24885206952589306
8876,0.04636635425396889
8877,0.03517035989726708
8878,0.014111784748337594
8879,0.5128430834006302
8880,0.058891100102404975
8881,1.0
8882,1.0
8883,0.11458883362626694
8884,0.06953429376972929
8885,0.6103342304545374
8886,0.028188332788152224
8887,0.07000451107807629
8888,0.04020988536330562
8889,0.09715559684147206
8890,0.029287647376395814
8891,0.4869721763299075
8892,0.046236433651224616
8893,0.14854514963806356
8894,0.3302680798424968
8895,0.08870484662467051
8896,1.0
8897,0.15741827873720107
8898,0.17791364903615287
8899,0.0659503832314124
8900,0.03311363465999586
8901,1.0
8902,0.06848697948285459
8903,0.14287579190818867
8904,1.0
8905,1.0
8906,0.05535291861053959
8907,0.2970338279923736
8908,0.03925965297132108
8909,0.5309393985859743
8910,0.22051433359387612
8911,1.0
8912,0.19284415889083728
8913,0.04282176109456533
8914,0.3462177326027614
8915,0.07190612416268939
8916,0.021410287584270982
8917,0.0288903859041881
8918,1.0
8919,0.19019961965111484
8920,0.04752045542210352
8921,0.050331115283983194
8922,1.0
8923,0.06545775925813245
8924,0.06535172858577754
8925,0.15729765075240143
8926,0.8761112429635514
8927,0.34790727603734106
8928,0.26528725325743613
8929,0.03895221884068564
8930,0.3117456932426734
8931,0.03294935531545513
8932,0.09815404073031504
8933,0.15699940601000706
8934,0.019835312445115647
8935,1.0
8936,0.09831237203134902
8937,0.013434248583054724
8938,1.0
8939,0.04646051771506977
8940,0.19159073918030023
8941,0.1693425308942006
8942,0.14875393685759153
8943,0.19522067060271966
8944,0.9170499069305835
8945,0.05170277959779599
8946,0.08144281445694906
8947,0.09451464986751035
8948,0.9975689810060164
8949,0.9999999989958983
8950,0.10282008554580262
8951,0.02075289689174545
8952,0.01960677283117629
8953,0.8666375271715369
8954,0.023753825457763698
8955,0.6734647572612896
8956,1.0
8957,1.0
8958,0.1377739611534919
8959,1.0
8960,0.04460757875443686
8961,1.0
8962,0.12517913358260563
8963,0.3253021249468612
8964,0.12104817657399554
8965,1.0
8966,0.10137341638617621
8967,0.08432410175859228
8968,1.0
8969,0.13254810785521662
8970,0.09052538291195064
8971,0.07786477074989925
8972,0.1686218754001293
8973,0.7572099271636463
8974,0.9452107864692902
8975,0.1342460899190796
8976,1.0
8977,0.06616334144730891
8978,1.0
8979,0.02907068943729963
8980,0.35186041519529454
8981,0.11472764956261446
8982,1.0
8983,0.01462942636346302
8984,0.04685959887250238
8985,0.08414002088623064
8986,0.034393556128531885
8987,1.0
8988,1.0
8989,0.6047264480486395
8990,1.0
8991,0.025035001123562908
8992,1.0
8993,0.02280978523440863
8994,1.0
8995,0.053644319309444466
8996,0.15499532370872734
8997,0.03864846960659972
8998,0.05722303947957303
8999,1.0
9000,0.178560340375721
9001,1.0
9002,0.39342886986476233
9003,0.07588756821673966
9004,0.014714520223449344
9005,1.0
9006,1.0
9007,0.3133988614758409
9008,0.3420881686699518
9009,0.05993203139129957
9010,1.0
9011,1.0
9012,1.0
9013,0.750793806703582
9014,0.2040786190446539
9015,0.10637991505256432
9016,0.0320069154896241
9017,0.4547238162100796
9018,0.04438897750443975
9019,0.09944307544755077
9020,0.04993935678439356
9021,0.053866749941712325
9022,0.3470562008477503
9023,0.09225379437362607
9024,0.16119108891787495
9025,0.039839622623336846
9026,0.1667300214440668
9027,1.0
9028,0.06022600179274437
9029,0.134276585414911
9030,0.11046502926424748
9031,1.0
9032,0.49486337743902453
9033,0.18076492751041984
9034,1.0
9035,0.11295356906322897
9036,0.06600583576024147
9037,0.42038367866413784
9038,0.8594443853920616
9039,0.4030037431259174
9040,0.11726019077030059
9041,0.37241914881576316
9042,0.5447402637111571
9043,1.0
9044,0.04330163567799692
9045,0.04396438845575538
9046,0.15362611834848702
9047,0.04803392073510569
9048,0.0826464268357603
9049,0.2102255491027887
9050,0.0857549244596594
9051,0.04168172019058503
9052,0.05489643556678623
9053,0.07787599065931956
9054,0.07936557039364271
9055,0.0345659420650421
9056,0.08126039877538889
9057,0.4214449448431632
9058,1.0
9059,1.0
9060,0.12206212452741283
9061,0.1645535633135984
9062,1.0
9063,0.023389302726003536
9064,0.0330180175789457
9065,0.04498948142162208
9066,0.09799424515788425
9067,0.15908838495448835
9068,0.14716770126668724
9069,0.07110288997872935
9070,0.6266222440778193
9071,0.3302680798424968
9072,0.06473613145499967
9073,0.04837850487456347
9074,0.03478082628448761
9075,0.14259110854767915
9076,1.0
9077,1.0
9078,0.1871321342288502
9079,0.08775208123589355
9080,0.11626016372597676
9081,0.16469800578609003
9082,0.1535805269920731
9083,0.23419475657943303
9084,1.0
9085,0.10516182963484723
9086,1.0
9087,0.9999999999999558
9088,0.03114001494477902
9089,0.08610446205233145
9090,0.03261192915003599
9091,0.09964959866716516
9092,0.16323676555330993
9093,0.3632316673082817
9094,0.03303335496978735
9095,0.060800727629840394
9096,0.02741690665104322
9097,0.7630538582656543
9098,0.17315148956357476
9099,1.0
9100,0.15963109568110984
9101,0.2547950365688134
9102,0.0637403925298892
9103,0.030012681606335266
9104,0.06028308689257533
9105,1.0
9106,0.05936760519514667
9107,0.67618534914322
9108,0.866929319382315
9109,0.10064787617421248
9110,0.313910812231773
9111,0.12314379731623754
9112,0.1693577958744151
9113,0.29948523252765974
9114,0.1742197271305996
9115,0.0677885979174157
9116,0.30553394518559673
9117,0.043534023162537724
9118,0.01547464806937693
9119,0.023874617573259347
9120,0.2365704376311087
9121,0.03062941706482792
9122,1.0
9123,0.09382795474254907
9124,0.3117274998848528
9125,0.21013933239477248
9126,0.03512558589458635
9127,0.07154433926437316
9128,0.0910056844415537
9129,0.8606959354154852
9130,0.6731878534938378
9131,0.025806755538789163
9132,1.0
9133,0.02054441329245799
9134,1.0
9135,0.3594697225167435
9136,0.41521079334294175
9137,0.05317783745691611
9138,0.025216292088314236
9139,1.0
9140,0.20608331628664703
9141,0.9778187043014421
9142,0.21065555959194118
9143,0.008771374850539419
9144,0.19938015410913384
9145,0.03977407664027901
9146,0.8267810577192057
9147,0.1584262485173195
9148,1.0
9149,0.3842100524808123
9150,0.14050437669519322
9151,0.08482840222123504
9152,0.23491684895085513
9153,0.4515561117725808
9154,0.045194412841633905
9155,0.36052282088184423
9156,0.026958416718394357
9157,1.0
9158,0.03554550904570878
9159,0.02033051597035843
9160,0.40862944596942535
9161,0.9911900544134147
9162,0.24942213494557292
9163,0.2785845988468238
9164,0.15352178973854036
9165,0.5369247553252023
9166,0.06600583576024147
9167,0.19428222086248262
9168,0.021594351340461483
9169,0.051169656570708155
9170,0.343252320929302
9171,0.21495775200968564
9172,1.0
9173,1.0
9174,0.07641689616971918
9175,0.2045003909809386
9176,0.05241785370679161
9177,0.02956262332719753
9178,0.08953296118902235
9179,1.0
9180,0.22070567947439057
9181,1.0
9182,0.09666852241357465
9183,0.035989783743250015
9184,0.2118259794841646
9185,0.17894079920138636
9186,0.07722125636641472
9187,0.09222596887061216
9188,0.29227818809683537
9189,1.0
9190,0.11497966939755767
9191,0.6418442037663441
9192,1.0
9193,1.0
9194,0.16402312848020856
9195,0.2322364230059444
9196,0.80224786484998
9197,0.08016620884737483
9198,1.0
9199,0.23562702726218002
9200,1.0
9201,0.008997509073457482
9202,0.05996839534093641
9203,1.0
9204,0.19066727360749258
9205,0.18901596340636415
9206,1.0
9207,1.0
9208,0.17820161053121894
9209,0.02141600379091513
9210,0.6445502721984185
9211,0.0656408012767843
9212,0.2271828367245076
9213,0.09479756567327792
9214,0.036583311117269875
9215,0.5731469682590914
9216,0.007779281602323156
9217,0.09855107398632379
9218,1.0
9219,0.18275929281233225
9220,0.06635161951819893
9221,0.15306634779183212
9222,0.9277603796839936
9223,1.0
9224,0.1739403958934645
9225,0.14261647143065923
9226,0.09774094059084722
9227,1.0
9228,1.0
9229,0.17335335486900902
9230,1.0
9231,0.6865947302813427
9232,0.06366718709442239
9233,0.14180293789812679
9234,0.7470573270634282
9235,0.10034070885478001
9236,0.20401260847512118
9237,1.0
9238,0.09487937322403399
9239,0.09244509448085451
9240,0.1659764655041432
9241,0.10065854956606228
9242,0.24081539919869133
9243,0.47595232878293553
9244,0.16043062019423773
9245,0.18143007802568864
9246,1.0
9247,0.14840445205909764
9248,0.021256278106688908
9249,0.861763645697042
9250,0.27943004717089565
9251,0.11736525334109428
9252,0.35115830796947944
9253,0.06591198235970055
9254,0.049048248618701176
9255,0.048204260875365834
9256,0.11823783686346646
9257,0.016916764770733374
9258,0.5607486456077178
9259,0.17916113887223512
9260,1.0
9261,0.9981952421194971
9262,0.019654518851236945
9263,0.2189002187196469
9264,0.027024620651179897
9265,0.07659082898605893
9266,0.11134354034881346
9267,0.9360586343392235
9268,1.0
9269,0.08554439212886769
9270,0.11819290437237955
9271,0.0836054004775238
9272,1.0
9273,0.529705756806437
9274,0.9599525534079701
9275,1.0
9276,0.045670022822128724
9277,0.36375263439170497
9278,0.06258485567974865
9279,0.0719517427191545
9280,0.024163582075974858
9281,0.2866727870899076
9282,0.04165050507756128
9283,0.44970794925234425
9284,0.091472631469389
9285,0.04861410087373251
9286,0.032209498646524316
9287,0.31800817263466746
9288,0.10441627942920712
9289,1.0
9290,0.060378337487503965
9291,0.09478585154503495
9292,0.6516382990201641
9293,0.04927200891249887
9294,1.0
9295,0.1031425890770115
9296,0.039674799854921575
9297,1.0
9298,0.06367429813607885
9299,0.04067941133825633
9300,0.13383649648613216
9301,0.06765281191774862
9302,0.1385209184640271
9303,1.0
9304,0.2161886741143244
9305,0.023616764193052867
9306,1.0
9307,0.02149525208492557
9308,0.35142938884625585
9309,0.051499434253694916
9310,0.10807766400990558
9311,0.06402003901364564
9312,0.4129120078882623
9313,0.06606930774535905
9314,0.09837227276490994
9315,0.027463120996223746
9316,0.9236869315856531
9317,0.06175795740313514
9318,0.028433163564413985
9319,0.1561583758855027
9320,1.0
9321,0.04653123074490663
9322,0.0539519490950042
9323,1.0
9324,0.3155407123333383
9325,0.055046604816626384
9326,1.0
9327,0.07256902438605535
9328,1.0
9329,0.055649279688800055
9330,0.23382709655611025
9331,0.6503738805466994
9332,0.1005589087049356
9333,0.09107559551215613
9334,0.3107093909764629
9335,0.16824533961195703
9336,0.26932778450845546
9337,0.18058270629344172
9338,1.0
9339,0.4477651642532266
9340,0.04350986470296661
9341,0.038885784879975606
9342,0.8468729824474371
9343,0.22541403166913365
9344,0.4886474430578186
9345,0.26099412241358055
9346,0.046763425408718105
9347,0.026420682031110875
9348,1.0
9349,0.03647805317672229
9350,0.054061071750924825
9351,0.3211481616827247
9352,0.018888784173272527
9353,0.31103658289956965
9354,0.16811262804996754
9355,1.0
9356,0.11183331431756373
9357,0.35275643633765624
9358,0.1527325083422055
9359,0.047015765614966815
9360,1.0
9361,0.023226121252476705
9362,0.05722048313550989
9363,0.40671856464374473
9364,0.1667300214440668
9365,1.0
9366,0.3123843948089078
9367,0.9716212528764668
9368,0.09980802674179567
9369,0.08155818340715025
9370,0.40337031185716204
9371,0.23350275268869344
9372,0.473164635551845
9373,0.09661297813995035
9374,0.0451986991174532
9375,0.2055451657672514
9376,0.1027217779462708
9377,0.0413203505062279
9378,1.0
9379,0.5340933458679996
9380,1.0
9381,1.0
9382,1.0
9383,0.08449797430917518
9384,0.2521156360857323
9385,0.15624610024505772
9386,0.05720044816121939
9387,0.03205914547276505
9388,0.9805316573531679
9389,0.6577443873864687
9390,0.1169845610911204
9391,0.38825412587549557
9392,0.019653747381587983
9393,0.8583595007747397
9394,0.03974201265940053
9395,0.41293782212585467
9396,0.1641400921900722
9397,0.03851502062721966
9398,0.04396438845575538
9399,0.025935141614496168
9400,0.2655125223158904
9401,0.6367355949778537
9402,0.37870345270042
9403,0.07868839183177018
9404,0.034756307310187126
9405,1.0
9406,1.0
9407,0.04137554598284846
9408,0.17928285830213878
9409,0.05568800312835355
9410,0.026560813637283093
9411,0.06573013453054281
9412,0.15628158043826823
9413,0.04357380112030736
9414,0.09417426061825757
9415,0.06985512918538768
9416,0.04461484123349762
9417,0.01185406609436244
9418,0.2781999183486637
9419,0.03314427606650134
9420,1.0
9421,0.05749419061447141
9422,0.370984128425656
9423,0.1919721051088283
9424,1.0
9425,1.0
9426,0.15525319620205147
9427,0.40648051056664275
9428,1.0
9429,0.06434263405794516
9430,0.1397421301311666
9431,1.0
9432,1.0
9433,0.2989091197497436
9434,0.011675123506129557
9435,0.909153805312853
9436,1.0
9437,0.19580561157920426
9438,0.17961853992086171
9439,0.042600393708841125
9440,0.4957797000153709
9441,0.014445270899560122
9442,1.0
9443,0.8735316939226677
9444,0.05350800614937351
9445,0.2604043979321657
9446,0.20795568013921603
9447,1.0
9448,0.09325127650898976
9449,0.42085770497952996
9450,0.23615800530194303
9451,0.4064110494253234
9452,0.03403721317542093
9453,0.4174753681858174
9454,0.6841266859076597
9455,0.07122261523699845
9456,0.2333148222904722
9457,0.06991390957179174
9458,0.04010156573240081
9459,0.11301317199419096
9460,0.03840140032752727
9461,1.0
9462,0.6322484341507424
9463,0.09443117439749023
9464,0.158832289544825
9465,1.0
9466,0.09443966845396785
9467,0.09878833573985424
9468,0.1274004356028359
9469,0.09150912289478456
9470,1.0
9471,0.12083620536738077
9472,0.014291367113773011
9473,0.13997733426019687
9474,0.8540847733323282
9475,0.2112184608346792
9476,0.037196456358386476
9477,0.15714237026673214
9478,0.042393100503886526
9479,0.02341924843116376
9480,1.0
9481,0.041173270749605057
9482,0.047030976009324765
9483,0.12905510491039504
9484,0.7675394896307867
9485,0.1038269352083181
9486,0.0651460333672209
9487,0.27216274879526015
9488,0.15013531643818104
9489,0.7717862377594084
9490,0.9959107442146378
9491,0.1968960637884546
9492,0.172081673043134
9493,0.1862389733131508
9494,0.222477622795761
9495,0.07967952855063046
9496,0.04307709003129441
9497,0.4376919361790507
9498,1.0
9499,0.23121778956019703
9500,0.07330384854318217
9501,0.02180265754100522
9502,0.03897033749726289
9503,0.8376510331575563
9504,0.20205212291096064
9505,1.0
9506,0.03642583985247597
9507,0.06025797881330266
9508,1.0
9509,0.23861205794633317
9510,0.05056041690585655
9511,0.024004067541121818
9512,0.5768491199065683
9513,0.3208160050454115
9514,0.13852868263217827
9515,0.04110808874532856
9516,1.0
9517,0.19728388974195424
9518,0.110751381744557
9519,0.19415660749021102
9520,0.011642064717652192
9521,0.14989672818851477
9522,0.06230781690188765
9523,0.22535179008794673
9524,0.03194677681546649
9525,0.493522151088942
9526,1.0
9527,0.04803392073510569
9528,0.14322262507382533
9529,0.13274023942547666
9530,0.14157902515090723
9531,1.0
9532,0.8578965901636849
9533,0.17522290654974373
9534,1.0
9535,0.32309696400256394
9536,0.023458563086268314
9537,0.036556992406161185
9538,1.0
9539,0.41284600711023584
9540,0.03532448229275509
9541,0.8764136953967065
9542,0.06397869946167187
9543,0.720996303435145
9544,0.2603117701546431
9545,1.0
9546,1.0
9547,0.3063694799228534
9548,0.4632432941022948
9549,0.0771666407985573
9550,0.17670128971109175
9551,1.0
9552,0.09554091063030917
9553,0.055987896713898
9554,0.5820816696395703
9555,1.0
9556,1.0
9557,1.0
9558,1.0
9559,0.0944417860125277
9560,1.0
9561,0.20032671347754566
9562,0.08092329840977355
9563,1.0
9564,0.12776447379572312
9565,0.03630730780870342
9566,0.022019350966562393
9567,1.0
9568,0.3067824984797475
9569,0.16298950824507671
9570,0.7689533480334464
9571,0.17050772159886915
9572,0.04845417936330799
9573,0.6945983539368342
9574,0.221704522145488
9575,1.0
9576,0.17604084625281063
9577,1.0
9578,1.0
9579,0.04672451615979856
9580,0.019758716514345055
9581,1.0
9582,1.0
9583,1.0
9584,1.0
9585,0.24332676144701948
9586,1.0
9587,0.0472167744709262
9588,0.20640997967242947
9589,0.14801436382990932
9590,0.008112189165969945
9591,1.0
9592,1.0
9593,0.12091886874101031
9594,0.15973956336605585
9595,0.0315388149046301
9596,0.07828090881152847
9597,1.0
9598,0.03863293016891778
9599,1.0
9600,0.5750330045194209
9601,0.015879111644278836
9602,0.39389851674184895
9603,0.40110950508561216
9604,0.06329569513250678
9605,1.0
9606,0.10589539033358604
9607,0.06111176024101146
9608,0.2993869351624812
9609,1.0
9610,0.9535098740794848
9611,1.0
9612,0.1598718396563214
9613,0.23511904794252755
9614,0.37243022404814846
9615,1.0
9616,0.3223339425107378
9617,0.04293341653155562
9618,0.2047145225829796
9619,0.10456048730752071
9620,0.11566019249305592
9621,0.36825683729789593
9622,0.16282952758824096
9623,0.9013041090420275
9624,0.11025944343617415
9625,0.030512436251412624
9626,1.0
9627,0.84790731165328
9628,0.33825025672627684
9629,0.023799082551284396
9630,0.019408726958075384
9631,0.12346113425926597
9632,0.012813737052529021
9633,0.2614522745027132
9634,0.03998212422409631
9635,0.11930086369201667
9636,0.864241466538418
9637,0.07267386268975189
9638,0.053051202734283195
9639,1.0
9640,0.08205997918571445
9641,0.12000115746093475
9642,0.4887862105207564
9643,1.0
9644,0.15082995802208018
9645,0.030476043484505957
9646,0.7917859280652872
9647,0.122462070562996
9648,0.13587206976750474
9649,0.07580128712303595
9650,0.13366775676383147
9651,0.10710047368084262
9652,1.0
9653,0.84277388564163
9654,0.5463940176395987
9655,1.0
9656,0.03740376512767695
9657,1.0
9658,0.029990615072421196
9659,0.24798040509627434
9660,0.10767974068067021
9661,0.2629651311908958
9662,0.26688089154917366
9663,0.14085000776078513
9664,0.03405783599725557
9665,0.03690509335288111
9666,0.3047937243389507
9667,0.9048469457387833
9668,0.17591723177456828
9669,0.014368115944874341
9670,0.09624507441733429
9671,1.0
9672,0.560916003498085
9673,0.6938198314048157
9674,1.0
9675,0.04917992071519164
9676,1.0
9677,0.2736313573474014
9678,0.25812483822790144
9679,0.1750654271515674
9680,0.9381798556657011
9681,0.025730744919966905
9682,0.11788829024511939
9683,0.05136911277869437
9684,0.09326282052589882
9685,0.08017971587467546
9686,0.02204008637252763
9687,0.014661399651316333
9688,0.6094475173160743
9689,0.06186299531709837
9690,0.127853169980155
9691,0.029005636617283934
9692,0.06571633951929963
9693,0.17916113887223512
9694,0.025862644182175484
9695,0.07990328106570614
9696,0.04401784245330551
9697,1.0
9698,1.0
9699,0.12610869292459978
9700,1.0
9701,0.17740724591642645
9702,0.159511402214605
9703,0.03494188958662698
9704,0.04799925992508187
9705,0.08023471428609012
9706,0.026234589460811517
9707,0.023265503711616346
9708,0.6123424658728956
9709,0.0941672697473327
9710,0.12115616727688143
9711,0.08058137816379504
9712,0.24501113323937299
9713,1.0
9714,0.05398082042010016
9715,0.10977937594710595
9716,0.037999265318809615
9717,0.9550044369218038
9718,1.0
9719,0.2764057491975311
9720,0.11253853143742118
9721,1.0
9722,0.0752027006268221
9723,0.2056005982528278
9724,0.9700384409147205
9725,0.073559803451909
9726,0.11179250927515322
9727,0.06691485494823192
9728,1.0
9729,0.07276124078196991
9730,0.25154104257632726
9731,0.06197584478432052
9732,0.13814793656843502
9733,0.10307686056739629
9734,0.29875336182100404
9735,0.28447288122721803
9736,0.035830242956297866
9737,0.04801477246555968
9738,1.0
9739,0.0370716364939071
9740,0.09174667283148392
9741,0.06915912946550293
9742,0.06731087487520739
9743,1.0
9744,0.11601773833336723
9745,1.0
9746,0.034875601567834404
9747,0.12846830069437995
9748,0.1865298027992398
9749,0.3144666763917778
9750,0.05928658742789741
9751,1.0
9752,0.1317446649325191
9753,1.0
9754,0.5512060196854232
9755,0.47693940734821505
9756,0.07079415692048671
9757,0.5674680027920269
9758,0.13279838935891827
9759,0.01381256310513415
9760,0.9538124260424757
9761,0.023401411536979513
9762,1.0
9763,0.05722303947957303
9764,0.03591719024095501
9765,0.08826657978763199
9766,0.1119239535307512
9767,0.09194920269448166
9768,0.1603073381799823
9769,0.18176595963412598
9770,1.0
9771,0.032053538439596484
9772,0.3698632195555328
9773,0.9508565164831094
9774,0.04893985108556589
9775,0.05056041690585655
9776,0.4564949187020445
9777,1.0
9778,0.08548509471980575
9779,0.01752944635398417
9780,0.0842284630853279
9781,0.033290144750957984
9782,0.31513075855803535
9783,0.13598683049519503
9784,0.042531120046534546
9785,0.08268379850884505
9786,1.0
9787,0.29328507746981297
9788,0.3219097096001119
9789,0.3601716842865474
9790,0.2775778371926084
9791,0.017358369816130627
9792,0.15925245462715673
9793,0.12074306782338134
9794,0.07040511692900475
9795,0.03114001494477902
9796,1.0
9797,0.7123577162485655
9798,0.4837661451285285
9799,0.04935997177702688
9800,0.01462307103774572
9801,0.1610645353844682
9802,0.039453890113505044
9803,0.09510857029592434
9804,1.0
9805,0.09543387598511432
9806,0.6021168486144222
9807,0.04018063200510204
9808,0.4502433249888318
9809,0.02837381023672019
9810,0.39600901628038615
9811,0.1813174936347493
9812,0.8799178872040657
9813,1.0
9814,0.7301900935052846
9815,0.03785537857805712
9816,0.02725661196876376
9817,0.4502107740014309
9818,0.10855845926253467
9819,1.0
9820,1.0
9821,0.04773007997576249
9822,1.0
9823,0.038619492314143085
9824,0.13189646119825676
9825,0.02825091136471139
9826,0.27606993477867303
9827,0.027497757737430583
9828,0.07190168014812759
9829,0.04212336215712592
9830,0.12173328753351836
9831,0.15376933864601555
9832,0.17744300752687683
9833,0.2640196337661239
9834,0.2097772044512022
9835,0.11890106426683174
9836,0.19452086183803896
9837,0.04713693645211681
9838,1.0
9839,0.375635515414971
9840,0.12389645085164425
9841,1.0
9842,0.09468169662027165
9843,0.04396438845575538
9844,0.07111970992146549
9845,0.09680653383544723
9846,0.1915439238357056
9847,0.01241058611408002
9848,1.0
9849,0.5860242374310307
9850,0.24843536504839683
9851,0.03933299648460763
9852,0.05605144658345843
9853,0.41993088486723956
9854,0.12075702986353729
9855,0.08025408185398734
9856,0.6865434775257152
9857,1.0
9858,1.0
9859,0.2393646383808325
9860,0.024736116547814664
9861,0.5824462738681437
9862,0.047259828218873055
9863,0.09746224296018795
9864,0.8527061475421588
9865,0.03077342154615399
9866,0.0824369657399168
9867,0.13793128968955387
9868,0.07575373980820271
9869,0.018606504535116548
9870,0.06367429813607885
9871,0.24199894636843278
9872,0.0919792295548248
9873,1.0
9874,1.0
9875,1.0
9876,1.0
9877,0.054754677571437135
9878,0.15495411594782832
9879,0.25557544142738314
9880,0.3737544737166558
9881,0.14118799343170924
9882,0.10049891768518945
9883,0.08062042443619596
9884,0.02069833463514735
9885,0.12191565631059478
9886,0.09587627056316254
9887,0.09202641502619674
9888,0.21921807519019187
9889,0.0428364805047776
9890,0.08455969858687842
9891,0.4508726893038687
9892,0.17778207648906208
9893,0.05308010142427299
9894,0.44532903343709984
9895,0.16472661164921643
9896,1.0
9897,0.21763471219328262
9898,0.03498059326217292
9899,0.5040752794472048
9900,0.4065120934332347
9901,0.24401194800230686
9902,0.3689422657970084
9903,0.45543362977451923
9904,0.0402412398040452
9905,0.20700637648081266
9906,0.08431434136963709
9907,0.13403571116335214
9908,1.0
9909,0.0730409100136347
9910,0.28053634949824285
9911,1.0
9912,0.13793128968955387
9913,1.0
9914,1.0
9915,0.07514032603424736
9916,1.0
9917,1.0
9918,1.0
9919,0.13004113228337524
9920,0.2925155347382939
9921,0.18985031097411173
9922,0.22296099251415
9923,0.04362188120023649
9924,0.21246619170803213
9925,0.12080304606056116
9926,1.0
9927,0.2196914692988084
9928,0.026721381349431434
9929,0.04402544767605686
9930,1.0
9931,1.0
9932,0.1240164579283576
9933,0.020077718308969563
9934,0.049745189531212854
9935,1.0
9936,0.06881269743757386
9937,0.1462353536320029
9938,0.02905655893243037
9939,0.015090775499746937
9940,0.06951393792868348
9941,0.2614522745027132
9942,0.13738266504858954
9943,1.0
9944,0.046130446134567474
9945,0.41061766689232526
9946,0.13028155153383433
9947,0.3774257971923548
9948,0.19796982203495692
9949,0.048765411514086324
9950,0.04735676244750563
9951,0.12164541309568132
9952,0.02898875578703778
9953,0.032454780618195435
9954,1.0
9955,1.0
9956,0.657426314846456
9957,0.025706774990017264
9958,0.24092304603363554
9959,0.023019380277565903
9960,0.10121323117486176
9961,0.18209451426086135
9962,1.0
9963,0.251113179737819
9964,0.12820804709450584
9965,0.025187121928418398
9966,0.3553838342171483
9967,0.08715119290907614
9968,0.13979847045085744
9969,0.0965612548999627
9970,0.06082011307316225
9971,0.2289414077761814
9972,0.12346113425926597
9973,0.02190610074035032
9974,0.16926821758987068
9975,0.0377052267876909
9976,0.19660597222127643
9977,0.14003226755233986
9978,0.08583015263953844
9979,0.9903181875261414
9980,0.14664913154572354
9981,0.22644831789209954
9982,0.06299931271574079
9983,0.2815271792244248
9984,0.4475548157884193
9985,0.030690384777275294
9986,0.26739681203129234
9987,0.9995053520020751
9988,0.03861702539861803
9989,0.03004718563882643
9990,1.0
9991,0.9608682443080552
9992,0.05738766294123322
9993,0.027937056836737972
9994,0.07119913995957915
9995,1.0
9996,0.03576362600410836
9997,1.0
9998,1.0
9999,0.6339935719368958
10000,0.7683135910437827
10001,0.13735859129927694
10002,0.061056896073651834
10003,0.34451420062021826
10004,0.09027514233891869
10005,0.20329460229760873
10006,1.0
10007,1.0
10008,0.07523887927972074
10009,0.4651789937939471
10010,1.0
10011,0.2206813296928359
10012,0.04285086112116484
10013,1.0
10014,1.0
10015,0.10265010197267907
10016,0.28596007221481673
10017,0.242613265455249
10018,0.2683484480572633
10019,0.8410606057149432
10020,0.9259714380424395
10021,1.0
10022,0.5228817632419064
10023,0.04895770994578983
10024,0.047030976009324765
10025,0.051162440766433864
10026,0.055100134306965906
10027,0.07453081751530849
10028,0.060063105120423246
10029,1.0
10030,1.0
10031,0.5775189105487918
10032,0.386827306936324
10033,0.23837671425498902
10034,0.048204260875365834
10035,0.18218670170836332
10036,0.3576252266621645
10037,0.29410559764442756
10038,0.11370873774744826
10039,0.14529434421966608
10040,1.0
10041,0.1582363236583351
10042,0.08711787794694602
10043,0.12134970648015891
10044,1.0
10045,0.033376587588527795
10046,0.14091991810658014
10047,1.0
10048,1.0
10049,0.19315060833044884
10050,0.09822118220962953
10051,0.03707905934007012
10052,0.15485395390664436
10053,0.055463011206390564
10054,0.41894070235352904
10055,0.3672670646002756
10056,0.0732514587371833
10057,0.06696931535245935
10058,0.14023167415576673
10059,0.28003752267921966
10060,0.05085310838732423
10061,0.3678160423407265
10062,0.7733015817061526
10063,0.42835373134426596
10064,0.35987307086148046
10065,0.15073286560500146
10066,0.020657744784198732
10067,0.042393100503886526
10068,0.34190911484804826
10069,0.2148623798288529
10070,0.9981011508209969
10071,0.4494891408350675
10072,1.0
10073,0.0866867060434887
10074,0.9999999999999032
10075,0.2019450632308513
10076,0.025806755538789163
10077,0.13738266504858954
10078,1.0
10079,0.09575911751693982
10080,0.1869739695392647
10081,1.0
10082,0.5356726692551061
10083,1.0
10084,0.13356443684560643
10085,0.6460584585086397
10086,0.08780307996503603
10087,1.0
10088,0.14336135456669508
10089,0.09210486238611926
10090,0.2454041490718576
10091,0.15594986042431164
10092,1.0
10093,1.0
10094,0.16312716074158842
10095,0.06432530240033095
10096,0.29381658557683965
10097,0.09525310644794031
10098,0.03777402322243967
10099,0.03858289272991658
10100,0.12327677822613668
10101,0.05288619153296212
10102,0.046084770449506825
10103,1.0
10104,0.02461061234780934
10105,1.0
10106,0.19909349384850597
10107,0.4254247008313573
10108,1.0
10109,1.0
10110,1.0
10111,0.31757026910932856
10112,0.04297190303486153
10113,0.09752292672776511
10114,1.0
10115,0.09115627371656879
10116,0.18427814597199188
10117,0.2678693183940686
10118,0.09882504361682147
10119,1.0
10120,0.03945357574444925
10121,0.5612660724324129
10122,1.0
10123,0.02905655893243037
10124,1.0
10125,0.5737895659789566
10126,0.060990034453738996
10127,0.08540475780856152
10128,0.34402917898099694
10129,0.12597286285909748
10130,0.03360550378131634
10131,0.2634730597950141
10132,0.1991476225631572
10133,1.0
10134,0.0542954706171966
10135,0.036356154962430255
10136,1.0
10137,1.0
10138,0.08330633606002469
10139,0.16781586668084028
10140,1.0
10141,1.0
10142,0.20745419347361843
10143,0.739140370428211
10144,1.0
10145,1.0
10146,1.0
10147,0.9999945741300442
10148,0.13561696635773732
10149,0.05851390552092453
10150,0.43426415871412916
10151,1.0
10152,0.11677641134085018
10153,0.13728083622335782
10154,1.0
10155,0.12906988701485458
10156,0.42479268578845636
10157,0.4617352386428393
10158,1.0
10159,0.12170782580945516
10160,0.04150595986800754
10161,0.04668438110978417
10162,1.0
10163,0.026142573406729392
10164,0.11193557313560663
10165,0.034385068226111044
10166,1.0
10167,0.037665499101172846
10168,0.15308326085799073
10169,0.01831080797933678
10170,0.020990480721867082
10171,0.13902321550465305
10172,0.15439621454770144
10173,0.20862623665743624
10174,0.22588204058735972
10175,0.0416255928369009
10176,1.0
10177,1.0
10178,0.03527593946175916
10179,0.9487885381015527
10180,0.038363361504312805
10181,0.01657291243757126
10182,0.030791165223772385
10183,0.30498395468969147
10184,0.027875491394437915
10185,0.09894293934235174
10186,0.031551610339045154
10187,0.13080719692580686
10188,1.0
10189,0.2958996521204555
10190,1.0
10191,1.0
10192,0.031658182961924484
10193,1.0
10194,0.0624482421973575
10195,0.3842592456376995
10196,1.0
10197,0.05292362045263876
10198,0.8919116645074071
10199,0.06622797468103543
10200,0.16672658146989291
10201,0.031258209517375034
10202,0.04606636159021942
10203,1.0
10204,0.19770719274926912
10205,0.07687891249318063
10206,0.03350985902306777
10207,0.061009724118779425
10208,0.060566413983255483
10209,0.11857566701496594
10210,0.27796759607652155
10211,0.07499634455509557
10212,0.016193665033342724
10213,0.2067392345983363
10214,0.11672533316324181
10215,0.04827986905689905
10216,0.12255928034704436
10217,0.06323445179303341
10218,0.07197346697411926
10219,0.2460911727534463
10220,1.0
10221,1.0
10222,0.02913249861353525
10223,0.054684338935731776
10224,0.1611638627196445
10225,0.07965224367891652
10226,1.0
10227,0.020291856499133384
10228,0.1516498024587699
10229,0.033155154929332936
10230,0.11367652276151309
10231,0.18545734967448513
10232,1.0
10233,0.8374065291554276
10234,0.013094775965175732
10235,0.034145479359789156
10236,0.0584069672609626
10237,0.19663846224642242
10238,0.04333181741059352
10239,0.77563753383484
10240,0.10035050525932825
10241,0.750980930247648
10242,0.05749419061447141
10243,0.14833525245471793
10244,0.582114879081393
10245,0.17202361273564748
10246,1.0
10247,0.23067654387266479
10248,0.06733218717917608
10249,1.0
10250,0.17870978852264535
10251,0.6915497861514969
10252,0.1762196119464603
10253,0.16028963694468773
10254,0.20953661811664615
10255,0.03742705959641158
10256,0.45625956080915575
10257,0.1906228469666403
10258,0.10391901209735963
10259,0.848866047076168
10260,0.44314004556389913
10261,0.5175075960531934
10262,0.055887057218756274
10263,0.4342056457579492
10264,0.08358410454122753
10265,0.025507957548819116
10266,0.10807107433899263
10267,0.25822467986699815
10268,0.06595910513297899
10269,0.03441025341594794
10270,0.31878351837526364
10271,1.0
10272,0.03636248636560566
10273,1.0
10274,0.540519309027061
10275,0.666311789088401
10276,0.2878026178937041
10277,0.14913113559955882
10278,0.06062101079673006
10279,0.18812045347352918
10280,0.02363883260397787
10281,0.8863346415038078
10282,0.11971621368374082
10283,0.07471675530736056
10284,0.021036619934231084
10285,0.0647843676478724
10286,0.03474773310678304
10287,0.5472591049259221
10288,0.0595903657457627
10289,0.10727044106951995
10290,0.8348641091311174
10291,0.03498059326217292
10292,0.08308368201355305
10293,0.10010143963299041
10294,1.0
10295,1.0
10296,0.1685760857909232
10297,1.0
10298,1.0
10299,0.02654859433080824
10300,1.0
10301,0.18534610066457347
10302,1.0
10303,0.2541101853299683
10304,0.16398032847937494
10305,1.0
10306,0.06800499846353536
10307,0.2297698180196864
10308,0.032739912302553395
10309,0.08856916322352937
10310,0.06496628444290067
10311,0.6115601583840056
10312,0.0327977779523922
10313,1.0
10314,0.9527331111392464
10315,0.47608761359120233
10316,1.0
10317,0.2752797595697967
10318,0.3741001756992181
10319,0.01387849767428552
10320,0.7312371597423939
10321,0.3723323368361777
10322,0.33881361564409007
10323,0.08454183169647851
10324,1.0
10325,0.4892757960726956
10326,0.015210234154148803
10327,0.0848133962205799
10328,0.4618924612835132
10329,0.07622540583036205
10330,0.08481112768146819
10331,1.0
10332,0.9211970849196757
10333,0.16630707619449922
10334,0.08673068458521999
10335,1.0
10336,1.0
10337,1.0
10338,0.5664819463486462
10339,0.06198157483523847
10340,0.18184032980882844
10341,0.3639368013165785
10342,0.18159193875866436
10343,0.050842106753416716
10344,0.09993655342991305
10345,1.0
10346,0.15113137821093475
10347,0.19515487613110546
10348,1.0
10349,0.04662232860261248
10350,0.019239308956191404
10351,0.10676945143196438
10352,0.03346954781548846
10353,0.1484006348636361
10354,0.20346116397251504
10355,0.07700675858461661
10356,1.0
10357,0.23716881643663026
10358,0.6607290657130358
10359,0.13738266504858954
10360,0.034773174363095995
10361,0.2625028711454183
10362,0.02521750116175973
10363,0.13649243788164064
10364,0.1854060805407298
10365,0.1284344589054168
10366,0.4289321197369701
10367,1.0
10368,0.11536194803416687
10369,0.15085915699410388
10370,1.0
10371,0.10830389715200488
10372,0.05100449869697713
10373,1.0
10374,0.05210895161040651
10375,0.10500697053181693
10376,0.10181962591310938
10377,0.2563247820509305
10378,0.10447840386461853
10379,0.03149177527631019
10380,0.14257444377393005
10381,0.22745041038546843
10382,0.2338222135609292
10383,0.7149754636233856
10384,0.2696902620698721
10385,0.25725938197625303
10386,0.03167829534658718
10387,1.0
10388,0.08845579124766637
10389,0.0383465435609687
10390,0.035767886906564884
10391,0.11245201811009284
10392,0.478049047532688
10393,1.0
10394,0.14561034378048596
10395,0.38047288537775725
10396,0.196626650485072
10397,0.35638727494329686
10398,0.03821551236619371
10399,0.34254165369183204
10400,0.06882602152532187
10401,0.08354732433532457
10402,1.0
10403,0.07165091914741589
10404,0.024539883411720344
10405,0.01876935785259558
10406,1.0
10407,0.11283029085621044
10408,0.28223935602692374
10409,0.4596423382533256
10410,1.0
10411,0.046381397947805374
10412,1.0
10413,0.9434425457753414
10414,0.07138091132059717
10415,0.057130595229296956
10416,0.028196191849562353
10417,0.7625809217650917
10418,1.0
10419,1.0
10420,0.12397740040997171
10421,1.0
10422,0.14597043476879737
10423,1.0
10424,0.9744976804355844
10425,1.0
10426,0.16649301308425776
10427,0.1550910812648439
10428,0.014155600826111107
10429,0.17740724591642645
10430,1.0
10431,1.0
10432,0.39364779195485033
10433,0.13025799447100592
10434,0.06402412318775305
10435,0.30726297153890586
10436,0.10142269430570226
10437,0.22899496740302933
10438,1.0
10439,1.0
10440,1.0
10441,0.38336553592649575
10442,0.09811220459111616
10443,0.21275344513546537
10444,0.10016323014710271
10445,0.1372473751925964
10446,0.10391084159828232
10447,0.07679488809134317
10448,0.04172267284848909
10449,0.06883445016208327
10450,0.06450315956659826
10451,0.10261312050552107
10452,0.33147109207473013
10453,0.9732925852610516
10454,0.04261423953115167
10455,0.15928966546914614
10456,0.04946620114448491
10457,1.0
10458,0.22845984275755887
10459,0.021218727226151566
10460,0.035159787299211806
10461,0.7331080204039891
10462,0.04934717308213114
10463,0.09681185814793855
10464,1.0
10465,0.3370354848282269
10466,0.1524780669356516
10467,0.12543466685593072
10468,0.024438523824327006
10469,0.3273014266184902
10470,0.02522836092500221
10471,0.035782429561894744
10472,1.0
10473,0.2113742247242952
10474,0.057130595229296956
10475,0.04383490783950598
10476,0.1394686406572063
10477,1.0
10478,0.019676915287703014
10479,0.08357331685904043
10480,0.04972232046328374
10481,0.17782918508350917
10482,1.0
10483,0.19484989915819792
10484,0.04597259203739593
10485,0.026675048808807077
10486,1.0
10487,0.07716991357369725
10488,0.6384716151860526
10489,0.04483431456217692
10490,0.015598709094928722
10491,0.017300504011920428
10492,0.01200935416570736
10493,0.11864781245228605
10494,1.0
10495,0.03164390768964077
10496,0.1731163332690054
10497,0.14082814703394456
10498,0.9951834033478093
10499,0.16488695904950093
10500,0.03254999093406736
10501,0.04935226764432146
10502,0.1465109580965989
10503,0.026827717295201853
10504,0.025167973262442737
10505,0.16926164920338183
10506,1.0
10507,0.5491898342379948
10508,0.5747769364513297
10509,0.040228132597746304
10510,1.0
10511,0.06468822827166504
10512,0.09702598126882372
10513,0.026625935078899536
10514,0.06090309079756445
10515,0.04167305677763839
10516,0.08672101978611142
10517,0.020479193391730016
10518,0.13130942396093537
10519,0.018736477115003373
10520,0.09919020962501586
10521,0.11441513487121077
10522,0.09714406212452315
10523,0.47281753166342944
10524,0.097589815024542
10525,0.0732543890632707
10526,1.0
10527,0.12589473934884376
10528,0.06388158992137401
10529,0.015851009619938992
10530,1.0
10531,0.02380968461628827
10532,1.0
10533,0.6526904374514771
10534,0.8556997007517465
10535,0.030623914075537727
10536,0.051614043717821266
10537,0.14290799427989975
10538,0.02513243635971555
10539,1.0
10540,1.0
10541,0.9149593343972491
10542,0.13997882910112208
10543,0.09496582741126233
10544,0.023265503711616346
10545,0.6601866500421918
10546,0.05499973375875181
10547,0.32162687249956784
10548,0.04244003173287397
10549,0.08248016772361502
10550,0.11223784435703481
10551,0.26392666796674163
10552,0.15978873746669947
10553,0.018178237730566028
10554,0.18812045347352918
10555,0.0657239453614583
10556,1.0
10557,0.06259374894419135
10558,0.3702489998007302
10559,1.0
10560,0.016151066797514078
10561,0.04779213983185943
10562,1.0
10563,0.38743117635777213
10564,0.040898327696662004
10565,0.11691752742530205
10566,0.07424591352196772
10567,0.026740329471234586
10568,0.16977162377298094
10569,1.0
10570,0.0577451444508086
10571,0.021256278106688908
10572,0.07523887927972074
10573,0.022789768221370865
10574,0.09999471153148069
10575,0.14103832612915926
10576,0.30645330763964607
10577,0.05220534349657822
10578,1.0
10579,0.021031356562236155
10580,0.274660304597787
10581,1.0
10582,0.11860238463566117
10583,0.3605734890792113
10584,1.0
10585,0.2780770190422589
10586,0.3584735183986424
10587,0.21647611214673135
10588,0.024060027551517184
10589,1.0
10590,1.0
10591,0.07553182563456018
10592,0.08907987945989834
10593,0.1294168897450598
10594,0.1600459898666811
10595,0.03259495717850689
10596,0.0423735779998177
10597,0.030308385730899456
10598,0.06919834354024514
10599,0.20070928082657497
10600,0.09132015456801629
10601,0.013232765386858306
10602,1.0
10603,0.040018858267659656
10604,0.016093286630809257
10605,0.11979614536204417
10606,0.05851390552092453
10607,0.0321388292322265
10608,1.0
10609,0.05524324950826325
10610,0.044570812961983564
10611,1.0
10612,1.0
10613,0.022853513574963152
10614,0.1625350364663583
10615,0.022449248467193195
10616,0.061202404527862755
10617,0.0433593580430194
10618,1.0
10619,0.2198307228170306
10620,0.47043940392333766
10621,0.07252336836929547
10622,1.0
10623,0.22211229015296044
10624,0.04484396859268433
10625,0.3873687768353273
10626,0.043187332670543206
10627,0.5665080971349693
10628,1.0
10629,0.07512209554063574
10630,0.047211319345371774
10631,0.5203133261984408
10632,0.10663997478529309
10633,0.04154256671506745
10634,0.04747628398864223
10635,0.29867724161618003
10636,1.0
10637,0.7627661636670018
10638,0.062275673947127956
10639,1.0
10640,0.0975719422573275
10641,0.07339867911190763
10642,0.14738620360679802
10643,0.23295777903821543
10644,0.11479553805275679
10645,0.35866383006114544
10646,0.032454780618195435
10647,0.3729799808007184
10648,0.21119781485451722
10649,0.02196153370048443
10650,0.6103245032199212
10651,0.9921805243475099
10652,0.9816311815109454
10653,0.91326695650355
10654,0.047660510218950326
10655,0.044352192988666675
10656,1.0
10657,0.10414989835123958
10658,0.05350800614937351
10659,0.1731351589347138
10660,0.14011698565846264
10661,0.14179502042221498
10662,1.0
10663,0.0473188549615638
10664,0.29791194028263573
10665,0.20894173480914396
10666,1.0
10667,1.0
10668,0.22500849838292303
10669,0.04735755129783758
10670,0.031832483946530495
10671,0.1355803764905928
10672,0.22360070745785676
10673,0.6301262715482018
10674,0.5758242895044234
10675,0.05546740229439216
10676,0.07873207179728609
10677,1.0
10678,0.17386567971685232
10679,0.15638249502687107
10680,0.05833028657128291
10681,0.1662338283752782
10682,0.21553490058247127
10683,0.11405175525657844
10684,1.0
10685,1.0
10686,0.018984636348826505
10687,0.19880985825979078
10688,0.16282164435353477
10689,0.05106820906295774
10690,0.009356845417901119
10691,0.12423991363773389
10692,0.05278257835234729
10693,1.0
10694,0.020405062203922634
10695,1.0
10696,0.5860357331796358
10697,0.02341858000645253
10698,0.2785845988468238
10699,0.9955419788249186
10700,0.24665766078677887
10701,0.26788351302581576
10702,0.1270740815794223
10703,0.9988758888489108
10704,0.056879957562850324
10705,0.31945348227249987
10706,0.33699606713262575
10707,1.0
10708,0.15663829980421493
10709,0.2632653398244983
10710,0.34791971308701714
10711,1.0
10712,0.05671650986790107
10713,0.1575020482660833
10714,0.1460736177149029
10715,1.0
10716,0.02143761323279284
10717,0.061242840147473
10718,1.0
10719,0.410273999627695
10720,0.08216982262861847
10721,0.1719243646916046
10722,1.0
10723,1.0
10724,0.10214618484958268
10725,1.0
10726,1.0
10727,0.07206303674046469
10728,0.07637923172982895
10729,0.9358442806069859
10730,0.07423687509002524
10731,0.5257355393234037
10732,0.09649773725654777
10733,1.0
10734,0.03258701500507495
10735,1.0
10736,0.01583244511607482
10737,0.21833642645796456
10738,0.05882328705553824
10739,0.2714246704593697
10740,0.014486172999958385
10741,1.0
10742,0.12152839298746027
10743,0.15602231530499724
10744,0.04530586354964664
10745,0.03128138678946201
10746,0.9279803091576537
10747,0.23837671425498902
10748,0.2885186994680708
10749,1.0
10750,0.10844558430251107
10751,0.31760467722700964
10752,0.031811793814904586
10753,0.02926108634443278
10754,0.06466675679890044
10755,0.23162937816830217
10756,0.029990615072421196
10757,0.472584559287034
10758,0.23998775408945716
10759,0.025564195347478124
10760,0.06871002690509588
10761,0.7235915876166936
10762,0.34008349300119634
10763,0.578476491284889
10764,1.0
10765,0.5907913590581375
10766,1.0
10767,1.0
10768,0.3606006813035563
10769,0.9822423625716269
10770,0.0796373661190544
10771,0.023251992720989344
10772,1.0
10773,0.04436845584556851
10774,0.0534424068083947
10775,0.10355719957212402
10776,1.0
10777,0.1384172393237668
10778,0.13852868263217827
10779,0.1258615200387363
10780,0.04537342591594591
10781,0.015026286744066543
10782,0.1276366890310657
10783,0.03513204443143987
10784,1.0
10785,0.1366441440552035
10786,1.0
10787,0.3941622515975118
10788,0.20358407876467224
10789,0.08380113483636473
10790,0.1910153987860116
10791,1.0
10792,0.02242225039459386
10793,1.0
10794,0.23218508922477998
10795,0.2789752254685041
10796,0.11528764151696179
10797,0.025775685208166317
10798,0.030849197824054743
10799,0.9552542940540228
10800,1.0
10801,0.347717254570041
10802,0.08978008362389187
10803,0.0764364191033597
10804,0.04693608850096221
10805,0.1267076934477724
10806,0.09505398803412399
10807,1.0
10808,0.14342253191583482
10809,1.0
10810,1.0
10811,0.22240267393637755
10812,0.034138953764128246
10813,1.0
10814,1.0
10815,1.0
10816,0.10663997478529309
10817,0.06344631177971473
10818,1.0
10819,0.9821523837515453
10820,1.0
10821,0.4849165994282696
10822,0.6403779230911334
10823,0.4221881607104233
10824,1.0
10825,0.08937224312961248
10826,0.0885059558601664
10827,0.11505555814225318
10828,0.13089036011386423
10829,0.055416273754831366
10830,0.026560813637283093
10831,0.2025208567258569
10832,0.08418282651259557
10833,0.049129452783067455
10834,0.4391328917882923
10835,0.36861713364270043
10836,0.4814418124344961
10837,0.19865810723472876
10838,0.19410386844687383
10839,1.0
10840,0.06781539217589361
10841,0.1379654612076897
10842,0.25071029229226405
10843,0.3101651676237673
10844,1.0
10845,0.03248571647778694
10846,0.11055194471428004
10847,0.15642727964156067
10848,1.0
10849,0.06965157582606962
10850,0.2447628398613961
10851,0.11683468099596073
10852,0.6782425372219337
10853,0.12308384321671928
10854,0.5497155116186696
10855,0.03441025341594794
10856,0.621621624259481
10857,0.045660961706115784
10858,0.1991476225631572
10859,0.027247019035489404
10860,0.07564710673289547
10861,1.0
10862,0.09986024400952646
10863,0.1323598791293896
10864,0.05168123528640664
10865,1.0
10866,0.03319915776170295
10867,0.11902311803527388
10868,0.19693372820989227
10869,0.06113123839790378
10870,1.0
10871,0.5968756920563797
10872,1.0
10873,0.09257298461762715
10874,1.0
10875,0.8993124392096652
10876,0.04621105985198607
10877,0.1533249285020494
10878,0.01792451589546403
10879,0.1473830630589845
10880,0.07901831973243871
10881,0.42613094023287745
10882,0.06840000033844618
10883,0.0744476608323189
10884,0.9895394105516652
10885,1.0
10886,0.14983107669353396
10887,0.3715168582731961
10888,0.04953614576585382
10889,0.0740367285188481
10890,0.19321588930062492
10891,1.0
10892,1.0
10893,0.03457727086985267
10894,0.15061044920817435
10895,0.04475553413456079
10896,0.36230100275653687
10897,1.0
10898,0.4090353994272925
10899,0.1520683751943049
10900,0.07945555975091706
10901,0.07767803827931624
10902,1.0
10903,0.06107522665413838
10904,0.21092019779686563
10905,1.0
10906,0.16134569937855017
10907,0.2470315971699927
10908,0.17740724591642645
10909,0.03707905934007012
10910,0.819580577021463
10911,0.035453654897569055
10912,0.0431071223051219
10913,0.19385281480849026
10914,0.2952571109981274
10915,0.1658590358939863
10916,0.12523609911836966
10917,0.09238376634413994
10918,0.28066980218583554
10919,0.1549985666616372
10920,0.03425425057145417
10921,0.04785282470247563
10922,0.9998136439405267
10923,0.08657889669172229
10924,0.5730154032085528
10925,0.2546874294004548
10926,0.055518960098374884
10927,1.0
10928,0.1388977302291294
10929,0.7468941366010073
10930,0.9922339340384561
10931,0.08375548350081445
10932,0.21124949655192732
10933,0.18465694021256773
10934,1.0
10935,1.0
10936,0.12231809055982804
10937,0.07316575752330742
10938,0.3150465059359058
10939,1.0
10940,0.12627667402860648
10941,0.7256198803899593
10942,0.03750067775728722
10943,0.6791488504442732
10944,0.06277675741984963
10945,0.06378237379136988
10946,1.0
10947,0.14771903785064724
10948,1.0
10949,1.0
10950,0.18409317906091469
10951,1.0
10952,0.05075941593791415
10953,0.4088014211910905
10954,0.5345827829168583
10955,1.0
10956,0.061049944405048476
10957,0.02453454246721831
10958,0.019864234919270588
10959,1.0
10960,0.008343927420976576
10961,0.062333585484480425
10962,0.021061985549612892
10963,0.029506465807657745
10964,0.0766392134549983
10965,0.0388352501307535
10966,1.0
10967,0.039660016115851904
10968,0.5472591049259221
10969,0.07408452381316283
10970,1.0
10971,0.22521163253794904
10972,1.0
10973,0.02803000127235769
10974,1.0
10975,0.025768037711380542
10976,0.5737895659789566
10977,0.06881269743757386
10978,0.05004126980075473
10979,0.06300939615657102
10980,0.12565067117166795
10981,0.03304872272357993
10982,1.0
10983,0.15428821491868022
10984,0.06218677130500927
10985,0.1713128685670265
10986,0.1528754983148139
10987,0.15237756855264956
10988,0.06830098223978882
10989,0.13471648215057164
10990,0.21619670380560727
10991,0.09685042266293552
10992,0.012209635749979856
10993,1.0
10994,0.23336037467387247
10995,0.025024000731689273
10996,0.1617641185592234
10997,0.020624551056465695
10998,0.1946354526747465
10999,0.053324842660868614
11000,0.02363883260397787
11001,0.024615009968864177
11002,0.8426894733720545
11003,0.020758996739865934
11004,1.0
11005,0.1708234736767469
11006,0.111028964899075
11007,1.0
11008,0.02241664827574358
11009,0.4787230555732284
11010,0.024231325225677655
11011,0.06510064571800832
11012,0.28972158601252695
11013,0.11009032622548284
11014,0.3229090110023349
11015,0.06181422953494328
11016,0.041303762419176195
11017,0.05203372780961168
11018,0.12022558005580035
11019,0.04305982837637861
11020,0.022403618934397643
11021,0.035164485628804136
11022,0.3066702975599382
11023,1.0
11024,1.0
11025,0.02268898232977968
11026,0.20006173744225728
11027,0.10504098435248281
11028,0.16956044632437658
11029,0.10933719751217157
11030,0.9952031966864785
11031,0.031419323282894845
11032,0.026381524733835652
11033,1.0
11034,0.01866954462999127
11035,0.0413203505062279
11036,0.0819236432133551
11037,0.051351093376171386
11038,0.03980127954436814
11039,0.05831272866750868
11040,0.09961873959015613
11041,0.3622669505750369
11042,0.1819731507357779
11043,0.07611119402443998
11044,0.9054295084062378
11045,0.9619655054066935
11046,1.0
11047,0.03114001494477902
11048,0.2753777325169709
11049,1.0
11050,0.09248145679419006
11051,0.07841894266813541
11052,0.014340385445259379
11053,0.018595647656759202
11054,0.11134354034881346
11055,0.08463403381902879
11056,0.21319147968561766
11057,0.10505334763241399
11058,1.0
11059,0.09495605323908778
11060,0.08012196932275138
11061,0.08933702512575063
11062,0.301553578496095
11063,1.0
11064,0.08742932052664729
11065,0.28164903403354385
11066,0.8656705973723018
11067,0.1540097213258233
11068,0.10503099514790773
11069,1.0
11070,0.2566106282087038
11071,0.17010475677487183
11072,0.1167145320868706
11073,1.0
11074,0.2826697305396286
11075,0.7102022305014918
11076,0.3583954643795275
11077,0.9846052051922716
11078,0.25936401053655334
11079,0.4496059329080169
11080,0.05163454952138621
11081,0.25326812253067926
11082,0.11477608217612827
11083,0.9996308270543769
11084,0.22745041038546843
11085,0.540519309027061
11086,0.8169017362786765
11087,0.02618044704138235
11088,1.0
11089,0.028301784459144923
11090,0.4863785486531373
11091,1.0
11092,1.0
11093,0.12291944746836815
11094,0.06626599560961682
11095,0.11002697588630575
11096,0.22381933180582947
11097,0.1524472908389916
11098,1.0
11099,0.025268831996633892
11100,0.24978715665192897
11101,1.0
11102,1.0
11103,0.3865575912154212
11104,1.0
11105,0.016249755111342447
11106,0.040920566841467984
11107,1.0
11108,0.14706752702804515
11109,1.0
11110,0.2541745247976855
11111,0.02371155778006647
11112,0.22642364733209466
11113,0.793956653517322
11114,0.056164581803880946
11115,1.0
11116,1.0
11117,1.0
11118,0.0541113972376399
11119,0.020463098583175857
11120,0.16298950824507671
11121,0.19921442995976432
11122,1.0
11123,0.03709825798326344
11124,0.049356927870162874
11125,0.2893822024901952
11126,0.22044377625941047
11127,0.22242628428072417
11128,1.0
11129,0.1303852631942766
11130,0.28753704075054703
11131,0.9995286661555907
11132,1.0
11133,0.6983998186036552
11134,0.02669021039330172
11135,0.30291629784278984
11136,0.9871206161613936
11137,1.0
11138,0.14049933427916775
11139,1.0
11140,0.3136638021076934
11141,1.0
11142,0.021446600347875155
11143,0.8319226862383023
11144,0.11005030012717242
11145,1.0
11146,0.3311839571594145
11147,0.05360648547606629
11148,0.2546200611269028
11149,0.03133390529611892
11150,0.06280360624216622
11151,0.8932789438371637
11152,0.061343134641422
11153,0.2826381198345479
11154,1.0
11155,0.13268772535316364
11156,0.03642583985247597
11157,0.059775446002517184
11158,0.06197584478432052
11159,1.0
11160,0.3005884657081712
11161,0.008479896665941705
11162,1.0
11163,0.11308920316870137
11164,0.07545535426066083
11165,0.13621967739398128
11166,0.45525714370753684
11167,1.0
11168,1.0
11169,0.01934210827737151
11170,1.0
11171,0.04940835396367037
11172,0.17190636828231276
11173,0.2024379734199185
11174,0.025035001123562908
11175,0.17537230682078342
11176,0.16258897460849006
11177,1.0
11178,0.06810618515007182
11179,0.16739812653583724
11180,0.015964249033786446
11181,0.07875397265937244
11182,1.0
11183,0.025980371205998394
11184,0.3403536901240454
11185,0.1417592482877524
11186,1.0
11187,0.45919249315676564
11188,0.3816810075121313
11189,1.0
11190,0.020184113354983314
11191,0.21937942338074737
11192,0.027602044472531253
11193,0.2757274207425297
11194,0.0604873675090644
11195,0.14831243052491094
11196,1.0
11197,1.0
11198,1.0
11199,0.09751499313651342
11200,0.6208035840724125
11201,0.06457872357294385
11202,0.0450595704095489
11203,0.03584197074553411
11204,0.047708090792303114
11205,0.07804312597123902
11206,1.0
11207,1.0
11208,1.0
11209,1.0
11210,0.09217916100063232
11211,0.1837539627933153
11212,0.20672748451787554
11213,0.1515272405198583
11214,0.5113066553877206
11215,0.08517701640695036
11216,0.23121778956019703
11217,0.45550711543845185
11218,0.1390677648286405
11219,1.0
11220,1.0
11221,0.032454780618195435
11222,1.0
11223,0.0605268394433138
11224,0.026458947624554294
11225,0.018474754332145873
11226,1.0
11227,1.0
11228,0.0882897534437425
11229,0.0451986991174532
11230,0.09685042266293552
11231,0.06860262529748862
11232,0.016218452800456976
11233,1.0
11234,0.029990615072421196
11235,0.09243406175776835
11236,1.0
11237,0.4092731989125112
11238,0.6685259572269122
11239,0.16169129025907167
11240,0.03922673411983763
11241,0.06633350666935647
11242,0.02067339772722025
11243,0.4450057231493943
11244,0.4213047246048311
11245,0.10517059551176858
11246,0.5105412820210814
11247,1.0
11248,0.03149177527631019
11249,0.2831050287544851
11250,0.13937619429336862
11251,1.0
11252,0.24234521305927542
11253,0.45177715519279465
11254,0.045518112571511546
11255,0.033790562739468344
11256,0.06398317925757031
11257,0.1510252544464273
11258,0.03536487038365726
11259,0.092901994664907
11260,0.21889809558949566
11261,0.9862852324184379
11262,0.05796918040139965
11263,1.0
11264,0.25454300076183994
11265,0.011710224401998664
11266,0.1207354879034215
11267,0.03083556019244661
11268,0.12918549633840934
11269,0.07098138195998169
11270,0.1535805269920731
11271,1.0
11272,0.021374965840343624
11273,0.42475853624624643
11274,0.03933570595759838
11275,0.07499634455509557
11276,1.0
11277,0.42348826710630255
11278,0.9312172674731987
11279,0.027076205309362895
11280,0.1946036484468118
11281,0.10915609110025741
11282,0.2673405140810401
11283,0.1749099148759192
11284,1.0
11285,0.4563937963617002
11286,0.032821840056156404
11287,0.029081447198440472
11288,0.11606069989126032
11289,0.033374009029231114
11290,0.14307225976283927
11291,0.16398032847937494
11292,1.0
11293,1.0
11294,0.07690807728173696
11295,0.01740544977716063
11296,1.0
11297,0.02925243579951704
11298,0.13435398083250735
11299,0.32225980465000037
11300,0.19090246342327397
11301,0.5705069087781335
11302,1.0
11303,0.043534023162537724
11304,0.18265982146097945
11305,0.28668299197669184
11306,0.048207246028193144
11307,0.9999999999999998
11308,0.12692634569065792
11309,0.046118559907621474
11310,0.17598697396411825
11311,1.0
11312,0.07681875193106508
11313,0.017070580273328813
11314,0.10031697576596922
11315,0.17974053010048485
11316,0.07367382489244993
11317,1.0
11318,0.5060609267755961
11319,0.03926947028165575
11320,0.20155159891517085
11321,0.1636796184307557
11322,0.15541748218842585
11323,0.574021547535702
11324,0.06543214255349944
11325,0.04494369655363943
11326,0.8193457369004082
11327,0.040903835071470815
11328,0.2978586844075625
11329,0.42131686163343046
11330,0.732676745281203
11331,1.0
11332,0.9999284926412552
11333,0.12504947077026807
11334,0.05720044816121939
11335,1.0
11336,1.0
11337,1.0
11338,0.6498846710329115
11339,0.055684581843634326
11340,0.12104817657399554
11341,0.9691206106991312
11342,0.020719834979377915
11343,0.06660744613363581
11344,0.08839569913267915
11345,1.0
11346,0.09313984709078672
11347,0.08950767797868629
11348,0.021296325874709712
11349,0.10999374338712475
11350,0.02918313717716685
11351,1.0
11352,1.0
11353,0.25007625334726347
11354,0.3693376959942396
11355,0.019450120648262056
11356,0.07673872291246586
11357,0.33970545867981855
11358,1.0
11359,0.868650867278649
11360,0.3001801751435902
11361,0.09273840029288144
11362,0.05623844290878845
11363,0.34126772891750756
11364,0.1559671714221092
11365,0.02789523443961291
11366,0.21359700600795642
11367,0.05986656202003624
11368,0.4527375959364169
11369,1.0
11370,0.013944447733561766
11371,0.11159298526672248
11372,0.9879458963632084
11373,0.03798273320543645
11374,1.0
11375,0.021902272375772736
11376,0.05957134740300763
11377,1.0
11378,0.07623748726857359
11379,0.07681105113441046
11380,0.058965423540546104
11381,0.2434456767280393
11382,0.03455122958936147
11383,0.026689385767716664
11384,0.1674389892521912
11385,1.0
11386,0.1013634994686613
11387,0.2716619263695913
11388,0.07676519907802652
11389,0.3778450985030176
11390,0.044905019120893855
11391,0.08797549335449785
11392,0.2389395664053456
11393,0.07443086433967781
11394,0.10166832917100115
11395,1.0
11396,1.0
11397,0.07502540505519838
11398,1.0
11399,0.01883538169123688
11400,0.4535895765034048
11401,0.12924512812259722
11402,0.23327087037107788
11403,0.029782066903091743
11404,0.033166398050842004
11405,0.03352409603620449
11406,0.4681131994273851
11407,0.01997030534890735
11408,0.5782824621075381
11409,0.2969194877829485
11410,0.4195393318494969
11411,1.0
11412,0.09560320980318232
11413,0.06531343784904081
11414,0.13766278132727133
11415,0.17036483050689127
11416,0.10568070413957745
11417,0.02609159174220916
11418,0.08125513893240614
11419,0.11514971303339243
11420,1.0
11421,0.023080359384863147
11422,0.024360135336625937
11423,1.0
11424,0.04234315634042785
11425,1.0
11426,0.0771511909743588
11427,1.0
11428,0.10940085754525815
11429,1.0
11430,0.10595053745884857
11431,0.40606918482324095
11432,0.5054953725862961
11433,0.036072671005583624
11434,1.0
11435,1.0
11436,1.0
11437,1.0
11438,1.0
11439,0.042783372781978385
11440,1.0
11441,0.11564674224326571
11442,1.0
11443,0.04373656314416712
11444,0.4617001991541098
11445,0.017545889136658867
11446,0.09203661150990758
11447,0.2723070451593296
11448,1.0
11449,0.031102897666775948
11450,0.02268898232977968
11451,0.3294963666988379
11452,1.0
11453,0.015157270785006293
11454,0.11031822490721056
11455,0.08214736733866394
11456,1.0
11457,0.25007625334726347
11458,0.242613265455249
11459,1.0
11460,0.05387612282576799
11461,0.2051033202059081
11462,0.14597043476879737
11463,1.0
11464,0.0349148335490156
11465,0.031695941223061165
11466,0.024018004792524434
11467,0.13520833939388477
11468,1.0
11469,0.05404371667635271
11470,0.10276453242547735
11471,0.15084706840342846
11472,0.15131525268955995
11473,0.27186108526990327
11474,0.11981810311639368
11475,1.0
11476,1.0
11477,1.0
11478,0.08320741636020683
11479,0.044786681810578356
11480,1.0
11481,0.02683090326474172
11482,0.3071277854381744
11483,0.1692801415034729
11484,0.042558617790461134
11485,0.09739339748088949
11486,0.08110997406933874
11487,0.18079762352957582
11488,1.0
11489,0.6089790906060403
11490,0.018116476779285202
11491,0.14789659958468515
11492,0.3066881193819598
11493,0.11022437097043214
11494,0.04599260661752527
11495,0.2067864576933853
11496,0.10634912968240469
11497,0.18195836571464974
11498,0.039478753181745
11499,0.10272652805639475
11500,0.38087938826538464
11501,0.1073946166192192
11502,0.020728488895706068
11503,0.028827047399003092
11504,1.0
11505,0.21407215198898563
11506,0.028621247707528875
11507,0.07256902438605535
11508,1.0
11509,1.0
11510,0.05521611130995272
11511,0.1283882307776259
11512,0.03755995058687855
11513,1.0
11514,0.5280111036234355
11515,0.21291636045727041
11516,0.8494471464623291
11517,0.9997778739347317
11518,0.2563597114357769
11519,0.05294326037391131
11520,0.04286028182786901
11521,0.014780493381128978
11522,0.17947363609950512
11523,1.0
11524,0.05175017811029852
11525,0.13249597417215517
11526,0.5624743996374808
11527,1.0
11528,1.0
11529,0.26951536254632363
11530,0.4037168817228062
11531,1.0
11532,1.0
11533,0.17672049729823228
11534,0.3443585832419279
11535,0.6363469957240364
11536,0.13127242866100403
11537,0.14011698565846264
11538,0.09646122697266764
11539,0.6542531441217588
11540,0.018906520127719127
11541,0.2826330995779255
11542,0.0618572311162281
11543,0.05362132270302323
11544,0.025179848156447478
11545,1.0
11546,0.029920699484868047
11547,0.07505544619556878
11548,0.03886522181523824
11549,0.030762630018740883
11550,0.01664155041939129
11551,0.09615739480570884
11552,0.40074129261697333
11553,0.249761386075533
11554,0.11031822490721056
11555,0.174614174195934
11556,0.2287071929745306
11557,1.0
11558,0.3855231050795221
11559,0.07750207233554597
11560,0.022296394138463023
11561,0.09607406630368387
11562,0.6898690247417002
11563,0.19324106734303573
11564,1.0
11565,1.0
11566,0.7855768393787639
11567,1.0
11568,0.023656339591767266
11569,1.0
11570,0.20134579030590755
11571,0.20671437748087704
11572,0.39554938126113387
11573,0.035554431964312974
11574,0.2846246503629312
11575,1.0
11576,0.2187630101743438
11577,0.20763178592516185
11578,1.0
11579,0.06538350359696782
11580,1.0
11581,0.1460141567345569
11582,0.017545889136658867
11583,0.15424393073494447
11584,0.12843758488969576
11585,0.008080489975987868
11586,0.030762630018740883
11587,0.04292546943917229
11588,0.0692105294311977
11589,0.2325316260250539
11590,1.0
11591,0.058783515533808714
11592,0.05917694724272624
11593,0.06979816690160776
11594,0.0867541563527941
11595,0.09651977280999276
11596,0.019057767788708317
11597,0.5974181577997338
11598,0.19538629684584075
11599,0.2814349042242044
11600,1.0
11601,0.03435332048247943
11602,0.05136911277869437
11603,0.18605956118768657
11604,0.12108053385738052
11605,0.9813491847519675
11606,1.0
11607,0.021818835041522516
11608,0.16487739570682058
11609,1.0
11610,0.03732657810136774
11611,1.0
11612,0.15931686733952502
11613,1.0
11614,0.1968467057753476
11615,1.0
11616,0.007502177301400734
11617,0.10641876583570148
11618,0.08693113562202834
11619,0.018906520127719127
11620,1.0
11621,1.0
11622,0.03416446543668537
11623,1.0
11624,0.08780307996503603
11625,0.012093608305797329
11626,0.019922544684535342
11627,0.03594357002830304
11628,0.03114001494477902
11629,0.8890810326218511
11630,0.1700270796642994
11631,0.17526090879213566
11632,0.06302943854344165
11633,0.15594986042431164
11634,0.09912024686528464
11635,0.0855763623092902
11636,1.0
11637,0.09918797657935197
11638,0.037249731593461066
11639,0.08242791254987449
11640,0.07194930006506953
11641,0.020749388910487224
11642,1.0
11643,0.01064634476681224
11644,0.30825884434477424
11645,1.0
11646,0.03873382410487366
11647,0.4512628437644355
11648,0.9999882590669534
11649,0.0699493658890707
11650,1.0
11651,0.03450604178679321
11652,1.0
11653,0.015683419168102758
11654,0.19920687069813506
11655,0.19330476736756472
11656,0.2917086475432903
11657,0.06934566396733154
11658,0.11006799527515564
11659,0.11800892794767343
11660,0.059267659926206306
11661,0.541380048535575
11662,0.048792339211133004
11663,0.5250627588155679
11664,0.24137297029855395
11665,0.05911685830380594
11666,0.047708090792303114
11667,0.03303258754651647
11668,0.1511955810770272
11669,0.4005869554023313
11670,0.18320416178848928
11671,0.9913242626950916
11672,0.09534833943099028
11673,0.1462353536320029
11674,0.009060075953022138
11675,0.23258381556164015
11676,0.06631567674901287
11677,0.725232903804943
11678,0.10421787187416254
11679,0.032358153669461966
11680,1.0
11681,1.0
11682,0.19921442995976432
11683,1.0
11684,0.17130890228667323
11685,0.12323151791957078
11686,0.5314644519357029
11687,0.0866094390308312
11688,0.08715119290907614
11689,1.0
11690,1.0
11691,0.20039778499876612
11692,0.168185411656586
11693,0.019035314721330753
11694,0.07954718864576657
11695,0.07327154736609057
11696,0.07498722216821392
11697,0.5217077345959967
11698,0.344847135658401
11699,0.08720915221126571
11700,0.46923996195668305
11701,0.023547901883720773
11702,1.0
11703,0.1553113823957485
11704,1.0
11705,1.0
11706,0.8038009426928542
11707,0.07000451107807629
11708,1.0
11709,0.03958082101056637
11710,0.08558801443633382
11711,0.2688632870120329
11712,1.0
11713,0.22385956588075065
11714,0.13246343576410446
11715,0.41554287234983633
11716,0.2735263486110326
11717,0.09529974607109463
11718,0.10273389547431314
11719,1.0
11720,1.0
11721,0.020180624722675886
11722,0.017794348612265035
11723,1.0
11724,0.4855064964815842
11725,1.0
11726,0.03329969801621537
11727,1.0
11728,0.03590941168496373
11729,0.21298655839717565
11730,0.8397522748945415
11731,1.0
11732,0.13419451499741797
11733,0.09601149287377897
11734,0.929358197592829
11735,0.062026297193871226
11736,1.0
11737,0.02061847616728802
11738,0.47688253991258994
11739,0.20295088726400579
11740,0.09370610668077632
11741,0.1883930861247755
11742,0.2481129969742387
11743,0.12174753738337546
11744,0.16926164920338183
11745,0.09651761362511806
11746,0.03959805086629371
11747,0.048974561787443804
11748,0.23153991828636203
11749,0.17943454746098067
11750,0.9362080334637155
11751,0.015456349967890791
11752,0.1061234145385734
11753,0.035744652555213495
11754,0.04218216478533408
11755,1.0
11756,1.0
11757,0.10551873794278466
11758,0.6889236377374343
11759,1.0
11760,0.23517922384148773
11761,0.7927473009100079
11762,0.055416273754831366
11763,1.0
11764,0.06934566396733154
11765,0.1163367809349124
11766,1.0
11767,0.42484147315714166
11768,0.11890489668919396
11769,0.8632584463549318
11770,0.06367429813607885
11771,0.15117239718882994
11772,0.13831205780496644
11773,0.07967771286547429
11774,0.12834765250594687
11775,0.14136131553711317
11776,1.0
11777,0.025035001123562908
11778,0.9407034252815919
11779,0.636705996229632
11780,0.016194750903617283
11781,0.33670340083281514
11782,0.4301609650943966
11783,0.26814644337415144
11784,0.7626567439011956
11785,0.015583090972935476
11786,0.21954703127629857
11787,0.11058235484586998
11788,0.19887553058553387
11789,0.294655808747346
11790,1.0
11791,1.0
11792,0.25454300076183994
11793,0.04787454200039786
11794,0.0636009473490237
11795,0.31491489664923533
11796,1.0
11797,0.07875397265937244
11798,0.035696689042764566
11799,0.5886757471472054
11800,0.0649131427761365
11801,0.12526490676928406
11802,0.09415481653733573
11803,1.0
11804,0.020463594897236866
11805,0.10381078110528039
11806,0.04878484379760995
11807,0.12946281822312306
11808,0.1079166174713079
11809,0.038659060435081195
11810,0.2778665281640067
11811,0.010105551164754707
11812,0.035610131275827565
11813,0.054903522972793356
11814,0.023788839906534288
11815,0.7184070658330756
11816,1.0
11817,0.9835849567610435
11818,0.3729644415890288
11819,0.1815710080325826
11820,1.0
11821,0.07797500307241201
11822,0.057718820999188444
11823,1.0
11824,0.04934717308213114
11825,0.04727399845035107
11826,0.059020170977253976
11827,0.09102205562602095
11828,0.0953906904353317
11829,0.008456276543624033
11830,0.17897062080072954
11831,1.0
11832,0.38360643547614076
11833,0.1571456497878634
11834,0.10471422209110245
11835,1.0
11836,0.029719351238870907
11837,0.31533954389988517
11838,0.07186272162523176
11839,1.0
11840,0.2991553014378027
11841,0.47455215548597995
11842,0.04006971906173551
11843,0.18076492751041984
11844,1.0
11845,0.0261948514170979
11846,0.015351392004301972
11847,0.15155655038610516
11848,0.012138985586333475
11849,0.20192274488571055
11850,0.048765411514086324
11851,0.21429028370793046
11852,0.5797622259197838
11853,0.1716444281562302
11854,0.07210464014935977
11855,0.1495369659523087
11856,1.0
11857,0.026676818452967557
11858,1.0
11859,0.12496653155780298
11860,0.2541798211763982
11861,0.4208206102691982
11862,0.02727238494339616
11863,1.0
11864,0.04673879995855304
11865,0.12022558005580035
11866,0.5768787198999078
11867,0.14355625823990134
11868,0.4627054706668937
11869,0.02490105861371598
11870,0.02384466118211961
11871,0.2585797359084929
11872,0.04580561450267688
11873,0.021148815548783402
11874,1.0
11875,0.12675246503097007
11876,1.0
11877,0.879118080294926
11878,0.3121344616022891
11879,0.04115235357877716
11880,0.010864496632860019
11881,0.033719061874455086
11882,1.0
11883,0.06917508460491523
11884,0.07708170598572438
11885,0.019887655529886732
11886,0.07129750969804081
11887,0.18185989552117315
11888,1.0
11889,0.28336814048962794
11890,0.1906228469666403
11891,0.01808151008818171
11892,0.24804370865707473
11893,1.0
11894,0.15293298470080674
11895,0.42361652720541443
11896,1.0
11897,0.1528754983148139
11898,0.39510226454861
11899,0.11622447762035694
11900,0.22841103632736653
11901,1.0
11902,0.1268522479075587
11903,1.0
11904,0.6395551371905475
11905,1.0
11906,0.03152959482840193
11907,1.0
11908,0.29725265756559116
11909,0.15418641444461456
11910,1.0
11911,0.017017482966893267
11912,0.1608708907730053
11913,0.38086764944206364
11914,0.5324121611482303
11915,0.3182881096752118
11916,0.1862795970670771
11917,1.0
11918,0.6583577554939352
11919,0.026843248924232916
11920,0.041949568233416126
11921,0.056721046551063546
11922,0.04108913201641968
11923,0.17548130163076825
11924,0.024661540079117118
11925,0.05659906126752844
11926,0.08277653406671133
11927,0.11414145697197775
11928,0.5366289783559922
11929,0.013900702036827244
11930,1.0
11931,1.0
11932,0.015709061343974595
11933,0.03498059326217292
11934,0.09461928585586593
11935,0.04100466377178463
11936,0.023547901883720773
11937,0.018435975956351505
11938,0.8303386198507547
11939,0.044179010457281655
11940,0.21471864434353904
11941,0.06455162441219406
11942,0.0668646248919985
11943,0.05241785370679161
11944,0.2821398923856278
11945,0.016512409310860034
11946,0.09931002558731329
11947,0.9879280320779861
11948,0.31878351837526364
11949,0.025936973336585886
11950,0.034564460729284284
11951,1.0
11952,1.0
11953,1.0
11954,1.0
11955,1.0
11956,0.0323698546289875
11957,0.0665500417499085
11958,0.03737453544498301
11959,0.13487596692858408
11960,0.20756989387867306
11961,1.0
11962,0.1804445178233757
11963,0.15769447749840054
11964,0.16294320778134266
11965,0.033441640715899425
11966,0.21040432144020146
11967,0.45876863714383126
11968,0.06529152178622062
11969,0.35393473166437533
11970,1.0
11971,1.0
11972,0.07262911594613171
11973,0.47365513952678884
11974,0.0952364385319761
11975,0.08105013038597754
11976,0.22396936594117023
11977,0.3578253950767687
11978,0.029098528017290955
11979,0.11271570949466407
11980,0.5835335644848139
11981,0.09107559551215613
11982,1.0
11983,1.0
11984,0.13383797584664497
11985,0.2712316408510401
11986,0.3001801751435902
11987,0.16049208235317022
11988,1.0
11989,0.2774938568547319
11990,0.4980527369507787
11991,0.2305383677984271
11992,0.0369059734277078
11993,1.0
11994,0.12007990505415486
11995,0.04291620986682347
11996,0.606130464831275
11997,0.49871962560911526
11998,0.09976193401399104
11999,0.26551437179217713
12000,0.18676115746102012
12001,0.024521497468910684
12002,0.21097669489974274
12003,0.03534930930282384
12004,0.04315724703535244
12005,0.2277879972935271
12006,0.7418676361256962
12007,0.2372394530655558
12008,0.014396285350511923
12009,0.016820814795878512
12010,0.10547996329448613
12011,0.016194750903617283
12012,0.5151950915997633
12013,0.9626016669348295
12014,0.16773902351780626
12015,0.12783850676970532
12016,0.06374272539571511
12017,0.061197111389489904
12018,1.0
12019,1.0
12020,0.16257082936261977
12021,1.0
12022,1.0
12023,0.02276686079725853
12024,0.07979495262569061
12025,0.06693075556343307
12026,0.2089688097305448
12027,0.06001584020481787
12028,1.0
12029,0.8951442236468915
12030,0.06109772887286974
12031,0.3117274998848528
12032,1.0
12033,0.022514972010924495
12034,0.060028720103886275
12035,0.12202575535092533
12036,0.9999999938513819
12037,0.7680267102594588
12038,0.10940085754525815
12039,1.0
12040,0.06018309948357708
12041,0.05588610702942149
12042,0.013618564229605851
12043,0.05645264352984101
12044,0.06795854398399208
12045,0.3807961122344856
12046,0.03634148420976214
12047,0.01762099789319968
12048,0.11843281800771475
12049,1.0
12050,0.29574876238138265
12051,0.9600491135333202
12052,0.46788688549400487
12053,0.22024027896602819
12054,0.4484181133202786
12055,0.02649803661732926
12056,1.0
12057,0.05249755185406774
12058,1.0
12059,0.3308306600174236
12060,0.04202297411156733
12061,0.039534782099878776
12062,0.11630822030918958
12063,1.0
12064,0.7327471660723803
12065,0.6061132407511608
12066,0.04769066491156207
12067,0.08315808995830377
12068,0.20256088348029624
12069,0.03872164100136155
12070,0.010779106745462006
12071,0.10368801457521895
12072,0.06075705040804237
12073,0.08060081804890204
12074,0.4748827687420543
12075,0.07341418419554764
12076,1.0
12077,0.19176355095942635
12078,0.0697604966314723
12079,0.05277888872211124
12080,0.06846532849067356
12081,0.1732831531184348
12082,0.03764143274285114
12083,0.49772847631965994
12084,0.3604772788251643
12085,0.032739858111497946
12086,0.3588744913180725
12087,0.0319172059338998
12088,0.04800548921779087
12089,0.2757872083251989
12090,0.48061286478491555
12091,0.26056379180338207
12092,0.023929694637209183
12093,0.9963680980879769
12094,1.0
12095,1.0
12096,0.028600174047544922
12097,0.041303762419176195
12098,0.04735886986527247
12099,1.0
12100,1.0
12101,0.16824533961195703
12102,1.0
12103,0.36050710775777206
12104,0.03193408571409338
12105,0.08688600229652886
12106,0.1001395343639313
12107,0.014036385638720008
12108,1.0
12109,0.5042169713426876
12110,0.15792239139113026
12111,0.7463215303989921
12112,1.0
12113,0.015198216024273426
12114,1.0
12115,0.06731087487520739
12116,0.021174313521725285
12117,0.15028959083017482
12118,0.04180476937364128
12119,0.021270640064518682
12120,0.04606636159021942
12121,0.012624132055430316
12122,0.02215898946139302
12123,0.13268772535316364
12124,0.35269320304526347
12125,0.03680920857439667
12126,0.04502740281540061
12127,1.0
12128,0.05824868568194969
12129,0.30854163276721513
12130,0.07564710673289547
12131,0.024361258369996797
12132,1.0
12133,0.6047696313074045
12134,0.1391575808235554
12135,0.5425780357812064
12136,0.03231245936583034
12137,0.03483325288962665
12138,1.0
12139,0.16613532451883156
12140,1.0
12141,0.03690509335288111
12142,1.0
12143,1.0
12144,0.08208686844970953
12145,1.0
12146,0.2541101853299683
12147,0.10098470607431832
12148,0.11316380729508953
12149,0.12500365242672182
12150,0.14870090926341653
12151,1.0
12152,0.16028963694468773
12153,0.020184113354983314
12154,0.059092189475325026
12155,0.17626889049254
12156,0.07015612334271895
12157,0.03881323955338491
12158,1.0
12159,0.12572523895088342
12160,0.3197220422546749
12161,0.13320931417726609
12162,0.02789523443961291
12163,1.0
12164,0.23021731439952303
12165,0.07229311142855296
12166,1.0
12167,0.02488323059739965
12168,0.022642876809252692
12169,0.08789080680976698
12170,0.02548566486487451
12171,0.07109859295882284
12172,0.023995591098991364
12173,1.0
12174,1.0
12175,0.17817357141089976
12176,0.21246204870574456
12177,1.0
12178,0.10872841068346085
12179,0.35013887972344065
12180,1.0
12181,0.15111137858199397
12182,0.08214736733866394
12183,0.1895235714453477
12184,0.3533071908516617
12185,0.023868661445526615
12186,0.08501384933251976
12187,0.13820069909317403
12188,0.05939503460873259
12189,1.0
12190,1.0
12191,0.9850097085092212
12192,0.28423203852520007
12193,0.12168718810017708
12194,0.02206218522784976
12195,0.2592811797592009
12196,0.10979334794314335
12197,0.10632501922753633
12198,0.013975505829749128
12199,0.2800430180438514
12200,0.06905695350536771
12201,0.09967454263903082
12202,0.3678160423407265
12203,0.021744802568096844
12204,0.16405578916346833
12205,0.02965895338322667
12206,0.3736030970477095
12207,0.22055237701211117
12208,0.8877373664673229
12209,0.019057767788708317
12210,0.026960453116691607
12211,1.0
12212,0.09113509960394893
12213,1.0
12214,1.0
12215,0.08785133704519672
12216,0.06145484061815367
12217,0.12460797210922371
12218,1.0
12219,0.03901646546935417
12220,0.05868337923463765
12221,0.22858871896368393
12222,0.7183223285953014
12223,0.27559406930497304
12224,0.4285121161155825
12225,0.5571892310003748
12226,0.030687154467934786
12227,1.0
12228,0.1850300700091058
12229,0.06787934685047653
12230,1.0
12231,0.07131279560159454
12232,0.9463638212983756
12233,1.0
12234,0.026188213643839848
12235,0.030445897964932408
12236,0.04415945388307149
12237,1.0
12238,1.0
12239,0.0418839535064732
12240,0.2774938568547319
12241,1.0
12242,0.03170520835083641
12243,0.2443705184825005
12244,0.1172179815821503
12245,0.045340593456771584
12246,0.0321993174129992
12247,0.028583655712091937
12248,0.12418255836712043
12249,0.05451801455989221
12250,0.14134610322027888
12251,0.033695339847864866
12252,1.0
12253,0.16547561893985244
12254,1.0
12255,0.30583680973829475
12256,0.2379864604065954
12257,0.07684712828862451
12258,0.02938635221927054
12259,1.0
12260,0.3761142741024213
12261,0.20639126424925744
12262,1.0
12263,0.05957134740300763
12264,0.06525386047930665
12265,0.22247939854223614
12266,0.4708686830842609
12267,0.061929185785869666
12268,0.05310016531107644
12269,0.048533306787357886
12270,0.02596590279121793
12271,0.19129520594957594
12272,0.40852219907938003
12273,0.011461332667857801
12274,0.034979606676627986
12275,0.040393527057971924
12276,0.26048988526813815
12277,0.11613523702740502
12278,0.16115195060615956
12279,0.1799616386837129
12280,0.14389974312085096
12281,0.15185831056686794
12282,1.0
12283,0.3515491328629016
12284,0.4704456372145509
12285,0.9986841519282053
12286,0.038619492314143085
12287,1.0
12288,0.15866789556717123
12289,0.05010172515726431
12290,0.021556125927400457
12291,0.031635609209351954
12292,0.28413927634902353
12293,0.04927200891249887
12294,0.06150060245363578
12295,0.8244946356575836
12296,1.0
12297,0.040956285393673124
12298,0.10525310659214426
12299,0.3900505835560441
12300,1.0
12301,1.0
12302,0.1083905747422858
12303,0.13275274116670935
12304,0.11923552798358229
12305,1.0
12306,0.04582816590481552
12307,0.08644193679170109
12308,1.0
12309,0.01821373903061846
12310,0.5118756998583186
12311,1.0
12312,0.10591149392449423
12313,0.22358110508621534
12314,0.07722751215862947
12315,0.1982004270242774
12316,0.08875714465417248
12317,0.15169713372020066
12318,0.12260910357363104
12319,0.01779717166255574
12320,0.015599755702878491
12321,1.0
12322,0.1575020482660833
12323,0.37913384085482227
12324,0.034773174363095995
12325,1.0
12326,0.059238008746756006
12327,0.999994562596127
12328,1.0
12329,0.016324666020103934
12330,0.028192545356526752
12331,0.1212278823150325
12332,0.13810250766318205
12333,0.24009256584015387
12334,1.0
12335,0.21619670380560727
12336,0.06420730556486302
12337,0.1517063538530928
12338,0.050127444655244706
12339,0.8988131446519984
12340,0.4199174469495886
12341,0.07128580725339095
12342,0.03881323955338491
12343,0.04104563373869309
12344,0.8462780153641973
12345,0.17351899512472008
12346,1.0
12347,0.026580425739256584
12348,1.0
12349,0.23878635640361842
12350,0.24307930801633618
12351,0.1265580566385014
12352,0.02059977774443688
12353,0.3618544849099015
12354,1.0
12355,0.10415223019013958
12356,0.11551932292760704
12357,0.4264886036215998
12358,0.3557941686582342
12359,0.18724029098550796
12360,0.036669518533281105
12361,0.05627578401106713
12362,0.025233510541215306
12363,1.0
12364,0.19747890218788722
12365,0.15714267634654452
12366,0.1239443238036835
12367,0.20280147781737115
12368,0.21552056381807472
12369,0.12252998810149125
12370,0.07711416946388043
12371,0.05470237642868746
12372,0.23249599578339591
12373,0.150959126902928
12374,0.025715839981054735
12375,0.016902105958935876
12376,0.07417883480274791
12377,0.12824017440647353
12378,0.5878241396362417
12379,0.2887542387968715
12380,0.015122487060791142
12381,0.07853458440474315
12382,1.0
12383,1.0
12384,0.029210251410496324
12385,0.10863574413710825
12386,0.12220272212953927
12387,0.038136603018799516
12388,0.8280297599267855
12389,0.19031946203327718
12390,0.586727403336291
12391,0.06612570984396346
12392,0.2932304129673217
12393,0.08699675409845159
12394,0.03792328507508882
12395,0.22389569304065451
12396,0.02936473224704008
12397,0.01821373903061846
12398,0.09393857491402291
12399,0.046733167979528326
12400,1.0
12401,0.9999992465211207
12402,1.0
12403,0.033343279456347366
12404,0.0596802824218847
12405,0.37221179213468863
12406,0.38728822942123126
12407,0.1587435745716309
12408,0.0659977657638444
12409,0.015228245396457975
12410,0.2702898816695115
12411,0.2189002187196469
12412,0.5838689566365178
12413,1.0
12414,0.15987214839339095
12415,0.033592462079978604
12416,0.026188213643839848
12417,0.5878301387659257
12418,0.10449739523234902
12419,0.23496358788175206
12420,1.0
12421,0.05352922193710571
12422,1.0
12423,0.030352106422485498
12424,0.0898154590619711
12425,0.7998656426386416
12426,0.4270618433428556
12427,1.0
12428,0.0549343538662867
12429,0.06804142330289262
12430,0.1381644262693461
12431,0.1385123915402262
12432,0.5553238326953239
12433,0.2064895133760592
12434,1.0
12435,0.1193244704240376
12436,0.021893669596569142
12437,0.025867314421908125
12438,1.0
12439,0.1493869344216268
12440,0.1029460930463754
12441,0.12276911345033513
12442,0.5767789773677918
12443,0.7705772584627552
12444,0.9432476384879567
12445,0.02522798519480698
12446,0.15485395390664436
12447,0.49467351965509593
12448,1.0
12449,0.14488373989730594
12450,0.8971048665260585
12451,0.01804981217749582
12452,0.10899043977252769
12453,0.4488157789659794
12454,0.016910914456264782
12455,0.0392481660303626
12456,0.3129979503135488
12457,0.1493900807761726
12458,0.10114926827238219
12459,0.034173519850036735
12460,0.0787433805990548
12461,0.040649065340735736
12462,0.5774856984748137
12463,0.8773339604105199
12464,1.0
12465,0.09084509492257507
12466,0.1772540225204017
12467,0.0548335764785643
12468,0.21553490058247127
12469,1.0
12470,0.9235955250479094
12471,0.04358725530015079
12472,0.5709628704346742
12473,0.027163203833326658
12474,0.03225674224017831
12475,0.039723277679955545
12476,1.0
12477,0.10014265633222412
12478,0.16206377689531914
12479,0.048044345468959845
12480,0.062415180069841904
12481,1.0
12482,0.05358926806857902
12483,0.07792851485054639
12484,0.9921363963200518
12485,0.1072061479950494
12486,1.0
12487,0.12470536086894454
12488,0.04987557954734881
12489,0.07158896035290034
12490,0.23903050591635708
12491,0.0824702161819588
12492,0.03830792393151419
12493,0.43280603426077385
12494,1.0
12495,0.7498385421124927
12496,0.06809062848356437
12497,0.11898541950390439
12498,0.04810365554259974
12499,0.024925952955888536
12500,0.1626946171248358
12501,0.13061625889965134
12502,0.07787081955554599
12503,0.20258195731414086
12504,1.0
12505,0.09537317785392815
12506,0.021425912757127838
12507,0.06258183227311058
12508,0.021827470971638598
12509,0.11698718013774892
12510,0.16999497090750232
12511,1.0
12512,0.0379095604058661
12513,0.0214071103471358
12514,0.04506478866656072
12515,0.07116179647600518
12516,0.02727238494339616
12517,0.2888817988299894
12518,0.14605849214471212
12519,0.6202015084123129
12520,0.11975198840039306
12521,0.8141811213766479
12522,0.016368811851480765
12523,0.47180350972448437
12524,0.07419975177099368
12525,0.055739753883468864
12526,0.08889490596879226
12527,0.015937067649868204
12528,0.021700573081517474
12529,0.058561567514286136
12530,0.12496167752601182
12531,0.3817450809086297
12532,0.24912807314463895
12533,0.9076151711463399
12534,0.06948336852704687
12535,0.1912620617165539
12536,0.13618288317869887
12537,0.7676826698721252
12538,0.840037822360798
12539,0.04296335313697351
12540,1.0
12541,0.04008543914983606
12542,0.028673413316628052
12543,0.7324438394284666
12544,0.03783770058586772
12545,0.22452578723630492
12546,0.1321705294497781
12547,0.14462085483875692
12548,0.1174445367153341
12549,0.06171560275653435
12550,1.0
12551,0.056889901761526494
12552,0.21095480433209485
12553,0.08657889669172229
12554,0.16503711420493716
12555,0.03737208340067873
12556,0.0498110541300819
12557,0.6663795078811507
12558,1.0
12559,0.7992219381926885
12560,1.0
12561,0.49264332214682827
12562,0.8734358679736818
12563,0.12794716671380463
12564,0.07690300448715857
12565,0.13678942947186473
12566,0.04717579578370684
12567,0.17867483403711848
12568,1.0
12569,0.039596726017337484
12570,0.15061877252660166
12571,0.04394271195531421
12572,0.020981875453819368
12573,0.05531987579114106
12574,0.22141055471020563
12575,0.0384816526409854
12576,0.07638097848788712
12577,0.1454583781295876
12578,0.04496477838790271
12579,0.12436613471724571
12580,0.9478443917600592
12581,0.2793397133763758
12582,0.02469896427373705
12583,0.9669750703174163
12584,0.007703833523738952
12585,0.017892405943938365
12586,1.0
12587,1.0
12588,0.040018858267659656
12589,0.9730858290475859
12590,0.09421695281955267
12591,0.7484533506287332
12592,0.07374048331275398
12593,0.03900076465234866
12594,0.06335110332599223
12595,0.07474370471067499
12596,1.0
12597,1.0
12598,0.8743993375741437
12599,0.2705421496728994
12600,0.20285987425023777
12601,0.3424959462895801
12602,0.19943666241175215
12603,0.08554439212886769
12604,0.02087910716532179
12605,0.3991695409927145
12606,0.027503600641545296
12607,0.12337429889543274
12608,1.0
12609,0.03989471163952058
12610,0.17111485815071717
12611,0.15594986042431164
12612,0.08210253617428552
12613,0.13039299133811788
12614,0.021123735435546763
12615,0.22997509769414504
12616,0.08310688871611145
12617,0.02362792492666804
12618,0.01931058984932932
12619,0.14249998383157078
12620,0.02727238494339616
12621,0.024098525121397613
12622,0.1386756499194852
12623,1.0
12624,0.08860013618743585
12625,0.15277035286967577
12626,1.0
12627,0.1289242692005028
12628,1.0
12629,0.08110997406933874
12630,1.0
12631,0.12109204440194968
12632,0.08870484662467051
12633,1.0
12634,0.03557756553698139
12635,0.027123948103813484
12636,0.06510064571800832
12637,0.3113289936725917
12638,0.06410761820124997
12639,0.054452422782206536
12640,0.325007369901213
12641,0.21830390843998076
12642,1.0
12643,0.22528046633997154
12644,0.11598293219745841
12645,0.08158601161596009
12646,0.22452578723630492
12647,1.0
12648,0.05390418253383681
12649,0.028573609446585525
12650,0.010869899685803645
12651,0.9999999997250855
12652,0.02905655893243037
12653,0.11250351276353175
12654,0.18366037008241226
12655,0.08610446205233145
12656,0.05700540631825455
12657,0.7537624111271223
12658,1.0
12659,0.16305685929821537
12660,0.38954550163005425
12661,0.11146445895766055
12662,0.015001561355224015
12663,0.35972408692100016
12664,0.1003109656553588
12665,0.056969714274139584
12666,0.25007625334726347
12667,0.03960343545298298
12668,0.045097990164670865
12669,0.13614908344043497
12670,0.03019259282163185
12671,0.25248637474835556
12672,0.10128450514958981
12673,0.1600459898666811
12674,0.6915604047889615
12675,1.0
12676,0.07035909945839999
12677,0.46146336126183296
12678,1.0
12679,0.013828942532450646
12680,0.07979914527605453
12681,1.0
12682,0.08238880230800695
12683,0.021608663069214426
12684,0.9553147416432621
12685,0.030525935476311182
12686,0.6703901375671528
12687,0.07040773747054367
12688,0.40253640488607745
12689,1.0
12690,0.08462564723642474
12691,0.029640648423355554
12692,1.0
12693,0.6154122044373977
12694,0.12022558005580035
12695,0.28100567328386844
12696,0.13352516172208242
12697,0.23608246122152152
12698,0.29631825248230087
12699,0.10560066582780687
12700,0.2080287922850407
12701,1.0
12702,0.22841980983727503
12703,0.11104430905977393
12704,0.8958155574275515
12705,0.04637572695128687
12706,0.20522809181498508
12707,0.05130116845471802
12708,0.5188586409996748
12709,0.20113310422998398
12710,0.26473424326993555
12711,0.0635742306067913
12712,1.0
12713,0.0636009473490237
12714,0.18289501418262455
12715,0.04325066949436044
12716,1.0
12717,0.3024958415418669
12718,1.0
12719,1.0
12720,1.0
12721,0.4175183835583919
12722,0.1681978461475519
12723,0.23003123467544312
12724,0.02007693056828913
12725,0.5428778089080665
12726,0.3672670646002756
12727,0.020222912225365576
12728,0.03998803394749797
12729,1.0
12730,0.13184031133442015
12731,0.4026401236048367
12732,1.0
12733,0.1412510687086761
12734,1.0
12735,0.14166389107956817
12736,0.6573777683815321
12737,0.0593821399336479
12738,0.20807202017380855
12739,0.023509694314629286
12740,1.0
12741,0.7295687497316671
12742,0.11109565909261053
12743,1.0
12744,0.03493044564145271
12745,0.0368361015816319
12746,0.012274989938510766
12747,0.4849165994282696
12748,0.20263279384674446
12749,0.28363954341666203
12750,0.31697213262206064
12751,1.0
12752,0.12575600037015858
12753,0.018440074428020158
12754,0.4877242455532797
12755,1.0
12756,0.18207599502894725
12757,0.0724047631641349
12758,0.058015061655045316
12759,1.0
12760,0.04268266576749495
12761,1.0
12762,0.0766780029483174
12763,0.0643593068894865
12764,0.3382944761000609
12765,0.033994627140980026
12766,0.1644775412322801
12767,0.3468452171409243
12768,0.1644309011033625
12769,0.11304720088164949
12770,0.012903405020145538
12771,0.15571158674344432
12772,0.28751784541326436
12773,0.04340281080877791
12774,0.16778260767592176
12775,0.2042188367144319
12776,0.09927969591636134
12777,0.4168526771978923
12778,0.11460960124034011
12779,0.5147935428763654
12780,0.21563628047264632
12781,0.1510252544464273
12782,0.010517002043841091
12783,0.0872105233192719
12784,0.1531507017380719
12785,0.12662072533097815
12786,0.07288635331047985
12787,0.08859034444771692
12788,0.06064486616746001
12789,0.07792851485054639
12790,0.2731572964239093
12791,0.06771085032895281
12792,0.08386963475490873
12793,0.274325806825293
12794,1.0
12795,0.22642364733209466
12796,0.035164485628804136
12797,0.06022600179274437
12798,0.2283328260710209
12799,1.0
12800,0.07046904288021112
12801,0.013375423778434382
12802,0.2538017113011273
12803,0.02216683185898764
12804,0.024387330161365326
12805,0.07356779087060006
12806,0.8294410906777872
12807,0.20002409531290247
12808,0.2004593008098577
12809,0.10767974068067021
12810,0.3240758691032179
12811,0.025752860032725016
12812,0.9999999999999891
12813,0.10942812477022076
12814,0.5080049413804807
12815,0.20324404622195424
12816,0.033372346529684696
12817,1.0
12818,0.12397740040997171
12819,0.02542918442172684
12820,0.09371174973718518
12821,0.9925233264312806
12822,1.0
12823,1.0
12824,0.10466031903128428
12825,1.0
12826,1.0
12827,0.015048304688083452
12828,0.040375324848413746
12829,0.2660191282149287
12830,0.21923258918103786
12831,0.3581590980073815
12832,0.26404072034943366
12833,0.13114278918408098
12834,0.01418758305051469
12835,0.3937547174386905
12836,1.0
12837,1.0
12838,1.0
12839,1.0
12840,0.11221513272850614
12841,0.11322894410248932
12842,0.09565680657492084
12843,0.7506609729198909
12844,0.03262369269246775
12845,1.0
12846,0.07349343969639123
12847,0.03858289272991658
12848,0.1462353536320029
12849,1.0
12850,0.2510966792183608
12851,0.40609843166779336
12852,0.034797627875820206
12853,1.0
12854,0.04790775148967537
12855,0.016048698263566353
12856,0.029819264279234863
12857,0.1942779542793881
12858,0.2330945266125293
12859,0.01657291243757126
12860,0.06224675439874674
12861,0.3465156172307774
12862,1.0
12863,0.13403571116335214
12864,0.1073946166192192
12865,0.2615078751331958
12866,0.1949156157106322
12867,0.4448262398664133
12868,0.047661290077689704
12869,0.3425823411816769
12870,0.13996974697776726
12871,0.039823604282609316
12872,0.03941012512728305
12873,0.025056695732153404
12874,0.4064380103027018
12875,0.6296145574166649
12876,0.4624202906587329
12877,0.11289698761969856
12878,0.20897758883026904
12879,0.0418280692094047
12880,0.5042275139619874
12881,0.43987977556776425
12882,0.150453042898022
12883,0.3665534474435584
12884,0.24631980759865418
12885,0.10500697053181693
12886,0.14670468207591617
12887,0.8585148807084412
12888,0.28788847493891123
12889,0.10693659172974299
12890,1.0
12891,0.039867491850488754
12892,0.020008701620107577
12893,0.6425096166615174
12894,0.7203807068827094
12895,0.12270808321551306
12896,0.43414043176623157
12897,0.12939653624838887
12898,1.0
12899,0.1661364737096965
12900,0.06930188435578688
12901,0.202047728484153
12902,0.40079871212172996
12903,0.5759265868134398
12904,0.018956450466428815
12905,0.047979113910492775
12906,0.3562094384391426
12907,0.05151567638785872
12908,0.13414992706190715
12909,0.3998049008499031
12910,0.3208322977918466
12911,0.19686749762495526
12912,0.08867382524601981
12913,0.8815169570081987
12914,0.04629074799951712
12915,0.3881546520023947
12916,0.08274168738866679
12917,0.11030091120635027
12918,0.06067958133469573
12919,0.24615328206797382
12920,0.040496178541989024
12921,0.18563998146921243
12922,0.15666284414024037
12923,1.0
12924,0.03788300586080782
12925,1.0
12926,0.04980341041664905
12927,0.2598789677073141
12928,0.158832289544825
12929,1.0
12930,0.16402910713542682
12931,0.03314427606650134
12932,0.07271207038182648
12933,1.0
12934,0.0690069255516521
12935,0.21036978113358795
12936,0.09168808213873361
12937,0.06359707266011838
12938,0.030205954951106753
12939,0.3977667193125311
12940,0.07943328431200031
12941,0.13105184662403005
12942,1.0
12943,1.0
12944,0.03479380832142645
12945,0.08996567232283663
12946,1.0
12947,0.33959757508584526
12948,0.24262287158388157
12949,0.24336854416816953
12950,0.17063880410489482
12951,0.023616764193052867
12952,0.039328966906735645
12953,0.037599899735414666
12954,0.23478973277174514
12955,0.044339990879938375
12956,0.14570097559453732
12957,0.8486162346186614
12958,0.10923893355174177
12959,0.024779850737253348
12960,0.0879860455047453
12961,0.49773466631460134
12962,0.03781225771830747
12963,0.15920812424228156
12964,1.0
12965,0.0830593303393431
12966,1.0
12967,0.07593294954057644
12968,1.0
12969,0.2227824973575442
12970,0.12174753738337546
12971,0.15738570883688882
12972,0.166141167078567
12973,0.16159094442939909
12974,0.04641014129110049
12975,0.0637764429068212
12976,0.038840419833418426
12977,0.8784036721980222
12978,1.0
12979,0.08375437115545188
12980,1.0
12981,1.0
12982,0.17794007427288971
12983,1.0
12984,0.08890956863601604
12985,0.07616293870676934
12986,0.1714718157569463
12987,1.0
12988,0.018765640564640324
12989,0.9852563254199601
12990,0.5129348650021025
12991,0.14214821564754887
12992,0.02427407529437653
12993,0.42395655868046656
12994,0.0777201107499845
12995,0.302222459451615
12996,0.07507596341192198
12997,1.0
12998,0.04156514099370586
12999,0.20651911670909212
13000,1.0
13001,0.04290227032776745
13002,0.3766285933576914
13003,1.0
13004,0.018788348016269767
13005,0.1465889474167322
13006,0.40772256648223065
13007,0.32888800489575426
13008,0.5247723985644346
13009,1.0
13010,0.017734210322809904
13011,0.11475772773260176
13012,0.18336326794244437
13013,0.5261061846562045
13014,0.4082899113433226
13015,0.22313435293507244
13016,0.021860690825318822
13017,0.060336057138327535
13018,0.14632488675895453
13019,0.06953429376972929
13020,0.1867066297082532
13021,0.5537440523414681
13022,1.0
13023,1.0
13024,0.08610446205233145
13025,0.020807375706106992
13026,0.04853111865939113
13027,0.07033035770206353
13028,0.39908804707717677
13029,1.0
13030,0.3887910404402322
13031,0.13405155766146482
13032,0.6779180362692073
13033,0.044599419193164236
13034,0.20643390350698773
13035,0.06668903200258534
13036,0.34772784940956597
13037,0.13207784823460322
13038,1.0
13039,0.21645506357423405
13040,0.02368326059088085
13041,0.20774229168125063
13042,0.14558786942146043
13043,0.3617599637278305
13044,1.0
13045,0.13888399189614412
13046,0.06374272539571511
13047,0.035451430073847816
13048,1.0
13049,0.2505194149473329
13050,0.8720638575483063
13051,0.04862205411529512
13052,0.2577243452219208
13053,0.05170277959779599
13054,0.19399884100347006
13055,0.07628105264073663
13056,0.015767524144117626
13057,0.03405848519218934
13058,1.0
13059,1.0
13060,1.0
13061,0.4019739948734887
13062,0.112711331287218
13063,0.03974437802366445
13064,0.015106921821585505
13065,0.0501143010569323
13066,1.0
13067,0.09919020962501586
13068,0.08625746649661366
13069,1.0
13070,0.08516327074956632
13071,0.07712702772540801
13072,0.011624453534604404
13073,0.608253198504844
13074,0.053643062317318566
13075,0.3234932346630752
13076,0.08906583224229814
13077,1.0
13078,0.07399559942608881
13079,1.0
13080,0.15147340022104805
13081,0.14869029923492072
13082,0.8413139091283377
13083,0.02103044262094235
13084,0.1374411722666232
13085,0.110751381744557
13086,0.03403721317542093
13087,0.019941231577542476
13088,0.048123971684026365
13089,1.0
13090,0.016151066797514078
13091,0.7608300632292695
13092,0.09698531300400645
13093,1.0
13094,0.10284936988405297
13095,0.042088537485063304
13096,0.043585308036400754
13097,1.0
13098,0.44801501517469133
13099,0.07411248718203711
13100,0.10441789012157757
13101,0.03262584374618479
13102,1.0
13103,0.08606354492083122
13104,1.0
13105,0.09428487723251049
13106,1.0
13107,1.0
13108,0.07414550139181435
13109,0.23711591595789022
13110,0.29647638448708363
13111,0.08173859324209622
13112,1.0
13113,0.5029020116012282
13114,1.0
13115,0.03216848570897258
13116,1.0
13117,1.0
13118,0.9787943197026918
13119,0.9916918310526628
13120,0.07154433926437316
13121,0.07599852267243545
13122,0.19258669658713468
13123,0.1086627851597646
13124,0.16452859377949625
13125,0.22579283449228285
13126,0.02023790180856989
13127,0.043087508568866395
13128,0.3196228696661239
13129,1.0
13130,1.0
13131,0.10181222599564461
13132,0.030525935476311182
13133,0.09062678030275961
13134,0.04695575265251303
13135,0.058499956624831026
13136,0.09172003603993921
13137,0.11031164758580796
13138,0.03538547840922746
13139,0.46161793836395165
13140,0.2622646313492332
13141,1.0
13142,0.16735752859825492
13143,0.06175795740313514
13144,1.0
13145,0.3319017580234545
13146,0.023890959479378276
13147,0.014396285350511923
13148,0.13830910683089317
13149,0.32885787317111664
13150,0.12808457701191794
13151,0.17705925510428722
13152,0.10798602296948488
13153,0.2868457775466026
13154,0.03579557946973234
13155,0.2493975162153892
13156,0.39497315740192135
13157,0.017592290609632015
13158,0.24181022131255614
13159,0.02501426488172332
13160,0.07569925489606559
13161,0.04087556936390231
13162,0.05414312555617075
13163,0.023141340926705924
13164,1.0
13165,0.022732102771035777
13166,0.07859128462229564
13167,0.03917435245262041
13168,0.28480440531210993
13169,0.17460674683806224
13170,0.023867073516511475
13171,0.08326695157801471
13172,0.05567820557182771
13173,0.04732680838832703
13174,0.17529100823348173
13175,0.1946568531620082
13176,0.034797627875820206
13177,1.0
13178,0.28901395493024024
13179,1.0
13180,0.17598697396411825
13181,0.03623559897512049
13182,0.24116879188892246
13183,0.706310209699286
13184,0.11772479663666913
13185,0.14505017287481747
13186,0.17157234785684833
13187,1.0
13188,0.11410025151352304
13189,0.07819869836714935
13190,0.2124094031132165
13191,0.08821253582342761
13192,0.47281753166342944
13193,0.9994552221336676
13194,0.07631212981714534
13195,0.17944703283310695
13196,0.18593727014936762
13197,0.021077625315884405
13198,0.15727568166673847
13199,0.14551942468333678
13200,0.07464918829009243
13201,0.05343627275273089
13202,0.04347647323164312
13203,1.0
13204,1.0
13205,0.059606502905269636
13206,0.3021743893698315
13207,1.0
13208,0.5237483215705218
13209,0.03855505861475322
13210,0.021918847225925374
13211,0.1203461268755134
13212,0.18895176910872538
13213,0.1813174936347493
13214,0.025719135035990343
13215,0.06632963508314585
13216,0.03492449909362767
13217,1.0
13218,0.2558281486795844
13219,0.08539448624542972
13220,0.22067533836700803
13221,0.2048121417525026
13222,1.0
13223,1.0
13224,0.08772649217527641
13225,0.02392584498797169
13226,0.022568804433211322
13227,1.0
13228,0.15407977604556738
13229,1.0
13230,0.10782266145083308
13231,0.12148101839319146
13232,0.2083056560429191
13233,0.23218508922477998
13234,0.18231602383830126
13235,0.052213910405952225
13236,0.0644344069787777
13237,0.061242840147473
13238,0.21210446828354068
13239,0.030078821170402885
13240,0.14248093469994869
13241,0.03389283121662863
13242,0.12000377221499976
13243,0.2851839955201757
13244,0.018825295154965567
13245,0.06036739294860106
13246,0.03212580355687459
13247,1.0
13248,0.02902106371906074
13249,1.0
13250,0.505288533603277
13251,0.14583279150877357
13252,0.3073491914420491
13253,0.04315724703535244
13254,0.2900178366073042
13255,1.0
13256,0.06825623907088724
13257,0.1659764655041432
13258,0.02770818611312923
13259,0.0724047631641349
13260,0.9371658691132781
13261,0.04537993774280649
13262,0.3018129071771441
13263,1.0
13264,0.024810918782773313
13265,1.0
13266,0.008807991557028357
13267,0.1177000609687661
13268,0.026136973175380263
13269,0.045429471374277275
13270,0.18022909898836678
13271,0.2315633180642827
13272,0.09495480755647165
13273,0.2703158200281425
13274,0.15127166918256238
13275,0.33670340083281514
13276,0.19670148582938668
13277,0.07559410276105809
13278,1.0
13279,0.1444842688730056
13280,0.07690300448715857
13281,0.16595831837636352
13282,1.0
13283,0.108503395744025
13284,0.00723158667681889
13285,0.13609983079443472
13286,1.0
13287,0.09646122697266764
13288,0.05591657146271109
13289,1.0
13290,0.9887199012053107
13291,1.0
13292,0.12220920821026007
13293,0.05471312889004449
13294,0.028340698500939645
13295,0.33673885906610057
13296,1.0
13297,0.2762160536208607
13298,0.02436975820029504
13299,0.0662117516937933
13300,0.2976162304150811
13301,0.024035785683283132
13302,0.03755302949717357
13303,0.30755341834134087
13304,0.6817848871963496
13305,0.07963237069591858
13306,0.05379534103369421
13307,1.0
13308,0.05980109310573136
13309,0.029520005225231453
13310,0.0316123883219804
13311,0.043152027093520076
13312,1.0
13313,0.241482762326065
13314,0.04234051815794153
13315,0.14517837532952027
13316,0.9752126430390484
13317,0.031594054857013235
13318,0.8249387404057511
13319,0.4120599386511472
13320,0.6098682994369189
13321,0.03740376512767695
13322,1.0
13323,1.0
13324,0.039940767568227724
13325,0.05841585025018922
13326,0.9175521158289858
13327,0.09314032101709081
13328,0.5100552848932499
13329,0.1826967447322448
13330,0.6912018455352152
13331,0.10500697053181693
13332,0.038959387364882504
13333,0.4173476211282547
13334,0.8341170724766297
13335,1.0
13336,1.0
13337,0.06744896233141094
13338,0.03269379233754579
13339,0.10659494920243778
13340,0.1644309011033625
13341,0.24195052619428012
13342,1.0
13343,0.5482338331627783
13344,0.12994727338835207
13345,0.14505377985756127
13346,0.17140425810924476
13347,0.216827561886648
13348,0.36058291913699514
13349,0.19314674959965217
13350,1.0
13351,0.8364769267713913
13352,1.0
13353,0.021514825374122686
13354,0.04197094640434709
13355,0.27429783134152563
13356,0.17916113887223512
13357,0.31630467357014946
13358,0.07642662004628246
13359,0.21676662792872747
13360,0.5104448617742492
13361,0.9999999999989828
13362,1.0
13363,0.6441710363767441
13364,0.08830029153765473
13365,0.11525636181079926
13366,0.0235121797477276
13367,0.05635851434548126
13368,1.0
13369,0.4833448583076491
13370,0.9276389242522934
13371,0.03531021259506206
13372,0.034797627875820206
13373,1.0
13374,0.09082406603307193
13375,0.11524492880949178
13376,0.08460515643951197
13377,0.054228184567059336
13378,0.1280524892671245
13379,0.4655558027939171
13380,0.05665174388364226
13381,0.3532382145959866
13382,0.8194502797232798
13383,0.18806861811447562
13384,0.15123467468185098
13385,0.06302943854344165
13386,1.0
13387,0.46831213437645564
13388,0.1279888135601025
13389,0.36140026302796235
13390,0.2763250509606572
13391,1.0
13392,0.13071961965080073
13393,0.21655675679557665
13394,0.18741793283255984
13395,0.11826551559878265
13396,0.07483817434163961
13397,0.012233297083420268
13398,0.2650092988626452
13399,0.013216701447758201
13400,0.045299205002493
13401,0.08501384933251976
13402,0.8586454190171261
13403,0.18514344414250744
13404,0.061242840147473
13405,0.49010993763040295
13406,1.0
13407,0.9932425315313294
13408,0.4850041894943302
13409,0.013738740454399755
13410,0.53965217652038
13411,0.04491511232587798
13412,1.0
13413,0.08760741958662753
13414,0.23545345373422435
13415,1.0
13416,0.5202416452711035
13417,1.0
13418,0.1326225098739612
13419,0.024198659919372093
13420,0.05038680618353487
13421,0.029086072554240994
13422,0.22202100920127027
13423,0.20032671347754566
13424,0.153536409054427
13425,0.3744756850520797
13426,0.3417846451864335
13427,0.08414552754422001
13428,0.41495202545811627
13429,0.9174549958058895
13430,0.12272078052178222
13431,0.03390222523978377
13432,0.31742378572869345
13433,1.0
13434,0.02915346643554695
13435,0.18395506708074374
13436,0.11165702142111074
13437,0.05048103426343231
13438,0.9602841258561144
13439,1.0
13440,0.4726236380578752
13441,0.16748631158591729
13442,1.0
13443,0.0754712584193582
13444,0.015158288230379593
13445,1.0
13446,0.12144479840995415
13447,0.13830910683089317
13448,0.040631770124254105
13449,0.01717478903482647
13450,0.017154353822167866
13451,0.25015480896499376
13452,0.11566750150234584
13453,0.11089549279294711
13454,0.15110213592597443
13455,0.025325235328018482
13456,0.1906228469666403
13457,0.017358775200522765
13458,0.020295375189982198
13459,0.04307709003129441
13460,1.0
13461,0.01461169205132436
13462,0.5726310294399154
13463,1.0
13464,0.017384908901399175
13465,0.30396576494259875
13466,0.17598114180326777
13467,0.028674956187139358
13468,0.16416148271014158
13469,0.9266952469234487
13470,1.0
13471,0.05571170235982246
13472,0.16373216526874856
13473,0.05005198627612959
13474,0.5780026791286464
13475,1.0
13476,0.11200624511247093
13477,1.0
13478,0.06667898004476823
13479,0.1870947571568695
13480,0.11580013655715979
13481,0.4182166440107728
13482,1.0
13483,0.04204913556350159
13484,0.19583406123067207
13485,0.8602985167167957
13486,0.2563634734265671
13487,1.0
13488,0.06956139693117515
13489,1.0
13490,0.2106534639169011
13491,0.9999999999999996
13492,0.028191448393627784
13493,0.02217590086712695
13494,0.1010888999337886
13495,0.5308451308131044
13496,0.1872919507052478
13497,0.7625262573985166
13498,0.1955299817202112
13499,1.0
13500,0.058506941738443057
13501,0.08044728347498852
13502,0.022412782597610485
13503,0.07903685281048918
13504,0.11013935638421951
13505,0.08548509471980575
13506,0.03837931947875877
13507,1.0
13508,0.36276094382567164
13509,0.0428364805047776
13510,0.13306914450902674
13511,0.048316479332186316
13512,0.10951924555201577
13513,0.09863003074093386
13514,1.0
13515,0.2971123940989817
13516,0.08085016833366909
13517,1.0
13518,0.3423195856593567
13519,0.15551790844238708
13520,0.030651938764892757
13521,0.03228458447164363
13522,0.30999142797329854
13523,0.09508580590929316
13524,0.1319594879361141
13525,0.8112846357481494
13526,0.2647144100925157
13527,1.0
13528,0.06605181253562013
13529,1.0
13530,0.017452466453467225
13531,1.0
13532,0.038169331323053855
13533,1.0
13534,1.0
13535,1.0
13536,0.11182621695273375
13537,0.12094947775467647
13538,0.19464665394910455
13539,0.18613833788585768
13540,1.0
13541,1.0
13542,0.09950256972602024
13543,1.0
13544,0.13231178729469822
13545,0.057305311827664386
13546,0.3842100524808123
13547,0.2675799508429781
13548,0.11061574307989361
13549,0.054011165406061025
13550,0.10492550551941422
13551,0.2180828251452138
13552,0.07313321137460782
13553,0.8633523426048356
13554,0.07448621681082375
13555,0.6935624218444021
13556,0.13436327686525826
13557,0.7338355984588767
13558,0.027247019035489404
13559,1.0
13560,0.08728162037870403
13561,0.053009640028985054
13562,1.0
13563,0.02988922513358195
13564,0.051440612047367794
13565,0.32458717353744715
13566,0.04614602386508804
13567,0.016999329877069397
13568,0.0287226572417395
13569,0.7358458658573117
13570,0.1986201945856692
13571,0.1429658138806614
13572,0.23284285589391962
13573,0.19745502372743853
13574,0.6347297223277187
13575,0.3435120498024668
13576,0.7572431390814226
13577,1.0
13578,0.10147909307498199
13579,0.1133170324786244
13580,0.31406393398457744
13581,0.020252942304112717
13582,0.8702724067037692
13583,1.0
13584,1.0
13585,0.558484939622749
13586,0.23588331569257837
13587,0.49272134771679255
13588,1.0
13589,0.20858812844938054
13590,0.1620823168238905
13591,0.10387536454423436
13592,0.49684352170948126
13593,0.10654207315246776
13594,1.0
13595,0.2175732885511622
13596,0.21520659086197344
13597,1.0
13598,0.025613795144233464
13599,0.6494380671728518
13600,0.07833884206214178
13601,0.31261990440445064
13602,1.0
13603,1.0
13604,0.07215706161270502
13605,0.049831330293384546
13606,0.427840960301662
13607,0.07424591352196772
13608,0.10520670391803326
13609,0.039397277515841274
13610,0.07628105264073663
13611,1.0
13612,0.14638204001286156
13613,0.09758352228877391
13614,1.0
13615,0.010859895526819676
13616,1.0
13617,0.10775502240751571
13618,0.43048647213726493
13619,0.0740527166454656
13620,0.016218452800456976
13621,0.45991443541823596
13622,0.04161355069102744
13623,0.22909652107295433
13624,0.33881921433580925
13625,0.01670203426614819
13626,0.11647566767031704
13627,1.0
13628,0.986267765973934
13629,0.053766597315195806
13630,0.042201593753768564
13631,0.12457106632677951
13632,0.9141155650121009
13633,0.011917884159581033
13634,0.10525226573355424
13635,1.0
13636,0.11271570949466407
13637,0.04861725327277267
13638,1.0
13639,0.022196177551677708
13640,0.9999998901421209
13641,0.8269282411770046
13642,1.0
13643,0.0667156961509433
13644,0.9015556785139677
13645,0.17411161292891247
13646,0.06969716524299331
13647,0.3405133087170232
13648,0.026973150347398264
13649,0.337518996171286
13650,1.0
13651,1.0
13652,0.9999998491890351
13653,0.13182501570413707
13654,0.4001743220863905
13655,0.08433400284263608
13656,1.0
13657,0.1827933423787601
13658,1.0
13659,1.0
13660,0.1692801415034729
13661,0.048900426817429746
13662,0.26551437179217713
13663,0.30871183003706787
13664,0.6312856764470308
13665,0.08003035969669088
13666,0.44453291698228786
13667,0.016249755111342447
13668,1.0
13669,1.0
13670,0.11985943671179118
13671,0.07731950614221234
13672,1.0
13673,0.023036881117195585
13674,0.12846030030474265
13675,0.3006317091801045
13676,0.10295383507496625
13677,0.029832942816214427
13678,1.0
13679,0.259732620999948
13680,0.14842703665674833
13681,1.0
13682,0.17291709473788694
13683,0.15827390766782082
13684,0.7646147358566776
13685,0.016816278001117298
13686,1.0
13687,0.1509520563082081
13688,0.06300939615657102
13689,0.02680650873181387
13690,1.0
13691,0.0334790086967875
13692,0.15013531643818104
13693,0.07603732414843536
13694,0.09924069003622543
13695,0.12938043341690939
13696,1.0
13697,0.028573609446585525
13698,0.49286809137602516
13699,0.08906583224229814
13700,0.18755742757797117
13701,0.01827547318996438
13702,0.15318159417440783
13703,0.08048280193513802
13704,0.5284236384030564
13705,0.1447628217953566
13706,0.323816453726638
13707,0.12210969424008902
13708,0.2103784220078098
13709,1.0
13710,0.22779197713042673
13711,0.1581492126391027
13712,0.03927498026762961
13713,0.7267367862673723
13714,0.07275204748924402
13715,0.10263872173038237
13716,0.05223821596580725
13717,1.0
13718,0.08903436931463199
13719,0.026818271149292607
13720,0.35038578521593816
13721,0.159531735332961
13722,0.07474370471067499
13723,0.02765423798490621
13724,1.0
13725,0.0791550806022849
13726,1.0
13727,0.07925481348687671
13728,0.37185670681671734
13729,1.0
13730,0.8414963900033461
13731,0.5546997306094068
13732,0.16511365596354288
13733,0.08944834077008582
13734,1.0
13735,0.04376084171715843
13736,0.03858289272991658
13737,0.16010230230998604
13738,0.10815735379446795
13739,0.052226951324623835
13740,1.0
13741,0.06215467227216454
13742,0.028571717669741554
13743,0.18273231097748688
13744,0.11219960230332363
13745,0.024925952955888536
13746,0.02805539989823659
13747,0.06439438114455799
13748,0.12105668071701083
13749,1.0
13750,0.16882516796377822
13751,0.47161284001338305
13752,1.0
13753,0.11046835826106338
13754,0.22109846378933015
13755,0.49222956399705564
13756,0.1566083862598638
13757,0.12920083196469043
13758,1.0
13759,1.0
13760,0.14892170874255917
13761,0.4722048731144578
13762,1.0
13763,0.2833359014010479
13764,0.6147076683156011
13765,1.0
13766,0.2607533972271476
13767,0.11200375941662105
13768,0.054153774387022714
13769,0.2856707252379037
13770,0.08347410900830385
13771,0.06001780706349124
13772,1.0
13773,1.0
13774,0.0557349051386559
13775,0.05868337923463765
13776,0.015132709127200765
13777,0.057109934080382695
13778,0.33139611262494734
13779,0.1323684663562622
13780,0.9203373116947418
13781,0.10080846034242186
13782,0.8336300081464859
13783,0.16272126112381158
13784,0.12483978800217789
13785,1.0
13786,0.9252924100732144
13787,0.1747604511586348
13788,1.0
13789,0.036898369992437854
13790,0.16418933378981057
13791,0.042000241350025294
13792,1.0
13793,0.03589305013624415
13794,0.1831915545633531
13795,0.028353265011427074
13796,0.053233479160704
13797,0.21087308153157125
13798,0.07796911121908806
13799,0.19043299836822175
13800,0.08386968616740138
13801,1.0
13802,1.0
13803,0.10503962172521857
13804,0.11181315618734868
13805,0.9217496279473872
13806,0.05092983293461908
13807,0.21989443477967333
13808,0.14323455139627977
13809,0.09221421594738319
13810,0.0544220739715575
13811,0.14400158149303016
13812,0.18593727014936762
13813,0.18353498553522568
13814,1.0
13815,0.016746931629498616
13816,1.0
13817,0.16586538577246931
13818,1.0
13819,0.22723418121872768
13820,0.9999980131500302
13821,0.10684244349944948
13822,0.1901458266074886
13823,0.14443551956660106
13824,0.20646796655906532
13825,0.03114001494477902
13826,1.0
13827,0.13416891706660455
13828,0.05973229871032607
13829,0.05655822062006143
13830,1.0
13831,0.36030984862018267
13832,0.27404869159246403
13833,1.0
13834,0.04735265587197684
13835,0.2320931402080644
13836,0.20562606266476008
13837,0.14825953290647034
13838,0.030818625836060026
13839,0.11362849457646289
13840,0.13460335576475332
13841,1.0
13842,1.0
13843,1.0
13844,0.171099755212987
13845,0.029442525114043303
13846,0.30546192963414603
13847,0.01366530688914377
13848,0.11441128888045787
13849,0.03865502483272354
13850,0.13111681708631637
13851,0.3508331995281935
13852,0.025191453784183575
13853,1.0
13854,1.0
13855,0.2829788091533134
13856,0.02868441161746717
13857,1.0
13858,0.47001828796855954
13859,0.3024779507596006
13860,0.12044743262392871
13861,0.1894535003712332
13862,1.0
13863,0.08030367944647594
13864,0.04453532376149965
13865,1.0
13866,0.267937824973533
13867,0.10706042716402234
13868,0.12916957007721225
13869,0.037282370520632394
13870,0.03149177527631019
13871,0.3457366563609517
13872,0.09805144375527108
13873,0.10530822427012625
13874,0.06652247862537003
13875,0.05690811584692797
13876,0.2573489283021889
13877,0.29115546984077284
13878,0.19570378430880178
13879,0.0677150448955251
13880,0.015406317518268159
13881,1.0
13882,0.10186243490364723
13883,0.04498841758858288
13884,1.0
13885,0.8472257925302127
13886,0.9326001966306446
13887,0.01652424116045222
13888,0.17053888699813036
13889,1.0
13890,0.042106260451869236
13891,0.746048830349997
13892,0.03174973637539666
13893,0.988265193412109
13894,1.0
13895,0.030431325911336637
13896,0.2051509992765314
13897,0.19430280737030436
13898,0.02255907903939002
13899,0.2896354046317414
13900,0.06622797468103543
13901,0.0559034406799253
13902,0.3172744726546512
13903,0.31453985346192775
13904,0.055446052615147574
13905,0.01250987163273466
13906,0.18947253128839778
13907,1.0
13908,0.015269472267326948
13909,0.02476448021723667
13910,0.20066710314387814
13911,0.14261291494542483
13912,0.08085016833366909
13913,0.3003677007574071
13914,0.11238953096454728
13915,0.09428487723251049
13916,0.26496482301626384
13917,0.09635399340346254
13918,0.023736028315476065
13919,0.397199968604878
13920,0.5686984948662495
13921,1.0
13922,0.3332609901019387
13923,0.6120321603765927
13924,1.0
13925,0.28558021258004
13926,1.0
13927,1.0
13928,1.0
13929,1.0
13930,0.3209747209703163
13931,0.3475375554643082
13932,0.18804357251024997
13933,0.038840419833418426
13934,0.2920871161886468
13935,0.08502446921976706
13936,0.07113467164805355
13937,0.4204361415666969
13938,0.11622447762035694
13939,0.28823874593836807
13940,0.02604226851613108
13941,0.15452114823788127
13942,1.0
13943,0.08739590942464336
13944,0.19343304650899693
13945,0.2021024577064457
13946,1.0
13947,0.0158371918395395
13948,0.14179228707986447
13949,0.032031184286308544
13950,0.17677634577807605
13951,0.5779090575875708
13952,0.3240445149375537
13953,0.025507957548819116
13954,0.14784241413238375
13955,0.13498720330848984
13956,0.7010119126913062
13957,0.08390548617483756
13958,0.12033540990147322
13959,1.0
13960,0.09270984566105905
13961,0.457987455259307
13962,0.15518100788165504
13963,1.0
13964,0.19260714638204396
13965,1.0
13966,1.0
13967,0.20643390350698773
13968,0.018733294393065772
13969,0.038409831132848536
13970,0.10302939892182443
13971,0.011199141230024542
13972,0.07482566672845035
13973,0.13415508328450465
13974,1.0
13975,0.05992828794787675
13976,0.26999255275499856
13977,0.07679488809134317
13978,0.08914507680208084
13979,0.3395230178211328
13980,0.03912832232677754
13981,0.13932596251078222
13982,0.9936246342462249
13983,0.04946926038395014
13984,0.07724372545498698
13985,0.15571158674344432
13986,0.06722678382212396
13987,0.11865493982331839
13988,0.3099622278957543
13989,0.1290024449707594
13990,0.013533280465535945
13991,1.0
13992,0.8032561714840462
13993,0.012813737052529021
13994,0.07266297887756722
13995,0.09544882231594111
13996,1.0
13997,1.0
13998,1.0
13999,1.0
14000,1.0
14001,0.038281101447331926
14002,0.15786670156810498
14003,0.43545369682943413
14004,0.027745195252416557
14005,1.0
14006,0.13567447330657526
14007,0.062211202023151245
14008,0.5890002273977647
14009,0.652353375435627
14010,0.10680506394515718
14011,0.14436920473980608
14012,0.09429097947906624
14013,0.5902713017595265
14014,0.062211202023151245
14015,0.44449303666275297
14016,0.030605594341498427
14017,0.023931376678632054
14018,1.0
14019,0.07891588824128927
14020,0.20950300298092597
14021,0.10539804609521489
14022,0.14673009140893103
14023,0.2740565531298053
14024,0.02058847858035593
14025,1.0
14026,1.0
14027,0.05059147448594514
14028,0.021786534763399836
14029,0.04485225422486865
14030,0.4819174974858559
14031,1.0
14032,0.025191453784183575
14033,0.02967607414362937
14034,0.2194319527667179
14035,1.0
14036,0.10619536548487858
14037,1.0
14038,0.09695670779978408
14039,0.9941859239086701
14040,0.149656967263463
14041,0.29956799011687935
14042,0.025526495184354778
14043,1.0
14044,0.04308648768129184
14045,0.03912417952701821
14046,0.05391958124669111
14047,1.0
14048,0.03615029757571332
14049,0.16314720018204312
14050,0.22358110508621534
14051,0.0942983068429807
14052,0.10027357182845374
14053,1.0
14054,0.02059363344789641
14055,0.12485006901487652
14056,0.07726542831313862
14057,0.025124121504663862
14058,0.12852248944813147
14059,0.5479250954030456
14060,0.03531021259506206
14061,1.0
14062,0.025730744919966905
14063,0.13383797584664497
14064,0.023780585346118956
14065,0.09967454263903082
14066,0.1872919507052478
14067,0.027468759970199583
14068,0.10519528871809469
14069,0.04340482045293547
14070,0.2894081990511557
14071,0.07550812806287346
14072,1.0
14073,0.10864727662385096
14074,1.0
14075,0.8141811213766479
14076,0.07849050785047029
14077,0.05365866587813275
14078,0.14257444377393005
14079,1.0
14080,1.0
14081,0.5253359800157775
14082,0.24301097108415792
14083,0.07702990939481501
14084,0.05020630066976644
14085,0.3746853046820472
14086,0.18400602560987817
14087,0.28635496279663786
14088,0.9740563227391454
14089,1.0
14090,0.06725084397957276
14091,0.10619536548487858
14092,0.048623100728073576
14093,0.21786654698604596
14094,0.021754509882048405
14095,1.0
14096,0.015077383175496546
14097,0.02604848691991286
14098,0.058915972605368565
14099,1.0
14100,0.040496178541989024
14101,0.06187062789858536
14102,0.058892472416473676
14103,0.23315598164671864
14104,0.07712702772540801
14105,0.13682336300066958
14106,0.10263872173038237
14107,0.03208552956793509
14108,1.0
14109,0.04846300838801487
14110,0.23164226149393422
14111,0.15856467661343193
14112,0.031214320518596923
14113,0.23560244024459595
14114,0.3083274049448837
14115,0.467298952205454
14116,0.11284851906262527
14117,0.44804738193458143
14118,0.4475155619282978
14119,0.1892736060858146
14120,0.11326029221356917
14121,0.9909375938970683
14122,1.0
14123,0.028942088176720594
14124,0.042822565703784045
14125,1.0
14126,0.3799827935202729
14127,0.2692244189843957
14128,0.7414877787229033
14129,0.6685259572269122
14130,0.5903111539342516
14131,0.09479756567327792
14132,0.37559291576547493
14133,0.10481781832210663
14134,0.06463260108865851
14135,0.053233479160704
14136,0.19409690846383132
14137,0.23693798946980482
14138,0.4650514776979516
14139,1.0
14140,0.3078447208480861
14141,0.1662706240229147
14142,0.06542410125141247
14143,0.8926482424156301
14144,0.1521065841779586
14145,0.08840445014518375
14146,0.07291412542956469
14147,0.04837349506284007
14148,0.0575168908688321
14149,0.7762173818736136
14150,1.0
14151,0.7484771500322283
14152,0.5082596060195345
14153,0.07702990939481501
14154,0.0927859354234347
14155,0.032161491923619306
14156,0.3945948730212315
14157,0.024027401989777934
14158,0.07309102364234586
14159,0.1935189234457747
14160,0.07824941164646157
14161,0.10933234979566092
14162,0.1512808363567745
14163,0.10016323014710271
14164,0.08740845249170863
14165,0.2011774672520994
14166,0.04917494839286452
14167,0.02316228775359142
14168,0.02902185063713245
14169,1.0
14170,0.18958669281958337
14171,0.07910794918903605
14172,0.16977162377298094
14173,1.0
14174,0.07806823200327404
14175,0.02121497458970109
14176,0.23684127012217515
14177,0.05063744185076128
14178,0.09417426061825757
14179,1.0
14180,0.22016410789290727
14181,0.45924731870276925
14182,0.9466589792237305
14183,0.9726619817309862
14184,1.0
14185,0.18978589962496348
14186,0.036885537494033394
14187,0.18265013667578098
14188,0.25118951206648316
14189,0.042457441506615845
14190,0.08895494611375929
14191,0.8538848384521174
14192,0.3778118170690022
14193,0.024830197025916538
14194,0.17548130163076825
14195,0.041950739745991804
14196,1.0
14197,0.21248975923076396
14198,1.0
14199,0.2232177438718875
14200,0.029805268319572243
14201,0.07990328106570614
14202,0.7015034591647233
14203,1.0
14204,0.022931402098757856
14205,0.0360463144985368
14206,0.07009181558025289
14207,0.09150912289478456
14208,1.0
14209,0.17189710666655092
14210,0.13465234287698377
14211,0.43065544562726993
14212,0.29384387251529714
14213,1.0
14214,1.0
14215,1.0
14216,0.028499302848758387
14217,0.10535121854382852
14218,0.49229528144019374
14219,0.9999992258657375
14220,0.3164672491982044
14221,0.02850334667549577
14222,0.03447217098001165
14223,0.2073005589606138
14224,0.0907223898470195
14225,1.0
14226,1.0
14227,1.0
14228,0.5347942356655352
14229,1.0
14230,0.8944177772818759
14231,0.4164229205167961
14232,0.8430133830919744
14233,0.1817752198998442
14234,0.059309950835520306
14235,0.943673105188663
14236,1.0
14237,0.8618229235775269
14238,1.0
14239,0.31878351837526364
14240,0.0542916382947916
14241,1.0
14242,0.21830390843998076
14243,0.053663179613793625
14244,0.4312982391001746
14245,0.16229079525607742
14246,0.9158083397287018
14247,0.28223935602692374
14248,0.08439257547100189
14249,0.20329460229760873
14250,0.3146332887251167
14251,0.028690499230787266
14252,0.16125744594370373
14253,0.2645129295291048
14254,1.0
14255,0.15293943367808083
14256,0.035690031535560926
14257,0.0979412638676193
14258,0.04989543101156229
14259,0.1805625061969268
14260,0.1506349457796821
14261,0.1437565526245291
14262,0.043504409080172037
14263,0.09174423743557707
14264,0.007840882443166329
14265,0.1995285000169664
14266,1.0
14267,0.6939014709529017
14268,0.30008785639331476
14269,0.8391220965221294
14270,0.13529434090003814
14271,0.0632670562234126
14272,1.0
14273,0.19672146133101978
14274,0.9067405122655311
14275,0.02895229686656263
14276,1.0
14277,1.0
14278,0.03178335173516073
14279,1.0
14280,0.10710185984315801
14281,0.5528879703384042
14282,0.13209807268614257
14283,0.06423661924283167
14284,0.035369638549678874
14285,0.025706774990017264
14286,0.07836656176899387
14287,0.9271947740391534
14288,0.03680920857439667
14289,0.048204260875365834
14290,1.0
14291,0.09059056597834933
14292,0.46099844509872184
14293,0.052219191083742955
14294,1.0
14295,1.0
14296,1.0
14297,0.6066934531084224
14298,1.0
14299,0.23159546694255037
14300,0.1365631336975143
14301,0.29631825248230087
14302,1.0
14303,0.18592443552535579
14304,0.08085016833366909
14305,0.05908487806447036
14306,0.013232765386858306
14307,0.07439692032414447
14308,0.2535062310685793
14309,0.039478753181745
14310,1.0
14311,0.03830792393151419
14312,0.07994481698296588
14313,0.11062740506637148
14314,0.4151932193450089
14315,0.8469741553877668
14316,0.05663956262503915
14317,1.0
14318,0.13939556866025704
14319,0.10915609110025741
14320,0.379129724919858
14321,0.06281584528880822
14322,0.22717624904793848
14323,0.1229261517857318
14324,0.6375369601023139
14325,1.0
14326,0.02500253657132798
14327,1.0
14328,0.045878354611120366
14329,1.0
14330,0.2964665009332396
14331,1.0
14332,0.11818416169191563
14333,0.027343792982121952
14334,1.0
14335,0.03498817792287551
14336,0.02450336628563428
14337,0.1496371283531969
14338,0.8973858702153141
14339,1.0
14340,0.41172862617121875
14341,1.0
14342,0.19146261300785694
14343,0.04577152652197892
14344,0.9324988945960497
14345,0.1799616386837129
14346,1.0
14347,1.0
14348,0.6214007569578311
14349,0.02568549698358627
14350,0.02799766970572494
14351,0.019137045330341395
14352,0.03319915776170295
14353,0.11421288118867587
14354,0.6856186251793954
14355,0.2288851699610111
14356,0.04003922335678446
14357,0.5923024258831742
14358,0.05241785370679161
14359,0.3337289587067017
14360,0.271783011889705
14361,0.014945786528896454
14362,0.09473864196035459
14363,0.14992493183114933
14364,0.21056863603526796
14365,0.21370309566170972
14366,1.0
14367,0.09561883524506583
14368,0.12496653155780298
14369,0.09697252701613211
14370,0.09443966845396785
14371,0.13432785424030919
14372,0.5939768823263387
14373,0.11344233419951699
14374,0.25617550523246996
14375,0.04711222400288433
14376,0.026843248924232916
14377,1.0
14378,1.0
14379,0.018046743952534344
14380,0.449762476475565
14381,0.13886727791314243
14382,0.18895176910872538
14383,0.019902431393803342
14384,0.10713770187332716
14385,0.1610949958487824
14386,0.7899267489091116
14387,1.0
14388,0.47451936398272804
14389,1.0
14390,0.22057410955074794
14391,0.24942213494557292
14392,0.18970849706887813
14393,0.06752328289058888
14394,1.0
14395,1.0
14396,0.02626333684655938
14397,1.0
14398,0.10792468833388404
14399,0.9999999999999305
14400,1.0
14401,1.0
14402,1.0
14403,0.02761178852132236
14404,0.0839165171487803
14405,0.283238362860534
14406,0.15687620270581154
14407,0.09037636709776649
14408,0.018688435729621908
14409,0.8658241161416659
14410,0.9999999978620158
14411,0.023289276274872855
14412,0.19156659372788395
14413,0.7423457472006569
14414,0.47894989317162184
14415,1.0
14416,0.3941622515975118
14417,0.06924978640089666
14418,1.0
14419,1.0
14420,0.11879778359159077
14421,0.07955205388518015
14422,1.0
14423,0.05556237482387126
14424,0.1140625729854077
14425,0.033872712818581056
14426,0.2952571109981274
14427,0.11591764567611126
14428,0.11971414499000493
14429,0.1550534309957184
14430,0.03805890410201321
14431,0.44036842563058315
14432,0.08860013618743585
14433,1.0
14434,0.030352106422485498
14435,0.06677388474938464
14436,1.0
14437,0.9971536170909922
14438,0.03805130506708746
14439,0.27570808108788697
14440,0.12293518885723415
14441,1.0
14442,0.05273877599693146
14443,0.22271607941616167
14444,0.07703344668334562
14445,1.0
14446,0.303123938585653
14447,0.011038292045869823
14448,0.43618834244883914
14449,1.0
14450,0.04951119940586189
14451,0.09995096292606012
14452,0.06801243978995497
14453,0.12681484807412924
14454,0.01837290915153782
14455,0.04746477002931924
14456,0.09023632840349803
14457,0.13039694163161286
14458,0.9703418771176413
14459,0.7949164707004374
14460,0.1398228796295619
14461,0.026861120699075678
14462,0.6366633861187997
14463,0.10316136560106984
14464,1.0
14465,0.4888633421254492
14466,1.0
14467,0.10914500401833527
14468,0.3185021378592344
14469,1.0
14470,0.23542978129000489
14471,1.0
14472,0.049856284388088756
14473,0.054900784405433854
14474,0.18140692573661368
14475,0.11465757773096194
14476,0.01600747227777577
14477,0.1886246621022645
14478,0.1510789638160303
14479,1.0
14480,0.06182446125574943
14481,0.044365566096304765
14482,0.1520143770691942
14483,0.30880122013611694
14484,0.16695290191271953
14485,0.2877756633360845
14486,0.371114862417818
14487,1.0
14488,0.9774540180217879
14489,0.1486579468690669
14490,0.03799513777381055
14491,0.01831116084499221
14492,0.022357382585164714
14493,0.15428821491868022
14494,0.05241369064021941
14495,0.5981824526854238
14496,0.04572082233742675
14497,0.20343822006048992
14498,0.39717113326018966
14499,0.9770794736838472
14500,0.08889711355685438
14501,0.04151946540747551
14502,0.042531262265457885
14503,0.34607581137675536
14504,1.0
14505,0.10415223019013958
14506,1.0
14507,0.4276016336418869
14508,0.1549985666616372
14509,0.0190075757557244
14510,0.14682088768130722
14511,0.01304680209784228
14512,0.1179455326359364
14513,1.0
14514,0.04987557954734881
14515,0.19865810723472876
14516,0.06657233834620897
14517,0.13575465899860847
14518,0.0818625815854495
14519,0.10925610102672827
14520,0.04373656314416712
14521,0.4094296276519628
14522,0.20119860194416342
14523,0.31564514541335265
14524,0.0849710499802032
14525,0.12916565144330855
14526,0.8762846208241218
14527,1.0
14528,1.0
14529,0.24747114378989965
14530,0.11739554870070673
14531,0.021031356562236155
14532,1.0
14533,0.1237185076989146
14534,1.0
14535,0.17269933319655364
14536,0.03167829534658718
14537,1.0
14538,0.030038935449174593
14539,0.2853917536357039
14540,0.038010449761156695
14541,1.0
14542,0.027292507727709015
14543,1.0
14544,0.017760124628331157
14545,0.3079783478931397
14546,0.13054538392416265
14547,1.0
14548,0.03320659166424191
14549,0.1348276074974166
14550,0.029520005225231453
14551,0.09613733474794019
14552,0.19834147024769605
14553,0.09746945212509356
14554,0.033774862076984574
14555,0.025706774990017264
14556,0.026689632127824277
14557,0.015767524144117626
14558,0.05473807264354077
14559,0.08375437115545188
14560,0.04218998033082443
14561,0.3316946476824427
14562,0.39577412396473693
14563,0.2471006956703214
14564,0.9631696821594317
14565,0.13209807268614257
14566,1.0
14567,1.0
14568,0.040612542137058665
14569,0.31592513087914303
14570,0.2189002187196469
14571,0.9989374220153784
14572,0.06956139693117515
14573,0.09353592451098261
14574,0.18738741602420103
14575,0.052056611170838714
14576,1.0
14577,0.4711225579315586
14578,0.036585604280078794
14579,0.1586846952128882
14580,0.1874666254420823
14581,0.10098470607431832
14582,0.24953438395235417
14583,0.19260714638204396
14584,1.0
14585,1.0
14586,0.03794779427746496
14587,0.21990256349498377
14588,0.135511264449011
14589,0.45295827104975545
14590,0.0949734671618634
14591,1.0
14592,0.12754101591914718
14593,0.047786061013577665
14594,0.16824533961195703
14595,0.018156801708757286
14596,0.6316933930671812
14597,0.03769730064555592
14598,1.0
14599,1.0
14600,0.08591085211546212
14601,1.0
14602,1.0
14603,0.06432847908408007
14604,0.8716247531911326
14605,1.0
14606,0.5674563719932413
14607,0.28230259964522414
14608,0.08754048389444492
14609,0.20656220655151478
14610,0.05020630066976644
14611,1.0
14612,0.17087321569051234
14613,0.5686444500067441
14614,0.21551266624471987
14615,0.03203041659158661
14616,0.158832289544825
14617,0.2707279819747724
14618,0.06081869874395986
14619,0.06570524815537146
14620,0.03529798397845424
14621,1.0
14622,1.0
14623,0.0865061861735271
14624,0.9975691788092608
14625,0.020965199377737793
14626,0.13232795774191367
14627,0.09024586798174786
14628,0.012714459595354007
14629,1.0
14630,0.0772896312904971
14631,0.1855706682239765
14632,0.016424397373947876
14633,0.05916594985633068
14634,0.2277897323763032
14635,0.04185265596965754
14636,0.03279236009378608
14637,0.9580757325280064
14638,1.0
14639,0.04639160878121103
14640,0.13689590492426468
14641,0.7023215121929697
14642,0.09539707167829488
14643,0.053581577010617845
14644,1.0
14645,0.18208436348049778
14646,1.0
14647,0.12405037483355462
14648,1.0
14649,0.1744133186932437
14650,0.03175866720440715
14651,0.41876662951994775
14652,0.6639098389204735
14653,0.17546903317788953
14654,0.17942766978122215
14655,1.0
14656,0.2283164547508535
14657,0.032614825688852656
14658,0.32124487834859367
14659,0.044422388774018016
14660,0.14784199837693487
14661,0.08978126815522255
14662,0.06261064527502065
14663,1.0
14664,1.0
14665,1.0
14666,0.07037626203020284
14667,1.0
14668,1.0
14669,0.2707089072260683
14670,0.059091846329286345
14671,1.0
14672,0.01166259722425185
14673,1.0
14674,0.1524780669356516
14675,0.05845939890215139
14676,0.8383515742149927
14677,0.04506758860653241
14678,0.07795861578631792
14679,0.13260393183417382
14680,1.0
14681,0.011790585685236136
14682,0.23218508922477998
14683,0.10268235772279932
14684,0.012813737052529021
14685,0.09741039234977321
14686,1.0
14687,0.16698831882817666
14688,0.22936567970800706
14689,0.0372851155903416
14690,1.0
14691,0.029827837244231697
14692,0.9705705585130706
14693,0.18212549041549225
14694,0.10452990648272499
14695,0.1262884483740868
14696,0.13317895768328405
14697,0.536624071466689
14698,0.04837176782925149
14699,0.07620602715437044
14700,0.41894070235352904
14701,0.04641014129110049
14702,0.1282100014782716
14703,0.03368790760151751
14704,0.1667300214440668
14705,1.0
14706,0.1893177563017625
14707,0.4274730618174088
14708,0.1527325083422055
14709,0.19260714638204396
14710,0.06030486274189659
14711,0.033695339847864866
14712,0.5668383773142744
14713,0.23190027052960907
14714,0.24537528022001218
14715,0.03454610067302562
14716,1.0
14717,1.0
14718,0.08514379535718247
14719,0.11640073817902402
14720,0.06574435737193364
14721,0.02182797840820869
14722,1.0
14723,1.0
14724,0.08765359016968438
14725,0.43243452462089654
14726,0.08149047398802417
14727,0.1755680582005669
14728,0.11843281800771475
14729,0.08830029153765473
14730,0.03128138678946201
14731,0.1253464079311292
14732,0.6316933930671812
14733,0.06692274834679351
14734,1.0
14735,0.19575152798622245
14736,0.15351800999674856
14737,0.37487560400675296
14738,0.13785261173342356
14739,0.21736364097239233
14740,0.14212972346779681
14741,0.42038971184761853
14742,0.0373092978849871
14743,1.0
14744,1.0
14745,0.11962229095647377
14746,0.05272070071521659
14747,0.027024620651179897
14748,0.5766562728796149
14749,0.1033299825323317
14750,1.0
14751,1.0
14752,0.18400602560987817
14753,0.01666277273599522
14754,0.02240629160947425
14755,1.0
14756,0.04026322765209842
14757,0.039434617935670414
14758,0.05880697496182476
14759,0.05609157937588067
14760,0.13636628212051793
14761,0.14462085483875692
14762,0.040649830859338855
14763,0.165286864360004
14764,0.09388528033183276
14765,0.24537528022001218
14766,0.25001260352638177
14767,0.05318429385146148
14768,0.010753673219350744
14769,0.04922029262663704
14770,0.1946354526747465
14771,1.0
14772,1.0
14773,0.045098375185409975
14774,1.0
14775,0.02030092864932018
14776,0.013447320830138438
14777,0.1605756572189023
14778,0.6637180241499225
14779,0.8405133700296168
14780,0.13320931417726609
14781,0.09248231836797942
14782,0.13149190477665096
14783,0.032866072458897076
14784,1.0
14785,0.36391215145327965
14786,0.04859305666643312
14787,0.796139653997985
14788,0.1799616386837129
14789,0.4620532235141868
14790,0.020950410862747525
14791,0.06740426239049178
14792,0.02319998799173835
14793,0.1261076477729728
14794,1.0
14795,0.5279457120050713
14796,0.42257268697785577
14797,0.04333181741059352
14798,0.012326406662056174
14799,0.3699468622271434
14800,0.07940104534456828
14801,0.9536010336889545
14802,0.04245823957401803
14803,0.0793433180088281
14804,0.22454106520064562
14805,0.4092247585034488
14806,0.19980836644759256
14807,0.2562401879841158
14808,0.17704009411319113
14809,0.03114001494477902
14810,0.27532028234864847
14811,1.0
14812,1.0
14813,0.08817385581427781
14814,0.01769565819365148
14815,0.08693654565573507
14816,1.0
14817,0.10756837444023543
14818,0.28915694119966046
14819,0.03494732986249972
14820,0.05105966058029467
14821,0.016710948075084074
14822,0.11219713591357117
14823,0.1209736916609146
14824,1.0
14825,0.016816278001117298
14826,0.04526246334449327
14827,0.014786269416712721
14828,0.026644874769096643
14829,0.039204932399752764
14830,0.04168444275290677
14831,1.0
14832,1.0
14833,0.04945198964517561
14834,1.0
14835,0.1255768905466812
14836,0.02241664827574358
14837,0.08253660251197024
14838,1.0
14839,0.07935637772202032
14840,0.17756849525721347
14841,0.6300980080377024
14842,0.03164441336829377
14843,0.03036553693641694
14844,0.04162323695400962
14845,0.1348271029569619
14846,0.08539448624542972
14847,0.38411158634198045
14848,0.06175795740313514
14849,1.0
14850,0.019244985481622193
14851,0.15295927940648643
14852,0.06708954501497391
14853,0.187820127013503
14854,0.02602380181215503
14855,0.02783885082590199
14856,0.026795597894613638
14857,0.8511461473399881
14858,1.0
14859,0.12815893177324875
14860,0.18002714584264104
14861,0.25085304311031653
14862,0.4564107059987043
14863,0.13634969573888178
14864,0.18082696054190572
14865,1.0
14866,0.05164245899960033
14867,1.0
14868,0.23102150660296328
14869,0.7896959457523628
14870,0.13440193333767297
14871,0.7312904769502591
14872,0.028499042417357918
14873,0.13236274924920555
14874,0.1369114386653297
14875,0.040881894347794046
14876,0.5850445082696599
14877,0.2251173800419164
14878,0.34324179069558247
14879,0.0740236028998666
14880,0.620164110711603
14881,0.19451075988009472
14882,0.15288232323124018
14883,1.0
14884,0.09678891997826387
14885,0.04104563373869309
14886,0.1685760857909232
14887,0.02241664827574358
14888,0.12426163956478328
14889,0.09875263393219166
14890,0.03444963355539238
14891,0.034369691207985095
14892,0.08586201983473236
14893,1.0
14894,0.3028781509633867
14895,1.0
14896,0.24270212060777593
14897,0.03622020249698427
14898,0.16538603188384587
14899,0.13260393183417382
14900,1.0
14901,0.19785934606229086
14902,0.028805826703422927
14903,0.3439184990144877
14904,1.0
14905,0.03462855633044776
14906,0.06134705923480582
14907,0.01645653091088055
14908,0.03162278082237204
14909,0.2676581051636327
14910,0.7113341693990828
14911,0.17261328866669257
14912,0.5057305241280475
14913,0.06067705122509127
14914,1.0
14915,0.2572771367228647
14916,1.0
14917,0.06138018402579322
14918,0.03914264346697161
14919,0.6159469617148705
14920,1.0
14921,0.8050590731973233
14922,0.09152640970125436
14923,0.18009338942431352
14924,1.0
14925,1.0
14926,0.0461167985486601
14927,0.07349343969639123
14928,1.0
14929,0.20035565636645894
14930,0.04980341041664905
14931,0.024145708984554766
14932,0.11392942448662037
14933,0.11539303597282026
14934,1.0
14935,0.06186299531709837
14936,0.08166146281013342
14937,0.007263277886893352
14938,0.12323151791957078
14939,0.04064431002293543
14940,0.16618909484017005
14941,0.8016646407604037
14942,0.12115616727688143
14943,1.0
14944,0.032821840056156404
14945,1.0
14946,0.10924232348448648
14947,0.04240225221087098
14948,0.9793830267560917
14949,0.012692042631820374
14950,0.0830384370422004
14951,0.1030701575234225
14952,1.0
14953,0.023334406237576245
14954,1.0
14955,0.12041356787007802
14956,0.058185109229804785
14957,0.029732069584908174
14958,0.46065245526366244
14959,1.0
14960,0.1309134441670175
14961,0.02913249861353525
14962,0.6703053632778183
14963,0.04046788835701573
14964,0.014053026700587569
14965,1.0
14966,1.0
14967,0.051880676861735885
14968,0.1260911973897147
14969,0.4055434882974412
14970,0.4704563835870868
14971,1.0
14972,0.028171501776540882
14973,0.054203696313270044
14974,0.40229155188110377
14975,0.2150200984100594
14976,0.959164232921162
14977,0.05054412558868944
14978,0.11342142486749957
14979,1.0
14980,1.0
14981,0.3309937528201452
14982,0.7037409962939988
14983,0.12019572231002709
14984,0.07816702340200342
14985,0.08088237636266583
14986,1.0
14987,0.28933732474651486
14988,0.16373216526874856
14989,0.10121323117486176
14990,1.0
14991,0.9915674846204594
14992,0.023210890883163405
14993,1.0
14994,0.16405578916346833
14995,0.04952717515854876
14996,0.38186372165711446
14997,0.014319388235557845
14998,0.04020988536330562
14999,0.27321751682671586
15000,0.03201627402437105
15001,0.04459425230693645
15002,0.01771277993676262
15003,0.05004126980075473
15004,0.5302347199614421
15005,0.20099992642063025
15006,0.09397598932641865
15007,1.0
15008,0.017506500451894787
15009,0.03146956915819944
15010,0.013162000166597888
15011,0.026319338920191906
15012,0.023388854333384994
15013,0.08593785076905183
15014,0.03490466209638271
15015,0.15428821491868022
15016,0.18410315957924828
15017,0.2583879962576232
15018,0.020008701620107577
15019,0.04006971906173551
15020,1.0
15021,0.12269338765922282
15022,0.08673068458521999
15023,1.0
15024,0.02971891066280343
15025,0.1666185381460351
15026,0.21612573838862184
15027,0.3468281945207981
15028,0.11039266866910764
15029,0.2770858947290105
15030,0.11675839989718617
15031,0.1325816858286075
15032,0.1088740358460719
15033,0.12875520088717274
15034,0.14200989097271033
15035,0.030710454322060383
15036,1.0
15037,0.01537387888799571
15038,1.0
15039,0.10566162751179667
15040,0.1819222208698825
15041,0.020184113354983314
15042,0.16883429781188286
15043,0.9975102354461614
15044,0.10855347210703582
15045,0.02903978488698517
15046,0.1865459372410914
15047,1.0
15048,0.41958332840761564
15049,0.022297879953835593
15050,0.23593602622520712
15051,0.1422905665871851
15052,0.5731469682590914
15053,0.2747728467639088
15054,0.03900076465234866
15055,0.40896599013230395
15056,0.16077781109863568
15057,0.0792819739464491
15058,1.0
15059,0.08755669742861527
15060,0.33188295558892816
15061,0.03163352130784907
15062,0.5354450853416756
15063,0.07072252779322681
15064,0.7168661042281388
15065,0.05087726477673898
15066,1.0
15067,0.07149578439373777
15068,0.048316479332186316
15069,0.010620641482135576
15070,0.050153655475567153
15071,0.1261971757988243
15072,0.12301741958094176
15073,0.14235710608070323
15074,0.0838561321451053
15075,1.0
15076,0.027937056836737972
15077,0.17887196433306266
15078,0.05553931642938002
15079,0.19718660119490466
15080,0.0764364191033597
15081,1.0
15082,0.020771987315423054
15083,0.06819236795696357
15084,0.09661921003596469
15085,0.2535133104805673
15086,0.06270929766429387
15087,0.02371155778006647
15088,0.014053026700587569
15089,0.7593353887719168
15090,0.1521731242759367
15091,1.0
15092,0.05477313228304941
15093,0.47195362293009135
15094,0.030308385730899456
15095,0.06137290136196242
15096,0.11548847962207977
15097,0.04734738327893209
15098,1.0
15099,0.18841736243867133
15100,0.0406883081544556
15101,0.47048914570769396
15102,0.05788805362529499
15103,0.04746477002931924
15104,0.983962114652125
15105,0.19015312367785084
15106,0.020091278476667966
15107,0.015641092411831415
15108,0.09569235650328409
15109,0.2394648529751152
15110,0.48803205107147934
15111,0.09891820347675084
15112,1.0
15113,0.03758761916174551
15114,0.048533306787357886
15115,1.0
15116,0.04512059485849332
15117,0.06744602421994082
15118,0.8254284166293617
15119,1.0
15120,0.06657233834620897
15121,0.042526775117808585
15122,0.13504610751690957
15123,0.5615342406935069
15124,0.18767200959018732
15125,0.03211525122570131
15126,1.0
15127,0.36912252225001335
15128,0.028600174047544922
15129,0.1494433109898891
15130,0.07049648278459941
15131,1.0
15132,0.994005548292378
15133,0.009806755343262157
15134,0.2546181890619391
15135,0.9704978544992735
15136,0.36446685946445373
15137,0.10725882879013247
15138,0.03729419980055733
15139,0.06559672750215556
15140,0.09273840029288144
15141,0.022897932540456932
15142,0.6233893783257498
15143,0.13258315344216082
15144,0.5811241731072005
15145,1.0
15146,0.041904658954877994
15147,0.05706777186367656
15148,0.04686888616843022
15149,0.3582195435442503
15150,1.0
15151,0.24458319067028592
15152,1.0
15153,0.19722507268041403
15154,0.014786916097400066
15155,0.06663527194929017
15156,0.2582517994005398
15157,0.632884167289514
15158,0.23441686295780736
15159,0.1348788831262619
15160,0.03970581230833586
15161,0.04748737089121812
15162,0.07687891249318063
15163,0.15786670156810498
15164,1.0
15165,0.19145616643678529
15166,0.4182166440107728
15167,0.04115235357877716
15168,1.0
15169,0.07669871388277161
15170,1.0
15171,1.0
15172,0.9813169559989917
15173,0.09926854932007866
15174,0.1156473194038257
15175,0.40418466332283515
15176,0.11063247567761321
15177,0.13639902453094155
15178,0.044927441205422934
15179,0.028751523995800405
15180,0.04686888616843022
15181,0.10743022923759803
15182,0.2915569831703944
15183,1.0
15184,0.2750999574975703
15185,0.022931216238152054
15186,0.2401757727231818
15187,0.1217682169136997
15188,1.0
15189,0.09080988263176351
15190,0.04932577417437125
15191,0.08105017172215577
15192,0.18566694570563483
15193,0.07358055378873331
15194,0.924205281844665
15195,0.1422437255430753
15196,0.15248126672424064
15197,1.0
15198,1.0
15199,1.0
15200,0.02775663314300385
15201,0.05571429054692215
15202,0.01791039212284851
15203,0.10201531555121907
15204,1.0
15205,0.6374224903551754
15206,0.021230103291223233
15207,0.013457417409721603
15208,1.0
15209,0.054555996287473256
15210,0.09806307451093116
15211,0.11164225650176793
15212,0.18531657201680027
15213,0.6905603466878129
15214,0.12500365242672182
15215,0.029518052694182957
15216,0.03967834021905633
15217,1.0
15218,1.0
15219,1.0
15220,0.08365541518182804
15221,0.12952055387627723
15222,0.189765741590889
15223,0.9951551240079451
15224,1.0
15225,0.04228178550411308
15226,0.4718219430631418
15227,0.022698665895652854
15228,1.0
15229,1.0
15230,1.0
15231,0.1210968063067134
15232,0.08885137558585852
15233,0.03444261225336954
15234,0.7737133572260134
15235,0.2579600899510673
15236,0.10340437410241547
15237,0.10065404574651068
15238,0.050253590110781246
15239,0.21560572535722408
15240,0.5193492411429553
15241,0.057447632133267174
15242,0.25462248309953356
15243,1.0
15244,1.0
15245,0.06781539217589361
15246,1.0
15247,0.4736606121908643
15248,0.10086710449417854
15249,1.0
15250,0.13036299690604233
15251,0.3101651676237673
15252,0.014812165372873297
15253,0.015456349967890791
15254,0.012400402298933915
15255,0.22961190291641317
15256,0.16729572323618844
15257,0.0865061861735271
15258,0.038146752907762115
15259,0.099016750833783
15260,0.7234508957272613
15261,1.0
15262,0.05681803647529227
15263,0.8986050176663939
15264,0.07370496773893019
15265,0.18895176910872538
15266,0.1515272405198583
15267,0.5677018943001169
15268,0.3903759727569764
15269,0.3453808938832902
15270,0.191535162913988
15271,0.32700491735683246
15272,0.3295362813238567
15273,0.5098936517113378
15274,0.3892662505654542
15275,0.020900186431490275
15276,1.0
15277,0.24757267804011313
15278,0.016202730956534208
15279,0.11384941699283266
15280,0.04689347725767275
15281,0.07817794622194014
15282,0.13582448747520542
15283,0.008434331240722114
15284,0.15694720872547743
15285,0.47181653742106633
15286,0.8422899190126079
15287,0.053017847287398064
15288,0.06969716524299331
15289,0.8333656845263143
15290,0.03213281316236084
15291,0.32471236836306655
15292,0.12168611585688009
15293,0.09213331233313199
15294,0.0562588075829065
15295,0.028225419978397323
15296,0.016107324194238028
15297,0.06088567254794824
15298,0.09298866690648601
15299,0.5428778089080665
15300,0.043364813196406726
15301,0.2908410437347684
15302,0.45039171930471145
15303,0.011782102668479129
15304,0.03183899070605192
15305,0.03146956915819944
15306,0.31640513772532847
15307,0.013303905945636517
15308,1.0
15309,0.11260047371719825
15310,0.10098470607431832
15311,0.8498500637221593
15312,0.021575146866997737
15313,0.057417437477443385
15314,0.9483391888342125
15315,0.06736864113945315
15316,0.9960040497245659
15317,0.1799616386837129
15318,1.0
15319,0.8084433443469913
15320,0.019572372050829415
15321,1.0
15322,1.0
15323,0.997766471102159
15324,1.0
15325,0.02650903854787358
15326,0.05931896250580075
15327,0.04463729154986414
15328,0.08087447698535345
15329,0.014754674805064727
15330,0.36708056299106595
15331,0.10069104102103876
15332,0.22076406439026572
15333,0.11796072272016264
15334,0.12845080710062318
15335,1.0
15336,0.0755708838117068
15337,0.15643839772271767
15338,0.022897932540456932
15339,0.06874617900285024
15340,0.09299871164302843
15341,0.9988472912318417
15342,1.0
15343,0.13854376942097132
15344,0.17079525988743882
15345,0.1977280531116193
15346,0.017175120391393007
15347,1.0
15348,1.0
15349,0.0184577353767686
15350,0.5780026791286464
15351,0.08046395993817099
15352,1.0
15353,0.09830105530167325
15354,0.03692205043189184
15355,0.4209072114850248
15356,0.016902105958935876
15357,1.0
15358,1.0
15359,0.020409282366902363
15360,1.0
15361,1.0
15362,0.4302326452630129
15363,1.0
15364,0.2169900501279268
15365,0.3736030970477095
15366,1.0
15367,0.17728133613220412
15368,0.054900784405433854
15369,1.0
15370,0.11666402995028395
15371,0.4835595029385972
15372,0.019468373220533432
15373,0.03274616874801858
15374,0.06759249816738484
15375,0.1486691964667521
15376,0.40145410234141077
15377,1.0
15378,0.5345784975016289
15379,0.02432736046632439
15380,0.09063761885579862
15381,0.026599276641120294
15382,0.07638097848788712
15383,0.05624424234571943
15384,0.1935227878285812
15385,0.015293421719155327
15386,0.07571936388391218
15387,1.0
15388,1.0
15389,0.7982866584274683
15390,0.021998390729020323
15391,1.0
15392,0.8220620266980769
15393,0.6094475173160743
15394,0.044905019120893855
15395,0.4331970662929263
15396,0.27539439956709694
15397,0.03881920158101397
15398,1.0
15399,0.04680672032271297
15400,0.41420640841387896
15401,0.21075774893070615
15402,0.1322626233495674
15403,0.24905859525452892
15404,0.05010652209373152
15405,0.1611638627196445
15406,1.0
15407,0.12549664297509927
15408,0.08599642964025181
15409,0.8719295010569779
15410,0.013075713506751617
15411,0.09537102164236327
15412,1.0
15413,0.206579992221032
15414,0.1379123675974496
15415,1.0
15416,0.534227017349149
15417,0.08897098449550293
15418,0.0849710499802032
15419,0.574939255133885
15420,1.0
15421,0.06384899812362214
15422,0.12022711321845675
15423,0.07855613664981
15424,0.7276903162844364
15425,0.07062552091403689
15426,0.08169287789890148
15427,0.07777784629400183
15428,0.030030578635916
15429,0.18795181177314843
15430,0.01657291243757126
15431,0.02243327090745378
15432,1.0
15433,1.0
15434,0.41227242412326753
15435,0.02846424968529548
15436,0.026427257742794766
15437,0.45861049767591583
15438,1.0
15439,0.03761505867035791
15440,0.18492723132931732
15441,0.1659708982693811
15442,0.015433744347179491
15443,0.02406358885166722
15444,0.11997600853796854
15445,0.036617041567721685
15446,0.10164436982667951
15447,0.033086755000145476
15448,1.0
15449,0.062053804621746596
15450,0.15047865436750205
15451,0.6438409297590961
15452,0.08406481489156235
15453,0.07884981438435187
15454,0.023389302726003536
15455,0.07469128258120576
15456,0.37870345270042
15457,0.09719623684228068
15458,0.027032630731538516
15459,0.05638866596466517
15460,0.09675122867208387
15461,0.18985031097411173
15462,0.2933761806407922
15463,0.2093435859831437
15464,1.0
15465,0.689681477168643
15466,0.6316513598059339
15467,0.4164229205167961
15468,0.5990538801583418
15469,0.06609754097078872
15470,0.1946036484468118
15471,0.9476553716106307
15472,0.04678803722083849
15473,0.06483301510491506
15474,0.2547950365688134
15475,0.7068357030460461
15476,0.11922436198733702
15477,0.09782682085541965
15478,1.0
15479,0.13071961965080073
15480,0.061937245070630635
15481,0.056970535116857145
15482,0.1275868610091052
15483,0.7685075907768028
15484,0.2489403035594356
15485,0.10648282722590136
15486,0.22170024259608628
15487,0.05714781879463207
15488,1.0
15489,1.0
15490,1.0
15491,0.03833642737478595
15492,0.0486452528008274
15493,0.06834152347865595
15494,0.013232765386858306
15495,0.4583256886121627
15496,0.09455434837481855
15497,0.032940101045191066
15498,0.08529839387258763
15499,0.4596316244930313
15500,0.03423016536697789
15501,1.0
15502,1.0
15503,0.03199278295601963
15504,0.030308385730899456
15505,0.975709992972459
15506,1.0
15507,1.0
15508,0.11979614536204417
15509,0.11752315414328791
15510,0.03033864566597213
15511,0.07651815132722216
15512,0.16522564003002257
15513,0.15794387068961033
15514,0.12327947937129334
15515,1.0
15516,1.0
15517,0.4978306287744548
15518,0.17588607514354693
15519,0.036673226724147634
15520,0.12134276952784175
15521,0.9999999999962803
15522,0.055694651235107126
15523,0.09339637885359871
15524,0.04854383437555962
15525,0.045219512734450046
15526,0.09437279498937029
15527,0.04633430685019205
15528,0.6804907076092334
15529,0.04429266990077348
15530,0.08845682022034124
15531,0.11616416608658037
15532,0.05457760364016014
15533,0.07242907111821299
15534,1.0
15535,0.26085513317625125
15536,0.05951777850205702
15537,0.6322426770617899
15538,0.18818443087201925
15539,0.5763428677768974
15540,0.07129935878289755
15541,0.1115366119726838
15542,0.19857051123110464
15543,0.05913365303987593
15544,0.014971592451789683
15545,1.0
15546,0.12348691121042103
15547,0.027468759970199583
15548,0.22581276727538366
15549,0.09949617233747199
15550,0.14653045395794936
15551,0.10373999872517492
15552,1.0
15553,0.036227917059348934
15554,1.0
15555,0.1815710080325826
15556,0.048147814691584634
15557,0.20073429251010444
15558,0.1840023079057522
15559,0.745198172494988
15560,1.0
15561,0.04473201157102033
15562,0.1892036058547644
15563,0.14317363559278806
15564,0.04183080091367504
15565,1.0
15566,0.05665569595532856
15567,1.0
15568,0.032821840056156404
15569,0.018839174843412722
15570,0.03030780881008578
15571,0.04818210760269522
15572,0.08433400284263608
15573,0.3286296139598651
15574,0.03349430805479502
15575,0.05435871242503775
15576,0.41707636833437406
15577,0.026985559643852727
15578,0.20557912016156646
15579,0.46923996195668305
15580,0.4880902526190955
15581,0.09208751410412737
15582,0.2684626127345335
15583,0.034591254989271666
15584,0.08989189683360561
15585,0.1517433446170601
15586,0.03122669080875147
15587,0.04542476240714426
15588,0.04268152155911238
15589,0.3335283403534096
15590,0.18076492751041984
15591,0.02113121935902359
15592,0.3111548961555218
15593,0.7745671799063084
15594,0.32471236836306655
15595,0.033678977366482836
15596,0.06702793011026152
15597,0.052745694953324936
15598,0.059391810757751615
15599,0.0919961823104812
15600,0.21781088831580114
15601,0.1382053634924079
15602,0.09774094059084722
15603,0.7825345318027432
15604,0.17306486737742127
15605,0.36215252316932905
15606,1.0
15607,0.03029449600828184
15608,0.29368237138789316
15609,0.2971725268290935
15610,1.0
15611,1.0
15612,1.0
15613,0.14240735434688348
15614,0.07813734776192494
15615,0.16748631158591729
15616,0.14248093469994869
15617,0.02362865725821192
15618,0.05260463596554161
15619,0.16499751314368638
15620,1.0
15621,0.10369976371198938
15622,0.043585308036400754
15623,1.0
15624,0.13220145082052392
15625,0.08368001243590485
15626,0.150313075924335
15627,0.053353882012790725
15628,0.14679274787085547
15629,0.04183080091367504
15630,0.07960665901991125
15631,0.12074572414019322
15632,0.06890911701993403
15633,0.1266462548290459
15634,0.23706383664009587
15635,0.2457939968280843
15636,0.11095577342334875
15637,0.03502161435264991
15638,0.19828241576914893
15639,0.30253396116658754
15640,0.04699459030458109
15641,0.01610840436970237
15642,1.0
15643,0.10134021875847199
15644,0.10638226888757372
15645,0.10654887537696298
15646,0.051614043717821266
15647,0.07816849888440817
15648,0.03620220669345663
15649,0.06394056869361037
15650,0.028402652157114475
15651,0.15537966261112104
15652,0.15237130102965085
15653,0.9929384509819908
15654,0.058106255399400085
15655,0.3416104099668396
15656,1.0
15657,0.16399835768760015
15658,0.044179010457281655
15659,0.08645586932648261
15660,0.027167866077504675
15661,0.03272153892631465
15662,0.039204932399752764
15663,1.0
15664,0.21589415499322057
15665,0.11163339936460437
15666,0.018733294393065772
15667,0.030791165223772385
15668,0.1305826168692636
15669,0.9881682510056816
15670,0.14626509207998392
15671,0.42692979040400025
15672,0.023058800032284433
15673,1.0
15674,0.05520524991753145
15675,0.9001242041769982
15676,0.1428727597085187
15677,0.12667533988065613
15678,0.46909215681034105
15679,0.10328018480630181
15680,0.1436304601813568
15681,0.17932990380057268
15682,0.05495314407064231
15683,0.2572085323322687
15684,0.991456338850422
15685,0.04157712546860367
15686,1.0
15687,0.03696827358233107
15688,0.6353221891893251
15689,0.06064486616746001
15690,1.0
15691,1.0
15692,0.5744135642851612
15693,0.08505626316462393
15694,0.07892871254541217
15695,0.15378907374511022
15696,0.9999999999998692
15697,0.7344651330304972
15698,0.11109565909261053
15699,1.0
15700,0.9952116642919242
15701,0.04696749490486982
15702,0.7345681700675819
15703,0.7837485912086634
15704,0.9108560894403165
15705,1.0
15706,0.053291324847797646
15707,0.03414581022253934
15708,0.05602156876337383
15709,1.0
15710,0.3145692881870748
15711,0.28194230367936285
15712,0.11764606230199104
15713,0.14357180131617722
15714,0.5520689826547587
15715,0.06727090088666766
15716,0.027024620651179897
15717,0.18060141291058304
15718,0.22014954962094427
15719,0.06660241416672713
15720,1.0
15721,0.3614248394227268
15722,0.5233959544355661
15723,0.019290100878768802
15724,0.3009417064786825
15725,0.13478751430192656
15726,0.8839272816814638
15727,0.15703183914251434
15728,0.12028282157166141
15729,0.08540475780856152
15730,0.010519662336765536
15731,0.01195025776533687
15732,1.0
15733,0.7323923093867186
15734,0.08344665768682037
15735,0.02727238494339616
15736,1.0
15737,0.04086226434304856
15738,0.21499876214555494
15739,0.8306476107800588
15740,0.9000702790463023
15741,0.07670232739217485
15742,0.04617025405621952
15743,1.0
15744,0.0962903472320384
15745,1.0
15746,0.14949525785203432
15747,0.026004092243023684
15748,0.08267066836761496
15749,0.06157624685108131
15750,0.04570213827502138
15751,0.1576392370134774
15752,0.06179159339381454
15753,0.5064517224579035
15754,0.05178397868627052
15755,0.18756781349971288
15756,0.06342417497596432
15757,0.028042961594984307
15758,0.05696227454845247
15759,0.4950179211205559
15760,0.07156901693264198
15761,0.03244787324686095
15762,0.4500870252292368
15763,0.03526609198184361
15764,0.09743568973090148
15765,0.1474746078076173
15766,0.03554347101280834
15767,1.0
15768,0.20672805724305635
15769,0.06346648372969513
15770,0.04132668108828813
15771,0.08305009514835891
15772,0.16948438945024072
15773,0.06840434351232225
15774,0.21253628130624297
15775,0.014357381670731242
15776,0.1962260463569419
15777,0.4133071711188842
15778,0.4076532262898045
15779,0.020315761022522166
15780,0.12589473934884376
15781,0.1535518869654213
15782,1.0
15783,0.06580128914649239
15784,0.02069833463514735
15785,0.01831116084499221
15786,0.08650972187139509
15787,0.35797620934869434
15788,0.06322547363785354
15789,0.10059620105509565
15790,0.1586463363568823
15791,1.0
15792,0.0077072052038355985
15793,0.05143216513053068
15794,0.04186694654221722
15795,0.8466400621241768
15796,0.06029923439131512
15797,0.4467155287540165
15798,1.0
15799,0.25143231492434065
15800,0.2628791651436669
15801,0.06932923227447807
15802,0.2198307228170306
15803,0.10532643908939979
15804,0.09297378874192604
15805,0.2454528424665083
15806,0.09178240514089242
15807,0.24827432357951984
15808,0.23631048972320254
15809,0.1395807933370868
15810,0.2730899112631696
15811,0.014263782595964607
15812,0.9999828350952291
15813,1.0
15814,1.0
15815,0.027384101694741696
15816,0.026420682031110875
15817,1.0
15818,0.2774938568547319
15819,0.11861114682674928
15820,0.09284075523514883
15821,0.04654629204039231
15822,0.12505220521704474
15823,0.3343159537834148
15824,0.04801477246555968
15825,0.29869304515523637
15826,0.09581854310578275
15827,0.4341183595566139
15828,0.09805718095726876
15829,0.478618537543133
15830,1.0
15831,1.0
15832,0.023299308958628723
15833,0.11332600615683283
15834,0.041545212442528026
15835,0.0855050796220007
15836,1.0
15837,0.6899740720377645
15838,0.20985859100200993
15839,0.038549835211541955
15840,1.0
15841,0.07443582544876294
15842,0.31691721438514847
15843,0.04040135221592119
15844,0.0330180175789457
15845,0.800109491720722
15846,1.0
15847,0.9978663933646824
15848,0.020207893571160165
15849,0.026985559643852727
15850,0.1984909586586525
15851,1.0
15852,0.03189095569165554
15853,0.02595887277234602
15854,1.0
15855,0.08339529834575934
15856,0.05272439388119834
15857,0.10036796572451988
15858,0.06628590020131965
15859,0.4387105731311769
15860,0.05247486222478283
15861,0.3153497746155638
15862,0.6391843285956752
15863,1.0
15864,0.2211706013155354
15865,0.17010475677487183
15866,0.6303070999865741
15867,0.21658152852382814
15868,0.32859588872366835
15869,0.2816805775542866
15870,0.058695832088913186
15871,0.0428364805047776
15872,0.06538350359696782
15873,0.04506478866656072
15874,0.11927411199885063
15875,0.11052681320502449
15876,0.08139021428817413
15877,0.12798305718688457
15878,1.0
15879,0.14614153214183084
15880,0.027076205309362895
15881,0.1352319438950262
15882,0.045264505294863526
15883,0.1685760857909232
15884,0.047767006593115266
15885,1.0
15886,0.19405692850823786
15887,0.05972284906922156
15888,0.060028720103886275
15889,0.023794393277868565
15890,1.0
15891,0.025410449539145015
15892,0.0325014937666836
15893,0.077717835387625
15894,1.0
15895,0.0320388152091356
15896,1.0
15897,0.2671478870369189
15898,0.08403389363060039
15899,0.251437444990101
15900,1.0
15901,0.07116179647600518
15902,0.12308384321671928
15903,0.12759395891273764
15904,0.18582324459148553
15905,0.8252294414712613
15906,0.14552523312345184
15907,0.10669047464029263
15908,0.2736264360485075
15909,0.16764748276410155
15910,0.042995165640348325
15911,0.15731941711045436
15912,0.5539816165535129
15913,0.16643591557333956
15914,0.1106344904306991
15915,0.11299459296717036
15916,0.01993590316534605
15917,1.0
15918,0.28699795469911216
15919,0.9391389388025203
15920,0.07512035914959841
15921,0.0967984721744877
15922,0.019039892704351743
15923,0.0866867060434887
15924,0.12529969087054663
15925,0.014494809347205812
15926,0.14755812967583937
15927,1.0
15928,0.6228510961452204
15929,1.0
15930,0.16346691189689866
15931,0.18688686465277504
15932,0.048468921652217375
15933,0.10387085912445343
15934,0.9999999999999984
15935,0.36398351978868904
15936,0.014263782595964607
15937,0.07638097848788712
15938,0.3276967657866269
15939,0.028614901520892695
15940,1.0
15941,0.9998633298158065
15942,0.05884794581348407
15943,0.11163339936460437
15944,0.08080774492806038
15945,1.0
15946,1.0
15947,0.030791165223772385
15948,0.07801098407735266
15949,0.04701377671948216
15950,1.0
15951,0.033899572427562016
15952,1.0
15953,0.6243555214310542
15954,0.07805876749093381
15955,0.19237026291549547
15956,0.08882226993837371
15957,0.06740426239049178
15958,1.0
15959,0.22943791379198145
15960,0.09827007700402562
15961,0.057882636945259386
15962,0.09671659093962472
15963,0.022958157159151917
15964,0.017452129841126603
15965,1.0
15966,0.1372902082069463
15967,0.014679193395179858
15968,0.8485248883383104
15969,0.09566889756087649
15970,0.02091977075667919
15971,1.0
15972,0.5016990874557159
15973,0.03867472384498421
15974,0.04826375835356746
15975,0.13673998184524544
15976,0.025571030825530344
15977,0.7415410614049663
15978,0.24270212060777593
15979,0.3435286074376179
15980,1.0
15981,1.0
15982,0.15738570883688882
15983,0.07967771286547429
15984,0.2558281486795844
15985,0.06756988462975949
15986,0.019039892704351743
15987,1.0
15988,0.6073211724142321
15989,1.0
15990,0.03331884824795861
15991,0.12228986585691544
15992,0.07878436519637505
15993,0.17274247172152177
15994,0.09778272122915384
15995,1.0
15996,0.03998212422409631
15997,0.036669518533281105
15998,1.0
15999,0.5220349001009035
16000,0.5436991822955184
16001,0.9971950298842431
16002,0.10960792499096081
16003,1.0
16004,0.9999999998353859
16005,0.14390813973205266
16006,0.017760124628331157
16007,1.0
16008,1.0
16009,0.1033848259166846
16010,0.01602251071697623
16011,0.9819045779299816
16012,0.1610967204721507
16013,0.08158827484433882
16014,0.11355255652451723
16015,0.018309935708910798
16016,1.0
16017,0.15553189405025766
16018,0.2463704535302548
16019,0.09183214821749738
16020,0.04075626481124153
16021,0.056855739231029795
16022,0.023484856693135825
16023,0.1355975802376928
16024,0.1386756499194852
16025,0.04944816644035306
16026,0.2512294988922201
16027,0.26605012840103615
16028,0.17585303534866045
16029,1.0
16030,0.12634852509320565
16031,1.0
16032,0.6728013767035828
16033,0.6418026720722116
16034,0.09270984566105905
16035,0.1378652680645531
16036,0.10855180535372634
16037,0.04533295793660213
16038,0.17629512382419574
16039,0.5315879743643288
16040,0.06676569033354382
16041,0.4132597480071682
16042,0.2198307228170306
16043,1.0
16044,0.08227803166964388
16045,0.019788588425095812
16046,0.02194378992470962
16047,0.5288094726223782
16048,1.0
16049,0.3904887060655372
16050,0.07065172200934008
16051,0.060996855116080835
16052,0.1548623473531608
16053,0.09265628641992843
16054,0.01774344464287228
16055,0.9035389126179981
16056,0.05384227820847903
16057,0.025768037711380542
16058,0.05575277129632729
16059,0.08883454461473773
16060,1.0
16061,0.045878354611120366
16062,0.13111966432478156
16063,0.03614114909067934
16064,0.5156413964309596
16065,1.0
16066,1.0
16067,1.0
16068,0.16916828049051724
16069,0.06708255059091407
16070,1.0
16071,0.08835894106945741
16072,0.03605811036638447
16073,0.5947264164907081
16074,0.022842916486672315
16075,1.0
16076,0.07396367229037468
16077,0.17291031787375596
16078,0.1369507122631048
16079,0.10136098066973794
16080,1.0
16081,1.0
16082,0.11608408806753308
16083,0.03228245516664594
16084,0.38942574534081403
16085,1.0
16086,0.07466664697337458
16087,0.3984853794629339
16088,0.17293230202242663
16089,0.058965423540546104
16090,0.1188634733719077
16091,0.16993454520071935
16092,0.022656042071792316
16093,0.011982041632408383
16094,0.04057983079025818
16095,0.17087001025592294
16096,0.13680045285593484
16097,0.03768635025304335
16098,1.0
16099,0.03139305794201583
16100,0.20155159891517085
16101,0.06770065552582649
16102,0.04727511365468273
16103,1.0
16104,1.0
16105,0.02727238494339616
16106,0.8459904771840028
16107,0.02622534652961407
16108,1.0
16109,1.0
16110,1.0
16111,1.0
16112,0.04539733732664527
16113,0.24380824839975487
16114,1.0
16115,0.444155403897695
16116,0.0254580177583157
16117,0.0390437822842659
16118,0.023424199441682062
16119,0.13576087672763643
16120,0.26185772997495393
16121,0.029695952391315634
16122,0.10036936603714779
16123,0.9170197507233832
16124,0.616776015326851
16125,0.4784898144324117
16126,1.0
16127,0.8777701753345091
16128,1.0
16129,0.4042281710038889
16130,0.0267016680976431
16131,0.15916898454969347
16132,1.0
16133,0.12308384321671928
16134,0.03009660994640426
16135,1.0
16136,0.22995092301757514
16137,0.10659494920243778
16138,0.07878617906555159
16139,0.8196455561316024
16140,0.032182171802067186
16141,0.11245201811009284
16142,0.020673000298643746
16143,1.0
16144,0.10663574585592364
16145,0.680131684410803
16146,0.0707729646843744
16147,1.0
16148,1.0
16149,1.0
16150,1.0
16151,0.07147951286964059
16152,0.06875142587924195
16153,0.08526410912513864
16154,0.07387329336107137
16155,0.010630698039855321
16156,0.022938167390984972
16157,0.10986016591988094
16158,0.9948507654157211
16159,0.0782823251981079
16160,0.9296606702165634
16161,0.058483594563178046
16162,0.2844058029680629
16163,0.03622963449576117
16164,0.02975395172106821
16165,0.13097249791297189
16166,0.07694469219915033
16167,0.3884312060799522
16168,1.0
16169,0.4479911096318289
16170,0.7476196840564633
16171,0.07446282086793239
16172,0.10658194891946143
16173,0.03033738382882356
16174,0.03564649191352026
16175,0.07814225736328913
16176,0.9153364559772174
16177,0.023890959479378276
16178,0.4417995834618135
16179,0.02991193783911883
16180,0.21331240188553194
16181,0.1365786409205678
16182,0.33388372076449196
16183,1.0
16184,0.06789325106069984
16185,0.09746224296018795
16186,0.08565124921191476
16187,0.1656080874085788
16188,0.46136579219227863
16189,0.27029909494331456
16190,0.6207068848719834
16191,1.0
16192,0.06462193664231694
16193,0.16373216526874856
16194,0.026420682031110875
16195,0.12643152118356762
16196,0.02356540107780736
16197,1.0
16198,1.0
16199,0.11014567568574929
16200,0.02064962051070616
16201,0.1533623095775783
16202,1.0
16203,0.15147340022104805
16204,0.3366291869944168
16205,0.2406445600567289
16206,0.1882745561373845
16207,0.11748017162362784
16208,0.793164690142587
16209,0.9349739429229939
16210,0.03076722069006485
16211,0.23067654387266479
16212,1.0
16213,0.03981062746426416
16214,0.03614114909067934
16215,1.0
16216,0.1921770743295773
16217,0.5931588775048046
16218,0.11320806907947822
16219,0.21084681612375883
16220,1.0
16221,0.08008507912129441
16222,1.0
16223,0.21775171165365415
16224,0.3047937243389507
16225,0.12905510491039504
16226,0.09847559552790053
16227,1.0
16228,0.264014822502652
16229,1.0
16230,1.0
16231,0.1711742715128153
16232,0.03713662592475737
16233,0.020839076122426064
16234,0.828055484040268
16235,0.034591254989271666
16236,1.0
16237,0.9408853177869172
16238,0.5461175620897248
16239,1.0
16240,1.0
16241,0.01656891760047431
16242,1.0
16243,0.045534782572190256
16244,1.0
16245,0.16936446201587932
16246,0.1611408722414917
16247,0.04581332581291915
16248,0.031762299358814375
16249,1.0
16250,0.15154800654275535
16251,0.02448915445401475
16252,0.0201155276365954
16253,0.03499599791934603
16254,0.15880451266222814
16255,1.0
16256,1.0
16257,0.008720444292066969
16258,0.03407495016046746
16259,0.924614240913383
16260,0.049783593645508176
16261,0.17440317205168182
16262,0.406848086560052
16263,0.9999981429082343
16264,0.4994623433850807
16265,1.0
16266,0.13352516172208242
16267,1.0
16268,0.03876734215635078
16269,0.13897959522610814
16270,0.012612213763953696
16271,0.3123061162769948
16272,0.04889026686041531
16273,0.45646849874486356
16274,0.027148623455154914
16275,0.6697786662016488
16276,0.11584302809628569
16277,0.022490803063950616
16278,0.01821373903061846
16279,0.022694418689244416
16280,0.11654122704811574
16281,1.0
16282,0.4684254415410075
16283,0.10211521722311512
16284,1.0
16285,0.2273381171053401
16286,1.0
16287,1.0
16288,1.0
16289,0.9287363744094863
16290,0.0626422035628324
16291,0.997113091297574
16292,0.47564530765641405
16293,0.39431200164535724
16294,0.05383329170825556
16295,0.13277931905158344
16296,0.030484151229418187
16297,0.36830697955870306
16298,0.14660665985876484
16299,0.03376526761262764
16300,0.04411030898470981
16301,0.03298141114770195
16302,0.2206813296928359
16303,1.0
16304,0.08330633606002469
16305,0.04443832848432235
16306,1.0
16307,0.04050570473132953
16308,0.07085337325740823
16309,0.042393100503886526
16310,0.7544534823839201
16311,0.0935631141227548
16312,1.0
16313,0.10654887537696298
16314,0.7540169371732806
16315,0.05703499756827926
16316,1.0
16317,0.11048629168366952
16318,0.36303880346272466
16319,1.0
16320,1.0
16321,0.24207712085677785
16322,0.06315785979659984
16323,0.040649830859338855
16324,1.0
16325,0.06121461292829239
16326,0.1672267316532814
16327,0.034871189109496895
16328,0.05879079198289011
16329,0.01610840436970237
16330,0.026645067518184684
16331,0.2748468725038674
16332,0.04404906636724464
16333,0.08077891930570275
16334,0.23374013487557016
16335,0.4302636338084795
16336,0.08591085211546212
16337,1.0
16338,1.0
16339,0.15147340022104805
16340,0.05702819913058535
16341,0.10837017470019666
16342,0.11014609558150691
16343,1.0
16344,0.6388414119144723
16345,0.06175795740313514
16346,0.03480586218338723
16347,0.11411918002690918
16348,0.018633669309724453
16349,0.0440584348230117
16350,0.035600676687341765
16351,0.041303762419176195
16352,1.0
16353,0.06959956686441554
16354,0.5062269421743473
16355,0.35030628564351823
16356,0.13673008817420412
16357,0.33565999366359106
16358,0.12281825789769801
16359,0.1507271831369058
16360,1.0
16361,0.14529434421966608
16362,0.21395918847151857
16363,0.040018858267659656
16364,0.04891529789859076
16365,0.13361291387411664
16366,0.03783876462198782
16367,1.0
16368,0.15127208558292077
16369,0.023036881117195585
16370,0.10969257994023993
16371,0.19634462787589452
16372,0.21820648312460744
16373,0.02899490606238835
16374,0.3005279373262483
16375,0.5235184013259274
16376,0.06490774726093872
16377,0.1895235714453477
16378,0.5991534362936488
16379,1.0
16380,0.19082671579909072
16381,0.04543377888243956
16382,0.17831368798449576
16383,0.027489023554108954
16384,0.111064835066332
16385,0.3218356229742546
16386,0.575015542526654
16387,1.0
16388,0.051614043717821266
16389,0.7087237532656961
16390,1.0
16391,0.14686697271361643
16392,0.019867605893795614
16393,0.9346538343352464
16394,0.015960398531565383
16395,0.04388615803556584
16396,0.05859203014025775
16397,0.6607290657130358
16398,0.041035415582357085
16399,0.05471312889004449
16400,0.6030621085564201
16401,0.019696426221225683
16402,0.07892871254541217
16403,0.19770719274926912
16404,0.17711699380970167
16405,0.024855036018099082
16406,0.041591607586952586
16407,1.0
16408,0.3338954414593133
16409,0.03783876462198782
16410,0.4034114510244454
16411,0.03567059708121739
16412,0.04073378703007324
16413,1.0
16414,1.0
16415,0.3036435570694701
16416,0.07631212981714534
16417,1.0
16418,0.03138547453791323
16419,0.03295551905711288
16420,1.0
16421,0.021932491273330496
16422,0.4242564215571305
16423,0.9999990523769708
16424,0.14214821564754887
16425,0.06871002690509588
16426,0.10013307812811915
16427,0.09441137272414825
16428,0.1736354942911443
16429,1.0
16430,0.19592302868641304
16431,0.0142150223322049
16432,1.0
16433,1.0
16434,0.039192148951460774
16435,0.15694720872547743
16436,1.0
16437,0.18134835939043242
16438,0.2609177103783729
16439,1.0
16440,1.0
16441,0.18899589722991866
16442,0.18104024375866373
16443,0.2920475258550791
16444,0.40697782332647403
16445,0.7424720709164382
16446,0.39156017730464765
16447,0.11109565909261053
16448,1.0
16449,1.0
16450,0.015936759791524608
16451,0.1037709010130763
16452,0.05072706844322755
16453,0.7015412877604533
16454,0.2885195873455754
16455,0.029797335585002527
16456,1.0
16457,0.17672695580213346
16458,0.12888116708006153
16459,0.03896178864791748
16460,0.02695252411520223
16461,0.01663335789633527
16462,0.17901378350074404
16463,0.9452322261070212
16464,0.10214389017448695
16465,1.0
16466,0.09370610668077632
16467,0.03809352200525429
16468,0.06222594736974508
16469,1.0
16470,0.1570393672729023
16471,0.1073485157977165
16472,0.07984425033071788
16473,0.5081499896665341
16474,0.042059256106186466
16475,0.03677530786315837
16476,0.09315265743034616
16477,0.2908410437347684
16478,1.0
16479,1.0
16480,0.2526806552739886
16481,1.0
16482,0.05603952135926643
16483,0.18076492751041984
16484,0.04219919298444452
16485,0.02741690665104322
16486,0.06672431961843835
16487,0.665858135465707
16488,0.06915193527034848
16489,0.03680920857439667
16490,0.0993778706738279
16491,1.0
16492,0.8790138163882354
16493,0.07895175944615566
16494,0.22016410789290727
16495,1.0
16496,0.15391130287311303
16497,0.06053158905838681
16498,0.7605048590903334
16499,0.12849365814080363
16500,1.0
16501,0.36861713364270043
16502,0.9543735094085375
16503,0.06144385115987734
16504,0.5310086050728804
16505,0.07000240718049365
16506,0.021644948023881772
16507,0.053935260656558265
16508,1.0
16509,0.05373420347635656
16510,1.0
16511,0.0644344069787777
16512,0.19603824449531512
16513,0.13065400006067618
16514,0.03554466021573282
16515,0.06538350359696782
16516,1.0
16517,0.0557748246792654
16518,0.2804713521470193
16519,0.05018918164007315
16520,0.19289283466664447
16521,1.0
16522,0.15560609506882825
16523,0.45658707926688213
16524,0.035551557436861315
16525,1.0
16526,0.21245922377277177
16527,1.0
16528,0.18259646235875865
16529,0.17762966920829273
16530,1.0
16531,0.498076589869716
16532,1.0
16533,0.033331760179716306
16534,0.36578516068029054
16535,0.0525341555065339
16536,0.651608445545997
16537,0.3900134934783451
16538,0.467298952205454
16539,1.0
16540,0.04194046783037879
16541,0.015598709094928722
16542,1.0
16543,0.019035314721330753
16544,0.0400319001318318
16545,1.0
16546,1.0
16547,0.02215898946139302
16548,0.046381397947805374
16549,0.9937614441208538
16550,1.0
16551,0.1906228469666403
16552,0.17168735786105732
16553,0.05539954138995749
16554,0.08119551365568564
16555,0.031842338281329194
16556,0.013755033561199923
16557,0.6096137120715935
16558,0.061117046477679675
16559,0.07647925811245204
16560,0.5752667532174213
16561,0.0470824169744516
16562,0.07166512594726115
16563,0.03621483512521527
16564,0.08085016833366909
16565,0.08459212592152537
16566,0.04223073824087621
16567,0.08355661655763702
16568,0.7996216663162463
16569,0.11347823552522794
16570,0.1190808370716825
16571,0.46634662694367784
16572,0.01934210827737151
16573,0.22817007997480648
16574,0.05585066669083431
16575,0.13251674098873437
16576,1.0
16577,0.026327289442742555
16578,1.0
16579,0.5827354923365098
16580,0.07775172485543021
16581,0.04094664053694256
16582,0.46431992347981144
16583,1.0
16584,0.5699936457822101
16585,0.039204932399752764
16586,0.017998155628187174
16587,0.21710732524005996
16588,1.0
16589,1.0
16590,0.11829293665715596
16591,0.021494081506661333
16592,0.8094733455417856
16593,0.25099800835084074
16594,0.08030367944647594
16595,0.025571030825530344
16596,0.02586619588122888
16597,1.0
16598,1.0
16599,0.06654850361674333
16600,0.12656128740829165
16601,0.20024805589000544
16602,0.2895318316812657
16603,0.6947208668296789
16604,0.1559224941869262
16605,1.0
16606,0.8044193317948288
16607,0.02534395885071814
16608,0.18102927711181535
16609,0.015456349967890791
16610,0.3672670646002756
16611,0.8919866343210203
16612,1.0
16613,1.0
16614,0.08218513104615781
16615,0.047958536988439576
16616,0.046718049178234584
16617,0.06335110332599223
16618,0.01602143620746148
16619,0.3384876926925357
16620,0.10098414576914495
16621,0.5369961501945107
16622,0.4368712883213379
16623,0.0371523969392821
16624,0.039949514726484746
16625,1.0
16626,1.0
16627,0.07272042287118859
16628,0.4058623288717861
16629,0.3334303267356342
16630,0.07283513130548191
16631,0.037803952921356375
16632,0.25887412529300613
16633,0.029725980184943945
16634,0.031594186833924884
16635,0.034756307310187126
16636,0.07753896071620923
16637,0.1443776241245332
16638,0.8080223469939787
16639,0.9057932991417889
16640,0.12953985516717073
16641,0.016151066797514078
16642,0.1034659660401962
16643,0.1838402371188231
16644,0.9804881805081801
16645,0.03560850860528904
16646,0.45607821433142376
16647,0.13321217316305842
16648,0.19162039744061568
16649,0.04080714100384726
16650,1.0
16651,0.9813652238599788
16652,0.04441988193754355
16653,0.03779702243299266
16654,0.40402473042580717
16655,0.10933234979566092
16656,0.04881865236585051
16657,0.1024743111299578
16658,0.12575872259896623
16659,0.9838254769686617
16660,0.6402638426946613
16661,0.06197584478432052
16662,1.0
16663,0.09089771210161583
16664,0.07908322561365252
16665,1.0
16666,0.9408985635690714
16667,1.0
16668,0.09625863589344223
16669,1.0
16670,1.0
16671,0.19643227364708846
16672,0.0628815278367417
16673,1.0
16674,0.3711500295592748
16675,0.17713668949528832
16676,0.031291673990046405
16677,0.07253935183384295
16678,0.16522564003002257
16679,0.03560784947080067
16680,0.04540498317463253
16681,1.0
16682,0.045591142996135314
16683,0.018992615081253546
16684,1.0
16685,0.50588506278118
16686,1.0
16687,0.3242865031011815
16688,0.15989755900890273
16689,0.32309696400256394
16690,0.018865985373593477
16691,0.13879163978635795
16692,0.45196042409380377
16693,0.05717847180519003
16694,0.1347688640037828
16695,0.20849490110455804
16696,0.09265628641992843
16697,0.044599419193164236
16698,0.26030506227319017
16699,0.015213906474646087
16700,0.07362333674099074
16701,1.0
16702,1.0
16703,0.009495171010243506
16704,1.0
16705,0.30940060716634277
16706,0.11333898560017917
16707,0.09294573559263493
16708,0.06057571638521431
16709,1.0
16710,0.017153883002607596
16711,1.0
16712,0.031062728127746183
16713,0.49160909171568423
16714,1.0
16715,0.03720133845981828
16716,0.022196177551677708
16717,0.05082189879059968
16718,1.0
16719,0.1452521981123823
16720,0.13097664243206772
16721,0.16173489328653406
16722,0.05033017207513897
16723,0.06011351224503685
16724,1.0
16725,0.16977162377298094
16726,0.07385007457428513
16727,0.22647677509618885
16728,0.26359903548348834
16729,0.38820315202538447
16730,0.028902405104219916
16731,0.07652320084000297
16732,1.0
16733,0.07631212981714534
16734,0.16206377689531914
16735,0.058447034364393635
16736,0.6113790238595378
16737,0.0472167744709262
16738,0.1692801415034729
16739,1.0
16740,0.49942821383414976
16741,0.15539973979718924
16742,0.08581983471521389
16743,0.012289923551010827
16744,1.0
16745,0.24158308982758278
16746,0.1721449139794554
16747,0.04642460035934481
16748,0.04480278030907291
16749,0.21001725724112077
16750,1.0
16751,0.1571456497878634
16752,0.3680376636959538
16753,1.0
16754,0.01017344605346626
16755,0.06305417805385621
16756,0.09475605023165568
16757,0.27282394061152526
16758,0.2138483186162622
16759,0.04036141547579028
16760,0.0623109198971942
16761,0.3851233127888603
16762,0.03623559897512049
16763,0.38126380406454236
16764,1.0
16765,0.41298161893848595
16766,0.07023212814908239
16767,0.9885538885291406
16768,0.5706412052245569
16769,0.03344022569372861
16770,1.0
16771,1.0
16772,1.0
16773,1.0
16774,0.10517059551176858
16775,0.026096620661706278
16776,1.0
16777,0.2814438021759349
16778,0.042600393708841125
16779,0.04383544271544689
16780,1.0
16781,0.20520499998172181
16782,1.0
16783,0.13728083622335782
16784,0.9776366485325573
16785,0.11219960230332363
16786,0.04184864856793706
16787,1.0
16788,1.0
16789,0.015456349967890791
16790,0.12906988701485458
16791,0.4339317869165181
16792,0.09483813703961587
16793,0.18319944020763862
16794,1.0
16795,0.0698781315664105
16796,1.0
16797,0.15082995802208018
16798,1.0
16799,1.0
16800,0.08212680996208764
16801,0.11074089480134665
16802,0.21253628130624297
16803,1.0
16804,0.3160883786666411
16805,0.06777546004756256
16806,0.019211278544346514
16807,0.27552362442736145
16808,1.0
16809,1.0
16810,0.09942843604892024
16811,0.021514825374122686
16812,0.01876935785259558
16813,0.6054094905621862
16814,0.2822659975387292
16815,0.043812381553052025
16816,0.023220388651649715
16817,0.15079435635982202
16818,0.021177902013783254
16819,0.04912829609115585
16820,0.1296819359940887
16821,0.6670605144689068
16822,0.07815083655640007
16823,0.22093124151934027
16824,0.031035608126798255
16825,0.018143289048787117
16826,0.49191182655317905
16827,0.09282119752789322
16828,0.9198874293094086
16829,0.26460978838177857
16830,0.03858289272991658
16831,0.17123568473688172
16832,0.3598205596190979
16833,0.04752045542210352
16834,0.05575146780956177
16835,1.0
16836,0.035744652555213495
16837,0.06727090088666766
16838,0.05257240148653907
16839,0.11039266866910764
16840,0.05841585025018922
16841,0.015752662353935472
16842,0.14200687410511406
16843,0.01808151008818171
16844,0.013235966689210956
16845,0.3632316673082817
16846,0.08169287789890148
16847,0.058085929392209315
16848,1.0
16849,0.014946075534863077
16850,0.19828241576914893
16851,1.0
16852,0.12857047060810836
16853,0.10213932744341858
16854,0.5504047788225405
16855,0.06754192967844658
16856,0.02008033689793323
16857,1.0
16858,0.18971194802082902
16859,0.170425377801831
16860,0.2521198690487148
16861,0.05575277129632729
16862,1.0
16863,0.16360231345685686
16864,0.02574079456377117
16865,0.10751081962590155
16866,0.09548887182057249
16867,0.7442745997668677
16868,0.20458501294535453
16869,0.1284223036110641
16870,0.02450336628563428
16871,0.030548005556375168
16872,0.14553143857708362
16873,0.2588874505669226
16874,0.040901905461972234
16875,1.0
16876,1.0
16877,0.06654850361674333
16878,0.11149292152781798
16879,0.4408472774735411
16880,0.03390458391098416
16881,0.05172219884321923
16882,1.0
16883,0.2242377781991009
16884,1.0
16885,0.12162199322475084
16886,0.16531486860565445
16887,1.0
16888,0.1906228469666403
16889,0.08693654565573507
16890,0.024736116547814664
16891,0.13328029342223777
16892,0.05159743135631028
16893,0.08170550168005414
16894,1.0
16895,0.25155040949064045
16896,0.6407967291369637
16897,0.36314044049454824
16898,1.0
16899,0.08823926813695683
16900,0.018240341040553838
16901,0.4831400546238999
16902,0.13246935815626124
16903,0.10532877236196059
16904,0.24631980759865418
16905,0.013162941950455352
16906,1.0
16907,1.0
16908,0.09537317785392815
16909,1.0
16910,0.13215416354919657
16911,0.20500513160315456
16912,1.0
16913,0.2245529330382174
16914,1.0
16915,0.5202206166570597
16916,0.29450390436107127
16917,0.5193734160306578
16918,0.21429028370793046
16919,1.0
16920,0.039213424037243226
16921,0.05721597750373426
16922,0.02760862476382347
16923,0.03147651781997702
16924,0.09487451343143363
16925,0.2430880267255103
16926,0.2891157594572194
16927,0.4233600991446345
16928,0.12675246503097007
16929,1.0
16930,0.03585798200201104
16931,0.1848761386237907
16932,0.07109859295882284
16933,1.0
16934,0.3411735795264598
16935,0.01658080093916932
16936,0.11476524018439341
16937,0.1110447282084548
16938,1.0
16939,0.047958536988439576
16940,0.1733907123342236
16941,0.07803329814223874
16942,1.0
16943,0.5003009558017515
16944,0.11805355908233395
16945,0.1264022052623195
16946,0.05546740229439216
16947,0.3876933508262936
16948,0.2743529845329979
16949,0.09206671769496932
16950,0.09054209442734977
16951,0.33970545867981855
16952,0.02935126189190048
16953,0.029769693105808775
16954,1.0
16955,0.9999999821562454
16956,1.0
16957,1.0
16958,0.36718819178823753
16959,0.19796625756813396
16960,0.16472661164921643
16961,0.21070389925787636
16962,1.0
16963,0.02469896427373705
16964,1.0
16965,0.25043376067798623
16966,1.0
16967,0.06860262529748862
16968,0.05518340858266666
16969,0.15095468070090895
16970,1.0
16971,1.0
16972,0.23398255069674603
16973,0.04870532726712383
16974,0.07631212981714534
16975,0.17190636828231276
16976,0.03642428181733786
16977,0.6827293533465012
16978,0.05642401575773774
16979,0.9571351423931292
16980,0.124535542843519
16981,1.0
16982,0.2908312703832962
16983,0.10509690668534205
16984,0.8477605911495746
16985,0.15155655038610516
16986,0.17228860017704228
16987,0.0810372367522496
16988,0.689586481065937
16989,0.5438479076684837
16990,1.0
16991,0.07785838884189245
16992,0.34824510249413676
16993,0.12348959125863379
16994,1.0
16995,1.0
16996,0.1112648363034053
16997,0.08886780826621644
16998,0.43501601706538473
16999,1.0
17000,0.039397277515841274
17001,0.08656612482559947
17002,0.027682426404041
17003,0.03721439365717931
17004,0.03864267551751391
17005,0.044208160762700226
17006,0.1241963516664417
17007,0.009840112828901664
17008,1.0
17009,0.030976492822508542
17010,1.0
17011,0.09001358983715271
17012,1.0
17013,0.02741572298953598
17014,1.0
17015,0.2511665354948743
17016,0.1957259545883159
17017,0.057134099982375224
17018,1.0
17019,0.33036072883477324
17020,0.10679824732027478
17021,0.14854514963806356
17022,0.19693372820989227
17023,0.3164672491982044
17024,1.0
17025,0.026985559643852727
17026,1.0
17027,0.030308385730899456
17028,0.9999409986151561
17029,0.09461522655634423
17030,0.10962274035971294
17031,1.0
17032,0.10848134745032426
17033,1.0
17034,0.016820814795878512
17035,0.030791165223772385
17036,1.0
17037,0.6103525518345657
17038,0.11205866264222974
17039,0.025867314421908125
17040,0.33331107631005696
17041,0.27091566559262964
17042,0.03819425032778584
17043,0.011593803972602939
17044,0.275040067363552
17045,1.0
17046,0.024131699460797604
17047,0.04355271303011582
17048,0.633468989838119
17049,0.09732748956500581
17050,0.17038269874107737
17051,0.3832806600159569
17052,1.0
17053,0.013104911343386927
17054,0.06918355281296577
17055,0.19223049919108454
17056,0.033463354248690805
17057,1.0
17058,0.7080921486568703
17059,0.05159743135631028
17060,0.8158196689628442
17061,0.044179010457281655
17062,0.01553925647068117
17063,0.24780205463754248
17064,0.16159994662540042
17065,0.03296496305068809
17066,0.9999999999985711
17067,0.10068006065293732
17068,1.0
17069,0.22714922089570602
17070,0.29003529684989127
17071,1.0
17072,1.0
17073,0.034645999056639565
17074,0.2755414165608753
17075,0.022782363675639548
17076,0.19248581729068248
17077,0.3665376221347819
17078,0.0824702161819588
17079,0.12759890028328627
17080,0.13298514705292697
17081,0.2844405663381492
17082,0.3489805866369382
17083,0.6626559157619873
17084,0.015351392004301972
17085,0.12144479840995415
17086,1.0
17087,0.05782592568403978
17088,0.10723131667296963
17089,1.0
17090,0.03819942461954983
17091,0.7299528814540611
17092,1.0
17093,0.018373219029109877
17094,0.04132938146033468
17095,1.0
17096,0.05722303947957303
17097,0.33715396697505035
17098,1.0
17099,0.03555003541756241
17100,0.022297879953835593
17101,0.1910153987860116
17102,0.022132332558886112
17103,0.08498508524075817
17104,0.18005419542561718
17105,0.0717478532171085
17106,0.06782338408197804
17107,1.0
17108,0.01462942636346302
17109,0.08030367944647594
17110,0.025591346809011303
17111,0.2484481294246138
17112,0.024401484379251426
17113,0.01841814473458011
17114,0.2687036710459752
17115,0.2226392565020845
17116,0.024531745005321768
17117,0.021061985549612892
17118,0.8957050418484553
17119,0.2558748207533196
17120,1.0
17121,0.1727411164793514
17122,0.7490504114617118
17123,0.08047827240368347
17124,0.36824426804806915
17125,0.043898429659908186
17126,0.12837845937927203
17127,0.21263673310170667
17128,0.026680816187583084
17129,0.4664035415985065
17130,1.0
17131,0.30118309441294494
17132,0.07134149915253911
17133,0.035422379473435496
17134,0.39596475019098537
17135,1.0
17136,1.0
17137,0.09810140773439267
17138,0.12206212452741283
17139,0.028945405855003953
17140,0.050710881667057776
17141,0.014707963582727487
17142,0.9574705784587036
17143,0.027927840678499988
17144,0.05575146780956177
17145,0.09340793898298051
17146,0.3420585717889446
17147,1.0
17148,0.23446147583901653
17149,1.0
17150,0.017665581764059333
17151,1.0
17152,0.03866624956844133
17153,0.03386101704286317
17154,0.5764784634653363
17155,0.15853605931272363
17156,0.01941712119052961
17157,0.11129473169542133
17158,0.03585798200201104
17159,0.9885451328611885
17160,0.03444021748697933
17161,0.016305379455472155
17162,1.0
17163,0.0284495974783171
17164,0.3003816642661439
17165,0.03522943447684601
17166,0.31556747783494654
17167,0.07145025148403071
17168,0.09547326904543461
17169,0.22528046633997154
17170,0.06575712929658169
17171,0.016637539317277263
17172,0.9832946612391872
17173,1.0
17174,0.055409562262250585
17175,0.08809783311286722
17176,0.07904945554629905
17177,0.024445786645810187
17178,1.0
17179,0.10526548769570969
17180,1.0
17181,0.03431857899271291
17182,0.07669901935137838
17183,0.07474071961359603
17184,0.09568617314509027
17185,0.1415121529294495
17186,1.0
17187,0.02800942912263652
17188,0.9241941597343456
17189,0.0805024493585645
17190,0.2998777869076195
17191,1.0
17192,0.032696768306174046
17193,1.0
17194,0.09623905116446557
17195,0.10410694233495764
17196,0.18676115746102012
17197,0.05350800614937351
17198,0.17925627713667186
17199,0.09078702243820755
17200,0.4246375114837727
17201,0.05173802380192486
17202,1.0
17203,0.0455024930021343
17204,0.16373216526874856
17205,1.0
17206,1.0
17207,0.027148623455154914
17208,0.5008715163702147
17209,0.999908753086589
17210,0.017592290609632015
17211,1.0
17212,1.0
17213,1.0
17214,0.044339990879938375
17215,0.0544220739715575
17216,0.05146386960137685
17217,0.09709672674707703
17218,0.1559909555065794
17219,0.13032625134785936
17220,0.08318004478364664
17221,0.043948258902653754
17222,1.0
17223,0.14529434421966608
17224,1.0
17225,0.8086419925452675
17226,0.015088202542351171
17227,0.39472094599119095
17228,0.5758242895044234
17229,0.943560126844758
17230,0.032821840056156404
17231,0.6033093371381222
17232,0.02063320294040233
17233,0.9927306984124702
17234,0.9997978651282843
17235,0.06300939615657102
17236,0.015456349967890791
17237,0.05044802257885048
17238,0.08248016772361502
17239,0.931594377561312
17240,0.0368361015816319
17241,0.32967920025919556
17242,0.06561430930539892
17243,1.0
17244,0.16198230121304955
17245,0.015852072883594706
17246,0.09714406212452315
17247,0.03425425057145417
17248,0.9441766029782591
17249,0.08098301539397276
17250,0.3676880821980021
17251,0.126147350542428
17252,0.2862929873936563
17253,0.6823254875057388
17254,1.0
17255,0.04173784780945742
17256,0.2763242378900541
17257,1.0
17258,0.2059261363369585
17259,0.28674993054820935
17260,0.05106820906295774
17261,1.0
17262,0.03623559897512049
17263,0.23056240783660234
17264,0.19515487613110546
17265,0.08273323619094473
17266,0.09253183416959251
17267,0.010010596083458051
17268,0.8749152069365663
17269,0.031062728127746183
17270,0.4808460572639216
17271,0.08653105514022673
17272,0.7695067030985882
17273,0.09576926624565574
17274,0.7475851191454407
17275,0.7573515483910339
17276,0.013303905945636517
17277,0.9930525720831072
17278,1.0
17279,0.3199360698010888
17280,0.3353583539337697
17281,0.1644758348027973
17282,1.0
17283,1.0
17284,0.1124088279686102
17285,0.04064431002293543
17286,0.3167303284528818
17287,0.015377590101511872
17288,0.02367716889631689
17289,0.06346648372969513
17290,0.11025719271357116
17291,0.482202648896914
17292,0.1897901957243396
17293,1.0
17294,0.2309237526132705
17295,0.30055005565995513
17296,0.017325666702252975
17297,0.08430931839785506
17298,0.3318836361025288
17299,0.23097479975530577
17300,0.0890300618830049
17301,0.07659082898605893
17302,0.08548509471980575
17303,0.1946766713465455
17304,0.06575712929658169
17305,1.0
17306,1.0
17307,0.05060885876373433
17308,0.9106238378703675
17309,0.0545691318834259
17310,0.4791156416590417
17311,1.0
17312,0.2629953482841346
17313,0.05005198627612959
17314,1.0
17315,0.17142640113616245
17316,0.11836813010282815
17317,0.11134260197533458
17318,0.06547774513286643
17319,0.1279579317161143
17320,0.07190612416268939
17321,1.0
17322,0.04545765291333909
17323,0.15453081204363367
17324,0.15443904169246273
17325,0.10568070413957745
17326,0.5012133865748459
17327,0.013303905945636517
17328,0.042768678592433634
17329,0.17502256659047186
17330,0.04345866456621642
17331,0.23837176580977093
17332,0.9540611648801189
17333,0.06801255976542475
17334,0.028648324175032637
17335,0.016305379455472155
17336,1.0
17337,0.02961314686351598
17338,0.21279145434637162
17339,0.03609800418596831
17340,0.045878354611120366
17341,0.03539074692256499
17342,0.17417482079275928
17343,0.24454856294255542
17344,0.29490772783307945
17345,0.12626851552886575
17346,0.0946317940803327
17347,1.0
17348,0.06146800914405426
17349,0.18854392595323438
17350,1.0
17351,0.11251192534248246
17352,1.0
17353,0.034050986582432934
17354,0.9416689820315791
17355,0.14782543125560293
17356,0.02895229686656263
17357,0.038146668567129526
17358,1.0
17359,0.25914712666446144
17360,0.1307567436268633
17361,0.15131525268955995
17362,0.22201294083763112
17363,0.13066240188610423
17364,0.06585886779273349
17365,0.19492734962608368
17366,0.1471917349160153
17367,1.0
17368,0.018143289048787117
17369,0.04046788835701573
17370,0.0330180175789457
17371,0.09483813703961587
17372,0.3574793397014397
17373,0.23115746010320787
17374,0.1639518267752696
17375,0.07590756188088674
17376,1.0
17377,0.06323445179303341
17378,1.0
17379,0.540464586376917
17380,0.2553997045352272
17381,1.0
17382,0.018020419105231247
17383,0.024467191272422934
17384,1.0
17385,1.0
17386,1.0
17387,0.07883950431764793
17388,0.0524900087878098
17389,0.024053816425017995
17390,0.024263106301149345
17391,0.1981533452797463
17392,1.0
17393,0.032969172048523544
17394,0.20070928082657497
17395,0.019864234919270588
17396,0.023451647994538857
17397,0.21067938817514228
17398,1.0
17399,1.0
17400,0.019782005661582662
17401,0.128098120451146
17402,1.0
17403,0.011585117996830261
17404,0.14505017287481747
17405,0.7728170412711377
17406,0.011038292045869823
17407,0.1931269872614885
17408,0.15840804773028627
17409,0.02179038625018063
17410,0.10234764278449579
17411,0.20230750548042883
17412,0.08559134707515986
17413,0.29227818809683537
17414,0.07482566672845035
17415,0.11873112540541672
17416,0.0130916083586992
17417,0.5434920789504258
17418,0.031528449100346884
17419,1.0
17420,0.5004396988267834
17421,0.0184577353767686
17422,0.196626650485072
17423,0.1452521981123823
17424,0.3208056800868552
17425,0.052920011143259005
17426,0.10423884729957485
17427,0.07092140281460092
17428,0.034674435820836735
17429,0.4700976895088632
17430,0.081940598449775
17431,0.053283077636583874
17432,0.08640033599728897
17433,0.1612907100227631
17434,0.16549378000699977
17435,0.06666295597977924
17436,0.10880191282258478
17437,0.05868337923463765
17438,0.019792826573580627
17439,0.11376846450924447
17440,0.0362190943878361
17441,0.08026527676510474
17442,1.0
17443,0.06969716524299331
17444,0.056565062912449185
17445,0.11147775618122054
17446,0.027148623455154914
17447,0.6239540897859376
17448,0.020330858181108313
17449,0.06175795740313514
17450,1.0
17451,0.06883903041678707
17452,0.023551882957942773
17453,0.13352516172208242
17454,0.26613192112160877
17455,0.03548415534820087
17456,0.07421216688684955
17457,0.05330266043511949
17458,0.07487729154900115
17459,1.0
17460,0.08875714465417248
17461,0.14068488143645927
17462,1.0
17463,0.08110997406933874
17464,0.019468373220533432
17465,0.41293782212585467
17466,0.06349062436913505
17467,0.10407503269144627
17468,0.1196535524721506
17469,0.022689166272638922
17470,0.11092989565263309
17471,0.0384816526409854
17472,0.10414989835123958
17473,0.3795807344902561
17474,0.16824533961195703
17475,0.06609173267042757
17476,0.05599407087753809
17477,0.05236301737576854
17478,0.18811667180474803
17479,0.7537780484278884
17480,0.06785018751388254
17481,1.0
17482,1.0
17483,1.0
17484,0.03449911557778904
17485,0.01365936459095192
17486,0.25019386880765204
17487,0.02388992430333146
17488,0.05627578401106713
17489,0.0580084349198255
17490,0.06201674506491855
17491,1.0
17492,0.02217590086712695
17493,0.2481129969742387
17494,0.0788540058920535
17495,0.11464615895567529
17496,1.0
17497,1.0
17498,0.1449638907125441
17499,0.027461197706409042
17500,0.0919044406022391
17501,0.04197094640434709
17502,1.0
17503,0.11584302809628569
17504,0.08023160206012156
17505,1.0
17506,0.3452862045437844
17507,0.023739393216668826
17508,0.023299308958628723
17509,0.007930839418720735
17510,0.06488051960838825
17511,0.050255603012065754
17512,0.08383917314785296
17513,0.40994317786829965
17514,0.13193220860560947
17515,1.0
17516,0.08328041902542907
17517,0.43948738856854186
17518,0.31087482130028415
17519,0.07597469071121264
17520,0.9999999995258582
17521,0.23032755246599118
17522,0.26997628846844113
17523,0.07073259019632275
17524,0.023868661445526615
17525,1.0
17526,0.18833849457352198
17527,0.1155788340359408
17528,0.49388066909954786
17529,1.0
17530,0.04799925992508187
17531,0.2717418632554258
17532,0.9992903560794963
17533,1.0
17534,0.7223479243101993
17535,0.07288804213248931
17536,0.6634358539714019
17537,0.1636057016261767
17538,0.3549666650361244
17539,0.06791147428373447
17540,0.9717818349615766
17541,1.0
17542,0.018001215743820475
17543,0.21937425679293351
17544,0.022363982404607793
17545,0.09409016469560223
17546,0.03235479198816176
17547,0.12949245420773803
17548,0.2966625771527659
17549,1.0
17550,1.0
17551,0.5544832855349708
17552,0.025325235328018482
17553,1.0
17554,0.3254783158853983
17555,0.2029371710108657
17556,0.041303762419176195
17557,1.0
17558,1.0
17559,0.05671401083542579
17560,0.2819308499531674
17561,0.05255744601889005
17562,1.0
17563,0.1424654900755611
17564,0.3091276692830085
17565,0.021179394826120423
17566,0.18346274124199982
17567,0.3984891857714994
17568,0.25735717806547936
17569,0.059952422600201186
17570,0.13163421279480916
17571,0.2860282438323299
17572,0.19011263667200656
17573,0.35247996357580674
17574,0.15452470916090752
17575,0.9999999999995588
17576,1.0
17577,0.05271738244282996
17578,0.014455643326903992
17579,0.08399042714675861
17580,1.0
17581,1.0
17582,0.08391534261078437
17583,1.0
17584,0.036583311117269875
17585,0.7673883042408021
17586,0.5057475610700711
17587,0.04959949530828543
17588,0.027148623455154914
17589,0.1277845475798388
17590,0.010198078224651115
17591,0.9642269659067717
17592,0.4367771107926821
17593,0.054153774387022714
17594,0.09078702243820755
17595,0.023513744633656374
17596,0.12024528357162352
17597,0.08476729637870811
17598,1.0
17599,0.05928520650867667
17600,0.3424959462895801
17601,1.0
17602,0.01066489501875905
17603,0.34038933549745715
17604,0.019083368808429983
17605,0.08540475780856152
17606,0.04086226434304856
17607,0.09631926625242143
17608,0.05193713317916606
17609,1.0
17610,0.051901282799123455
17611,0.10472624350252963
17612,0.14679378681885857
17613,0.158832289544825
17614,0.08600253151466782
17615,0.08475455855769956
17616,0.2977632749529035
17617,0.2692141340020033
17618,0.02056919788308749
17619,0.06564594215238866
17620,0.8748693631052203
17621,0.8215973028044357
17622,0.05471312889004449
17623,0.04589168934963317
17624,1.0
17625,0.6758663304911672
17626,0.20258195731414086
17627,0.04387730084174297
17628,0.1529506707411896
17629,0.09625863959137229
17630,0.02384426126626294
17631,0.04321814878859271
17632,0.0975191516040584
17633,0.13956963453689464
17634,1.0
17635,0.05678976680415075
17636,1.0
17637,0.14104500950471008
17638,0.2931722612603136
17639,0.41210976957543194
17640,0.30029579919410604
17641,0.2633418512188149
17642,0.034493014548034655
17643,0.07210464014935977
17644,1.0
17645,0.017717163322817715
17646,0.12361188461972449
17647,0.8940902357606915
17648,1.0
17649,0.07938186984478598
17650,0.09218888104884618
17651,0.2252159984465434
17652,0.11678378157317658
17653,0.28746352936383335
17654,0.18758785418164556
17655,0.1201508997909946
17656,1.0
17657,0.029884110226212457
17658,0.0904776141811282
17659,0.07514875374209948
17660,1.0
17661,1.0
17662,0.16748631158591729
17663,1.0
17664,0.23571147393092143
17665,0.04978491530946153
17666,0.38064429900585617
17667,0.18237988286637583
17668,0.23031915216557008
17669,0.04193772927791322
17670,1.0
17671,0.034250488544283295
17672,0.2636374843025265
17673,0.07256039509391796
17674,1.0
17675,0.1517063538530928
17676,0.038053787699062286
17677,0.03268721757610806
17678,0.06768844818719892
17679,0.022813644436088402
17680,0.11789596498037967
17681,0.12283772265626852
17682,0.164566239673244
17683,0.0429468412099138
17684,1.0
17685,0.05985167426962309
17686,0.233883026925077
17687,1.0
17688,0.3496969360422013
17689,1.0
17690,1.0
17691,0.04896662599928864
17692,1.0
17693,1.0
17694,0.050202884144805525
17695,0.04698723711403211
17696,0.0571152416406109
17697,0.19607578488663566
17698,0.22581276727538366
17699,0.05388282659462964
17700,1.0
17701,0.3510955750004187
17702,0.10872841068346085
17703,0.07242809730652423
17704,0.058447034364393635
17705,0.4562208839601025
17706,0.10301385011360943
17707,0.05425337409812084
17708,1.0
17709,0.05028399715291847
17710,0.340965942945796
17711,0.22051060511757245
17712,0.5213010590523435
17713,0.03927321774423096
17714,0.023656339591767266
17715,0.1375196528544287
17716,0.019425393507129105
17717,1.0
17718,0.18143007802568864
17719,0.05679904093467128
17720,0.11370873774744826
17721,1.0
17722,1.0
17723,0.3547334003125901
17724,0.8924422627366022
17725,0.033409946020082064
17726,1.0
17727,0.019728626428842537
17728,0.04442343984488364
17729,1.0
17730,0.04946620114448491
17731,0.028621247707528875
17732,0.1804737335211094
17733,0.16398032847937494
17734,1.0
17735,0.05107204687748506
17736,0.06845601467518374
17737,0.7514354765231013
17738,0.08451152036595701
17739,0.028836194111511414
17740,0.8433926956638669
17741,0.05778934906661656
17742,0.01985565130863202
17743,0.08144580983663312
17744,0.016992633524729666
17745,1.0
17746,0.19313754629281057
17747,0.1747568802485289
17748,0.06952578583696
17749,0.03062941706482792
17750,0.04067050343896161
17751,0.18670961051217042
17752,0.06161169527979689
17753,1.0
17754,0.06320132229491358
17755,0.1531507017380719
17756,0.18973371260727467
17757,0.01461128998037032
17758,1.0
17759,0.13128086424954957
17760,1.0
17761,0.1526989135269941
17762,0.3707761064484603
17763,0.11688248703893703
17764,0.3728287310665865
17765,0.08185024121501949
17766,0.02131227913312355
17767,0.4858475219962843
17768,0.5329968720059436
17769,0.0979412638676193
17770,0.01479064032719406
17771,0.046443145406829284
17772,0.06082011307316225
17773,0.3208160050454115
17774,0.057623643760997094
17775,0.0524009969276712
17776,0.33267630963930916
17777,0.04581332581291915
17778,0.046628820211251705
17779,1.0
17780,0.016746931629498616
17781,0.6906759105454654
17782,1.0
17783,1.0
17784,0.6779031543919675
17785,1.0
17786,1.0
17787,0.41699396819847295
17788,0.04837349506284007
17789,0.19068016276638902
17790,0.3297897848797662
17791,0.059115481089527244
17792,1.0
17793,0.23086548028193116
17794,0.04096219435011574
17795,0.11635639060228582
17796,1.0
17797,1.0
17798,0.013519599055058932
17799,1.0
17800,1.0
17801,0.0368361015816319
17802,1.0
17803,0.42436076371607756
17804,0.048361847702597015
17805,0.3124952084698507
17806,0.1536349806479377
17807,0.08809232380141323
17808,0.698498511368584
17809,0.06699175422789222
17810,0.45490866882336983
17811,0.10504098435248281
17812,0.11181315618734868
17813,1.0
17814,0.020204400913422713
17815,0.2566106282087038
17816,0.9940392192472136
17817,1.0
17818,0.05407260007739356
17819,0.029683435370883082
17820,0.09575911751693982
17821,1.0
17822,0.04444122275255925
17823,0.19835297872012864
17824,1.0
17825,0.9990751269944385
17826,0.11846826082156563
17827,1.0
17828,0.09814617343625033
17829,0.12783850676970532
17830,0.8857998719057846
17831,0.5297982901204973
17832,0.10914573667303056
17833,0.04981419908494528
17834,0.035932412008707545
17835,0.024403106974918896
17836,0.2885186994680708
17837,1.0
17838,0.1830263353085353
17839,0.18086952950518828
17840,0.02551065701413956
17841,0.5794295697089945
17842,0.021902272375772736
17843,0.01420541608177869
17844,0.10371168215265805
17845,0.9981187715095893
17846,1.0
17847,0.02905655893243037
17848,0.027032630731538516
17849,0.007906122967077366
17850,0.052369380313683676
17851,0.3945948730212315
17852,0.3486401026477018
17853,0.35855894498480495
17854,0.23543818968887698
17855,0.5031565515885721
17856,0.8423106274971442
17857,0.03662901710456783
17858,0.25306953651355335
17859,0.15242104922782804
17860,0.6545976626371176
17861,1.0
17862,1.0
17863,0.5112573757956449
17864,0.04357016327448104
17865,0.03509807161253303
17866,1.0
17867,0.70260685492769
17868,0.6190621231467409
17869,0.5201005611675954
17870,0.09418056895910605
17871,0.039090305244500655
17872,0.07456533775385753
17873,1.0
17874,0.3984891857714994
17875,0.051102258420890445
17876,0.0884917249521588
17877,0.16652186856358836
17878,0.029854896908450293
17879,1.0
17880,0.03402605507736411
17881,0.03002104810837168
17882,1.0
17883,0.07047225227099986
17884,0.05650154198364631
17885,0.20514327245757719
17886,0.4612140061039236
17887,0.15571158674344432
17888,1.0
17889,0.11781924115098613
17890,0.020839245387619727
17891,0.04146791975161645
17892,0.6409146548468522
17893,1.0
17894,0.15614563786599564
17895,0.2583879962576232
17896,0.31875496089591476
17897,0.02007693056828913
17898,0.7610179678983978
17899,0.07138091132059717
17900,0.03262444274440007
17901,1.0
17902,0.3224254372906999
17903,0.10284793892697468
17904,0.049801168023175156
17905,0.06218677130500927
17906,0.023762988647578066
17907,0.07947986963775647
17908,0.2111034041375031
17909,0.01331969033599682
17910,0.10430905395558046
17911,1.0
17912,1.0
17913,0.04585645701775542
17914,1.0
17915,1.0
17916,0.10074758577665083
17917,1.0
17918,0.034839274726329736
17919,0.016057479039856465
17920,0.47304223170939746
17921,0.13092157438585617
17922,0.034303064323058116
17923,0.09319660124765246
17924,0.019173870863069452
17925,0.12477428409827707
17926,0.11222967870263902
17927,1.0
17928,0.9882700496824575
17929,0.05607374579709215
17930,0.9247238199287474
17931,0.035081687585704166
17932,0.2322364230059444
17933,0.058365280274177145
17934,0.22373607708667467
17935,0.2518420449185268
17936,0.024438523824327006
17937,0.035679390589155535
17938,0.7259541658574761
17939,0.03874847742796026
17940,0.1443544904769619
17941,0.16062377241975345
17942,0.39816199342522485
17943,0.020188961937307626
17944,0.04261423953115167
17945,0.13997882910112208
17946,0.04851396958753271
17947,1.0
17948,0.08750126925971137
17949,0.08636432906789251
17950,0.2130904570441792
17951,0.04064431002293543
17952,0.153479108716127
17953,0.06070979549307828
17954,0.21004044603761354
17955,1.0
17956,1.0
17957,0.04264063525479207
17958,0.12676000923956468
17959,1.0
17960,0.04771679068662173
17961,0.06229824750591444
17962,0.01821373903061846
17963,0.061536381576959856
17964,0.08819743388344364
17965,0.2933761806407922
17966,0.05499484324696927
17967,0.05571429054692215
17968,0.19565036295860086
17969,0.11207621749691268
17970,1.0
17971,0.041367299974890026
17972,1.0
17973,0.07341418419554764
17974,1.0
17975,1.0
17976,0.09703871185114013
17977,0.23344200807323565
17978,0.04067941133825633
17979,0.045138643657876155
17980,1.0
17981,0.07474370471067499
17982,0.012037875346860556
17983,0.03428933905079295
17984,0.09774094059084722
17985,0.07439692032414447
17986,0.011964455597144402
17987,0.0833848790315116
17988,0.15271615037243425
17989,0.07472056929450402
17990,0.16041875191248522
17991,0.22365815948593956
17992,1.0
17993,0.06288414371469105
17994,0.031309270474910174
17995,0.0345659420650421
17996,0.03761505867035791
17997,0.03208552956793509
17998,0.0910864823650331
17999,0.030871494178608037
18000,1.0
18001,0.04251871827225404
18002,0.18756781349971288
18003,0.9645976120627368
18004,0.030976492822508542
18005,0.9893614100787423
18006,0.08128801420234874
18007,1.0
18008,0.3002078018348891
18009,0.13298514705292697
18010,0.9997654365932336
18011,0.053150134605338295
18012,0.03036553693641694
18013,0.07157216563804056
18014,0.05159743135631028
18015,0.049102593432655654
18016,0.14059323837686674
18017,1.0
18018,0.15936384094889844
18019,0.039671618617576655
18020,1.0
18021,0.055267066341969505
18022,1.0
18023,1.0
18024,1.0
18025,0.06642791760227149
18026,1.0
18027,0.12731370518113366
18028,0.21370309566170972
18029,0.21135315282956849
18030,0.2712760507461052
18031,0.13558157959569703
18032,0.42258038612690313
18033,0.5061191528860498
18034,0.18792294011496252
18035,1.0
18036,0.13922860458514505
18037,0.04372236932015173
18038,0.22365382003493794
18039,0.21853809494931736
18040,0.2525905926694282
18041,0.0483374626426797
18042,0.08709088777839084
18043,1.0
18044,0.05769796013760434
18045,0.09936170224649632
18046,0.026613905157439926
18047,0.047767006593115266
18048,1.0
18049,0.22263710744340232
18050,0.04073378703007324
18051,0.02683090326474172
18052,1.0
18053,0.3601716842865474
18054,0.10879530424406804
18055,0.053903531726159325
18056,0.1089343610412745
18057,0.523093800155304
18058,0.12346113425926597
18059,0.22329395890657103
18060,0.058483594563178046
18061,0.11435634501042209
18062,0.10643174858565757
18063,0.027754324889843925
18064,0.2783802913943212
18065,0.15650027781207815
18066,0.16740695902960392
18067,0.12327677822613668
18068,0.08438168217676104
18069,0.0739019534551969
18070,0.15674244392855796
18071,0.050518176082429145
18072,1.0
18073,0.9999999999999805
18074,0.11799419285780052
18075,0.045299205002493
18076,0.3098058984781516
18077,0.1395001378813286
18078,0.2200275284111562
18079,0.05690811584692797
18080,1.0
18081,0.012536228747376801
18082,1.0
18083,0.10932991613417431
