1,0.9324623408745474
2,0.8988291459905023
3,0.005352001898112536
4,0.0037539067795109996
5,0.2810902668137055
6,0.01903315814553268
7,0.00839554581945643
8,0.006794621146394071
9,0.04945275859983996
10,0.5146416806681856
11,0.3970445380856754
12,0.7089095794608864
13,0.664808775460453
14,0.11664150960836187
15,0.011640691348588509
16,0.5599172864958267
17,0.3846361065180802
18,0.006543879894055873
19,0.036026870621324654
20,0.014045651321388127
21,0.03782943568001982
22,0.027608776000622687
23,0.008874971381495724
24,0.0966454965633786
25,0.009833222886745185
26,0.361276022518052
27,0.3671351364108846
28,0.010817308316896737
29,0.02776581814748775
30,0.00452760285293302
31,0.003923673871003612
32,0.007918311735847871
33,0.030577099936984625
34,0.007839886869379422
35,0.5496197420908937
36,0.09710040534426624
37,0.020233277300453816
38,0.008328341567068364
39,0.13711943433302587
40,0.03129737391733471
41,0.6929640418639872
42,0.46190090271383233
43,0.15318213492940125
44,0.864724341213521
45,0.9178510211687776
46,0.10861642188138537
47,0.6628797746015405
48,0.030220660634392535
49,0.013893691653227062
50,0.5247764136193088
51,0.5914131705343854
52,0.156450587897634
53,0.1309970329983769
54,0.004913882793977107
55,0.28386259153319887
56,0.7132509761695902
57,0.01145401206657187
58,0.15294804446899213
59,0.003479117771906299
60,0.006456508269145244
61,0.2700280258872585
62,0.9201350296707074
63,0.009499568584330863
64,0.5569340498840967
65,0.10953403029811327
66,0.08847119651095697
67,0.5584172227178118
68,0.00442775483785835
69,0.8224928815046825
70,0.27225414876057613
71,0.01430279670548021
72,0.570354374427742
73,0.10595809372381387
74,0.010146216907729025
75,0.01630956489704353
76,0.8604564918319915
77,0.8157176994060948
78,0.020245144052865958
79,0.0631376740290482
80,0.35575143283724286
81,0.7331375250149281
82,0.13446023959023012
83,0.05145729775198904
84,0.3374497438439362
85,0.05008878347351592
86,0.005640383488926381
87,0.6438562687914899
88,0.06797846591968044
89,0.06008199691705928
90,0.6986325926579228
91,0.003703296645514199
92,0.7067638678397994
93,0.10430975075069182
94,0.0056995095207883935
95,0.738633833709591
96,0.018681082148846583
97,0.040584132974173064
98,0.06878928827675468
99,0.007583726063737883
100,0.0510961604227188
101,0.010772825825806742
102,0.04068798142725538
103,0.8857761004483098
104,0.004215143869202831
105,0.07226785243326737
106,0.18427709034011386
107,0.5362448412555681
108,0.8335654247255171
109,0.5836271673064307
110,0.007373875591546109
111,0.005013198689659455
112,0.012763326934248522
113,0.26514896606446975
114,0.5065531741574338
115,0.30176866894156684
116,0.7139098743735077
117,0.12956772778670006
118,0.10578708404623753
119,0.0064404531359003895
120,0.009244804807428245
121,0.21679010612263666
122,0.006804621003867367
123,0.7235648147464188
124,0.011875480953661024
125,0.00477585249428734
126,0.23497850632057604
127,0.1545437347009386
128,0.3838448169877391
129,0.009902832728292121
130,0.004376685383996316
131,0.006306516028711636
132,0.8083582204172313
133,0.7639412265030991
134,0.8164768114104328
135,0.29814646998194183
136,0.012301108393997812
137,0.00524686661566339
138,0.0026393159615027556
139,0.04215692410894396
140,0.7237311341604107
141,0.7547502417523269
142,0.16480250683835013
143,0.07515845697719986
144,0.042977996592563336
145,0.3337313444737518
146,0.004545183882520669
147,0.014836617169149486
148,0.8600302972706755
149,0.4299753661404776
150,0.0367670208680434
151,0.5968039034604615
152,0.7668021210645286
153,0.0720810171832643
154,0.515582651086066
155,0.015985028891618465
156,0.11860607272477396
157,0.0852729418152916
158,0.5230511937146515
159,0.6163154575649776
160,0.1260914845874416
161,0.00239722535455756
162,0.05600970868174952
163,0.0030048431896606653
164,0.8314834034958326
165,0.0057446978035849815
166,0.0071792511247823106
167,0.8303179357885612
168,0.9130657774539681
169,0.07264581797211019
170,0.015572968526742541
171,0.016045569761963436
172,0.007476795730918258
173,0.003793220747977114
174,0.012904457795759203
175,0.003538299672362298
176,0.08539849141030104
177,0.7041112602809139
178,0.6868848290825246
179,0.2035455626638799
180,0.6616645522935294
181,0.03497836167653687
182,0.004765733868211145
183,0.9077019385661198
184,0.7860033472613257
185,0.02661197328960818
186,0.003318217986739225
187,0.006004098587021329
188,0.6069674364194363
189,0.01832448408232234
190,0.822559232037672
191,0.5229455550786978
192,0.13351209330780003
193,0.31493848635552385
194,0.008857954510477502
195,0.04849121189935946
196,0.005196369800088444
197,0.060386455046611186
198,0.0026735279345688084
199,0.03737387640510067
200,0.005230505709003176
201,0.003237978514167136
202,0.23535239808622205
203,0.013756845515433172
204,0.021191747216771008
205,0.006333656232920297
206,0.003795044161874929
207,0.011338362611256952
208,0.05169345586734105
209,0.6892130333660862
210,0.09129306668927022
211,0.03717820376079228
212,0.755799523430917
213,0.22668517500291038
214,0.011547664683659057
215,0.035791374455864264
216,0.08740310023931883
217,0.05786947074334962
218,0.6946843681148256
219,0.8911464807145711
220,0.02298421079429681
221,0.004918666755642846
222,0.0018865253338769983
223,0.7587326188627741
224,0.03012157978307139
225,0.08624969822059371
226,0.8156275459994062
227,0.6739073867093455
228,0.009449218826230421
229,0.8697789670690798
230,0.03678645088138971
231,0.3386001731237082
232,0.0069198740529732225
233,0.06179895041764844
234,0.00514765252664461
235,0.003041100210637188
236,0.8872248417222948
237,0.011226212574624628
238,0.008243156704015044
239,0.010852568914223823
240,0.02399027238899395
241,0.7991024391372978
242,0.06570810344741859
243,0.05678696762461627
244,0.006044064676860729
245,0.022224247179367346
246,0.9548740438940418
247,0.20037552618316162
248,0.5984568928582896
249,0.33698280033439143
250,0.1216822896193748
251,0.003638452290980626
252,0.9021112356371153
253,0.007197658251065139
254,0.13852864500738477
255,0.875567791214273
256,0.012635796933619471
257,0.35426641699568484
258,0.052190671773218004
259,0.7771780296392272
260,0.4825855672839763
261,0.0036810396296040023
262,0.7651506978500027
263,0.4115387012659578
264,0.0033418899057487154
265,0.029062666896719148
266,0.005077992743905619
267,0.03748963641832229
268,0.05333880693357432
269,0.007347167880378596
270,0.013991125216609918
271,0.002745885273935129
272,0.01447028037701658
273,0.8303474267119964
274,0.10079788053880247
275,0.0056004081232586015
276,0.006204604274012909
277,0.7905898139865482
278,0.4757085229464174
279,0.03577041769260991
280,0.4031886909236898
281,0.008482975790802419
282,0.9166382484887265
283,0.03600766705566901
284,0.12753688328973714
285,0.8610661830262333
286,0.7075295991761743
287,0.005484162609095284
288,0.009139165795747726
289,0.08849014052058014
290,0.009128111868875726
291,0.001849576889397673
292,0.03566327167673118
293,0.013240867425906631
294,0.010491006819809865
295,0.006997619476206428
296,0.10235254951348599
297,0.009417730053571811
298,0.056088573525754956
299,0.3322998829292192
300,0.5122847092406815
301,0.9470409778101394
302,0.08689015140096543
303,0.0033216868593645694
304,0.0057375464999872335
305,0.8092836170016798
306,0.5256705560976255
307,0.0026543596390732516
308,0.7024945064733845
309,0.6022211661975102
310,0.07441103864706257
311,0.11402636357889835
312,0.2751885097065856
313,0.012696824293013699
314,0.0069774063662674446
315,0.013875486140501232
316,0.4916680519422503
317,0.038748165181769656
318,0.006605884989372211
319,0.2677081075488522
320,0.012064678539456294
321,0.0019329311148951263
322,0.006939401549736672
323,0.3613196537543388
324,0.03858192656374882
325,0.005366309058679514
326,0.038783419318759435
327,0.003198406036133125
328,0.008076018441292687
329,0.04300880253376389
330,0.0042319392194019685
331,0.00331412254814148
332,0.012338402706954755
333,0.3431427546984442
334,0.20414669020414788
335,0.6222458325077641
336,0.014001381451595681
337,0.13007888192462674
338,0.7178046761882434
339,0.033502998506589124
340,0.003224056681799995
341,0.005854578847352422
342,0.003755027985722476
343,0.00590056298081414
344,0.3605558382299823
345,0.0069251004191660725
346,0.008710257108200616
347,0.026368170939618973
348,0.22416346410942434
349,0.3874162173235516
350,0.1882459396098721
351,0.026833013817978434
352,0.020438072457311093
353,0.005894631192286282
354,0.024553393119596745
355,0.020879432786555147
356,0.48666018989053933
357,0.02336634926033064
358,0.020032534527285536
359,0.010420851009557927
360,0.036279541189732846
361,0.01618732006764242
362,0.007990248195680904
363,0.7290393269836293
364,0.919562796440947
365,0.0036945837182806064
366,0.7988923854049791
367,0.5122667531352945
368,0.010681553578561407
369,0.015000656060393096
370,0.03155340258250385
371,0.006383513146875841
372,0.5649988558588852
373,0.08971489468379684
374,0.14985197448740922
375,0.5605417183251846
376,0.8777398005859998
377,0.006104030630307363
378,0.0065324222663829005
379,0.17777206693446101
380,0.016784619825938603
381,0.05365779349918204
382,0.8413901743685746
383,0.012175207208561939
384,0.002535343969576542
385,0.12183856795263087
386,0.9267927065999815
387,0.16999682433484645
388,0.004790126200847515
389,0.02773613274793
390,0.5721809059136113
391,0.0876623026804509
392,0.007315848553123916
393,0.03311607358101424
394,0.0033916501252313417
395,0.1579180046321306
396,0.009354077624195361
397,0.016655478655233473
398,0.33679783263378754
399,0.00377163564944956
400,0.003588553143604872
401,0.00775445904120058
402,0.8722450647085098
403,0.21481049585569292
404,0.0099894765815919
405,0.3376828614095042
406,0.0029402669336385566
407,0.8170313927057221
408,0.027317711380573904
409,0.17293719532755722
410,0.009752052827512544
411,0.8720289176533114
412,0.07734436461958992
413,0.3677999512008335
414,0.0068638756562980855
415,0.8393067677583593
416,0.33815446473852095
417,0.6722114819307882
418,0.9393902746406922
419,0.006756852431406284
420,0.009799905557816468
421,0.03630799936936254
422,0.025730620939259537
423,0.013558187246493294
424,0.011953217337425225
425,0.022041787374509236
426,0.10316788305186211
427,0.06210299444578389
428,0.7727468956403125
429,0.010025613727579702
430,0.9108427804515719
431,0.08441928668012671
432,0.005232514582466852
433,0.5110490732625209
434,0.9232111766541501
435,0.5108354706183386
436,0.02807166005994679
437,0.010981013890488169
438,0.3461011213063838
439,0.03534872290169587
440,0.037422826782090204
441,0.04650001568412028
442,0.022391845499934192
443,0.022466756970842838
444,0.03725125854184263
445,0.014396180938046645
446,0.015120989483425287
447,0.006502919386542823
448,0.005567592389945018
449,0.07630992210763865
450,0.06722064204727914
451,0.0016169296793983824
452,0.9634851074067989
453,0.01913076270891304
454,0.0095062277633966
455,0.09116316145227574
456,0.010371821705890242
457,0.04104144382216937
458,0.048825178087350415
459,0.03309038525358193
460,0.9530769040878464
461,0.015416366873570342
462,0.015313756756320272
463,0.12754645487958186
464,0.010606060456793805
465,0.0029679821738659443
466,0.03412847399598743
467,0.0050523200358701635
468,0.03013297580649252
469,0.06037822366384221
470,0.0025169188025266527
471,0.009331517796721625
472,0.006592902597474183
473,0.20471198548097796
474,0.6604231855883242
475,0.001279918756192452
476,0.18847054837206423
477,0.09412152202432778
478,0.8105223258486705
479,0.4433364677688802
480,0.3635497440678442
481,0.002875278599385544
482,0.5498111056583624
483,0.01635215761741032
484,0.03111310221014806
485,0.01121971151032872
486,0.004074247939129035
487,0.14101948743394851
488,0.002097684921309386
489,0.0026815346016768556
490,0.004764266656119852
491,0.8330381011648575
492,0.05052476641888481
493,0.006359825554690945
494,0.010911713218833914
495,0.3614778530104499
496,0.8380653671797884
497,0.003088013364607331
498,0.04642897839179064
499,0.045908124862045346
500,0.020745385591294668
501,0.7319735018022062
502,0.026474973890187423
503,0.46746637723912077
504,0.8154510104351426
505,0.004192356779410692
506,0.1443241647576379
507,0.005233512810766034
508,0.6785324647053996
509,0.028155374926822286
510,0.0028138156449729057
511,0.5655357040989001
512,0.8640844836365432
513,0.005293685397651027
514,0.003734101509394038
515,0.0029914644934299593
516,0.0050589916242367436
517,0.003583076035002553
518,0.011959911285541044
519,0.11532043784580237
520,0.014738522760934564
521,0.002934647966706899
522,0.32876155346410074
523,0.5781782700322553
524,0.012442156491865536
525,0.005928994294262687
526,0.9366721563794974
527,0.7584243573048656
528,0.25934275409581375
529,0.05748288617501517
530,0.800489181581832
531,0.1398097515263739
532,0.01687555996574702
533,0.16291885572297224
534,0.1090454557913864
535,0.016579826107365976
536,0.2769015340133397
537,0.3007750698296569
538,0.34923440808561307
539,0.0077082429327800005
540,0.456359834945831
541,0.06998314784289174
542,0.10420655957951813
543,0.6058945234455362
544,0.7956799851732694
545,0.497277051798544
546,0.28880027926616353
547,0.07045844517017419
548,0.00436101871203933
549,0.0032520041743271124
550,0.007007789641297158
551,0.12403552324690605
552,0.10392093113153066
553,0.5976616055875226
554,0.01237755664082276
555,0.007965491428116152
556,0.23258626847074326
557,0.040997718633265304
558,0.0025013256238560146
559,0.07173354507863795
560,0.8005113675278063
561,0.011987820094981637
562,0.261295558622285
563,0.009552767429034681
564,0.5432753860617134
565,0.010922256938926721
566,0.009555652682965253
567,0.5274978129091471
568,0.03704310555693709
569,0.007942626454768065
570,0.6473578923637142
571,0.004416926664695241
572,0.8152615507850297
573,0.33284234253124284
574,0.3297719289866312
575,0.6374084612001444
576,0.010000455337174672
577,0.7921336422266103
578,0.5517621357781443
579,0.03621924778855598
580,0.8340808324621956
581,0.0025129189315336226
582,0.10291762112997882
583,0.8057455668908051
584,0.0801232020722631
585,0.008941299898833716
586,0.0030821945662707633
587,0.00415228642055773
588,0.6912390621813238
589,0.7337808708116567
590,0.9253224756822864
591,0.008758413356193914
592,0.4282486293871695
593,0.020506867474324408
594,0.06102640772127873
595,0.773792029862282
596,0.012647440112472206
597,0.04141625780924686
598,0.004987060846655475
599,0.004808830308060193
600,0.1058525973646045
601,0.8657197934709251
602,0.02730535561665521
603,0.9356083424535689
604,0.8398271248344593
605,0.010801542975529887
606,0.5366557017062847
607,0.0720641519696563
608,0.00338554085298292
609,0.2936601897014649
610,0.7150743630295334
611,0.6738539512509024
612,0.005960032842765445
613,0.004615005711190168
614,0.022976097186922458
615,0.8708720216077057
616,0.003026880252942582
617,0.7123822101678616
618,0.5453799403121736
619,0.25181174045416777
620,0.006064028538411701
621,0.09005565392657622
622,0.8477054292894803
623,0.011087696008918032
624,0.915803782918133
625,0.022847831239771726
626,0.009612468850623319
627,0.10030800816407306
628,0.018663994768349554
629,0.020248453564352623
630,0.003953665958551086
631,0.6673074761505583
632,0.009698268334524394
633,0.9239232000364485
634,0.0021509950371817904
635,0.036697597470941166
636,0.08061865342257252
637,0.09457492895288189
638,0.9311417972617003
639,0.6846303811395332
640,0.0740685756795266
641,0.025848935611715407
642,0.004823433653472521
643,0.006055808611561931
644,0.02749531270256368
645,0.25758194953880303
646,0.02214846142941833
647,0.21031149855805692
648,0.3497730985537724
649,0.5833327646099129
650,0.230379482883388
651,0.019248304558079573
652,0.4884489077733488
653,0.026786077540403
654,0.0023714740059680803
655,0.46669483787977273
656,0.030155624798355908
657,0.006939850146993157
658,0.021975869194082842
659,0.004380342906170906
660,0.835686610352901
661,0.010183405021906252
662,0.6201730467201085
663,0.0016496633372076709
664,0.7747081030017868
665,0.02560512021459098
666,0.6803363249888246
667,0.024347692595694893
668,0.3007717256168249
669,0.004868632558841833
670,0.010498114525679681
671,0.007172086630476892
672,0.0011782908823744953
673,0.02122030679675477
674,0.47473436199045693
675,0.005006445382915729
676,0.006227320607177774
677,0.004392311263446789
678,0.020101502684590697
679,0.08671839794670876
680,0.9391627830271873
681,0.010378693345975798
682,0.8381647082010781
683,0.01843974905730646
684,0.06333511100248322
685,0.005449229554139972
686,0.5222213863639417
687,0.006447847280767789
688,0.06552591670599998
689,0.007143563070945174
690,0.8566047959336923
691,0.9002971644614193
692,0.008203028675659746
693,0.7461917965851163
694,0.827876401524331
695,0.9309787352312169
696,0.02278464508593629
697,0.21592892102321642
698,0.03169831652084312
699,0.03838560183210284
700,0.00627003585093422
701,0.004257713020407859
702,0.061949496447958996
703,0.0055133452477343645
704,0.022347317289815778
705,0.02255599012345596
706,0.017118868970371844
707,0.006111780752805618
708,0.8099312445087175
709,0.6625295398945859
710,0.03031021525145001
711,0.8664166443974379
712,0.21421226289801198
713,0.243905143924806
714,0.8737657542377997
715,0.009456152717251667
716,0.19348615307523154
717,0.019965406379881225
718,0.015042761714087057
719,0.09799982143113722
720,0.5304782472814824
721,0.015218700683495661
722,0.0488240149256772
723,0.01481377425950066
724,0.0035953414137921383
725,0.007177730406183255
726,0.17890622937262393
727,0.1604091453319657
728,0.9277471962075436
729,0.010603886298061234
730,0.005784548427846062
731,0.010946122449676394
732,0.8784938713530046
733,0.005305547496090964
734,0.2249699478120809
735,0.0044766258127096935
736,0.9120065477445642
737,0.9411485149994865
738,0.024522300505975213
739,0.008091928426709617
740,0.006777387555253018
741,0.36621754727010464
742,0.03821827827992251
743,0.027441010450268668
744,0.03349170153397561
745,0.1882430562160963
746,0.004127602645245192
747,0.0038073026499491377
748,0.009629533920337026
749,0.20708632993560527
750,0.48690396653037504
751,0.03844743729108798
752,0.011542514609477464
753,0.007619980812846471
754,0.04000115105578834
755,0.022472448380062404
756,0.023844440785661385
757,0.01346586461002268
758,0.17224034137627622
759,0.035240154826349186
760,0.1982574075419819
761,0.8569898899580976
762,0.05641897298934934
763,0.3132127060875697
764,0.04847913610893627
765,0.4345304780220131
766,0.03605184556834938
767,0.004060924674660112
768,0.041386514261327466
769,0.028821402069638524
770,0.08437029008990705
771,0.5445275882755084
772,0.0026664820553787922
773,0.8472627502253819
774,0.060238410786336745
775,0.01793003257893134
776,0.009088011031190843
777,0.0032394482423288994
778,0.040844788236868323
779,0.28106452232474743
780,0.21032892249998955
781,0.7219633458423923
782,0.018580694456478485
783,0.029141079827903926
784,0.11137778033973773
785,0.10256730920971244
786,0.06732144087853016
787,0.48613217440110845
788,0.6018054045303788
789,0.26494234562159635
790,0.029107747977174626
791,0.06864478797270411
792,0.01225013119139285
793,0.334814264029106
794,0.8633308005309477
795,0.8580332155928129
796,0.07400287051345962
797,0.015419742776053468
798,0.010490271673014313
799,0.010548015298546067
800,0.015160450087404366
801,0.010667817191386183
802,0.006577295927355659
803,0.019621731806878637
804,0.008413675552598105
805,0.011858931407031778
806,0.005325443381703381
807,0.0031562466067189235
808,0.5155050687477384
809,0.022393081815985063
810,0.0051108230654602176
811,0.1802235526986274
812,0.5574019369178558
813,0.0033676401617543177
814,0.03625418123192056
815,0.07335418194166034
816,0.08037865979050249
817,0.004890589935419362
818,0.44237116082397143
819,0.011356654976565609
820,0.8731336433300521
821,0.014431243383836629
822,0.49015416238685794
823,0.011134341586487186
824,0.009386514716087311
825,0.2866083578930824
826,0.7050214489615613
827,0.0029041061621160745
828,0.7850167323255159
829,0.07540096435205539
830,0.003998960068152705
831,0.8180366068632937
832,0.008990935352145008
833,0.025138558172847752
834,0.6116366929600725
835,0.011982019628382535
836,0.004387796614775871
837,0.42409200919376555
838,0.011053376193275231
839,0.005818276580146607
840,0.02286627478742944
841,0.3588427782650222
842,0.916439960035157
843,0.011464015175107058
844,0.003589573483694969
845,0.007098268128627949
846,0.004734777514568536
847,0.8552472187291107
848,0.8257511425955635
849,0.2791423382482289
850,0.11593123517158667
851,0.03747408480295641
852,0.010349935249271296
853,0.1892932606950999
854,0.8122771559972239
855,0.003587443282174435
856,0.003414868118648324
857,0.0026467244750717593
858,0.00645605414399641
859,0.0184174171214244
860,0.006933383411731514
861,0.010208302652653262
862,0.00616476994089067
863,0.7616809200565942
864,0.13272759002072965
865,0.3907756581050375
866,0.007709685187637578
867,0.013759957944081221
868,0.05350450044369883
869,0.019910007291317835
870,0.4873502855554537
871,0.0651948950864864
872,0.0021334740276027016
873,0.004823595769650987
874,0.6910523331061433
875,0.0038078216852338704
876,0.01011291289782869
877,0.0028629683990424567
878,0.6812307342287147
879,0.0172954168847267
880,0.004140613650477144
881,0.0023985222444876317
882,0.0023579085131296583
883,0.01922528442629512
884,0.011907742271590407
885,0.009376441414528498
886,0.0044708756256952135
887,0.09755288848952196
888,0.20168447706161213
889,0.8732824175804087
890,0.00439836899034086
891,0.008256019317794122
892,0.005989520210274739
893,0.021155629971116603
894,0.008631337909208281
895,0.2661615921436891
896,0.010829358039087805
897,0.0051427376180535386
898,0.00263066656998617
899,0.9456810892561607
900,0.004464052755138788
901,0.039265351560517824
902,0.002235848966200686
903,0.003314119654223827
904,0.002279502907224875
905,0.01858060618507345
906,0.011210376735977348
907,0.053866229725376316
908,0.09181976884770711
909,0.5434309719676632
910,0.00974858066208073
911,0.03298827373268255
912,0.017264892451293718
913,0.18184764924674235
914,0.045050774259309
915,0.9332095356851292
916,0.020125181152943723
917,0.3342274228986603
918,0.7942596153548322
919,0.004056473074691066
920,0.49535405959355683
921,0.051842657690789884
922,0.8612383436822622
923,0.006669567674191611
924,0.012793981403830555
925,0.845012241352828
926,0.27191722224116716
927,0.7322724533253615
928,0.02066668941585961
929,0.8175714537210913
930,0.0040701831748845676
931,0.6037331445424766
932,0.0076077210888219286
933,0.00398306857472874
934,0.09056528046168552
935,0.7939586155256638
936,0.003296975864705221
937,0.0050732861547819995
938,0.06558387847917191
939,0.04873157458698328
940,0.12368668619948457
941,0.0050729443064863634
942,0.014379256992093603
943,0.0028771446998847087
944,0.014411055965130051
945,0.013941589484774444
946,0.5608748878087201
947,0.007013415613142091
948,0.0013957771983194654
949,0.0628153057896106
950,0.7296608734775909
951,0.038426101068116746
952,0.17399958194530438
953,0.20802898621825738
954,0.002342444072402785
955,0.031346508657418816
956,0.19889501675857443
957,0.5227769309403911
958,0.033923599154918146
959,0.03454180341451945
960,0.035376817012445584
961,0.02593066862020007
962,0.7739848890705906
963,0.08181416790450591
964,0.0020010284250839977
965,0.010018406934285276
966,0.8745592124644026
967,0.010474771488337661
968,0.016382339961765392
969,0.04508736310806287
970,0.5198415110208793
971,0.23106574176066538
972,0.7009960675755448
973,0.008954100533519903
974,0.011605563028803563
975,0.01320226721321378
976,0.0037517015123768836
977,0.02385429054010216
978,0.027352638750356973
979,0.003104244695529724
980,0.020790631493635667
981,0.0069812617774748014
982,0.0030350987165920456
983,0.2874522111374298
984,0.00928162557830449
985,0.005131865570197307
986,0.9253739893262725
987,0.01839725371287756
988,0.006010888261400805
989,0.004639976550789721
990,0.00465724885255327
991,0.00423424948099033
992,0.0025320744160370313
993,0.0061876525238152265
994,0.010093342443675733
995,0.019728272311394297
996,0.962735554342669
997,0.46235694106853675
998,0.871453479141721
999,0.05969881910577723
1000,0.7549184659852162
1001,0.014480903923220757
1002,0.19302581265465296
1003,0.010240124937813544
1004,0.06725473829278682
1005,0.18690289500167662
1006,0.47065545023511934
1007,0.06386424952347212
1008,0.014115118833056262
1009,0.008155080721197534
1010,0.20247835554952295
1011,0.006792620177362997
1012,0.003067611258782268
1013,0.8746016611255274
1014,0.01572493927949761
1015,0.017022494373216197
1016,0.7592348349836773
1017,0.11638397391151914
1018,0.7322553424696828
1019,0.005660061027816853
1020,0.013704459231888793
1021,0.4169055005030826
1022,0.0016623056983491467
1023,0.007812359635920893
1024,0.0037803003688801655
1025,0.09217675334033638
1026,0.952228090658527
1027,0.004347303594597376
1028,0.0028462839014685966
1029,0.32903351225987015
1030,0.12317524731141417
1031,0.8977705636215902
1032,0.07258949633868031
1033,0.6757814581464692
1034,0.758394216973727
1035,0.2778456602459666
1036,0.14928561238566826
1037,0.10997795889866037
1038,0.02931857758053323
1039,0.013082619630508262
1040,0.1003795174524621
1041,0.08400635545027538
1042,0.01521281021102524
1043,0.40053691496800437
1044,0.007458286740618425
1045,0.22632727465923505
1046,0.0019456040216239185
1047,0.007725111111304828
1048,0.03243848711133099
1049,0.7860693812103022
1050,0.5675776556133432
1051,0.1088876797517721
1052,0.6860462431686827
1053,0.040135686887666805
1054,0.01653195643859467
1055,0.8265390041318936
1056,0.40558857150051847
1057,0.6593288457107498
1058,0.2102798823680743
1059,0.007648394777418539
1060,0.020834068983354163
1061,0.06905132823334166
1062,0.06149329338944378
1063,0.8281439696013376
1064,0.604705128248468
1065,0.012252866737763659
1066,0.06411207551956692
1067,0.02276632032822318
1068,0.055066544103270644
1069,0.007726555597364325
1070,0.4112385357324248
1071,0.052971142906228216
1072,0.845036413315741
1073,0.007971401123943865
1074,0.023756354148387948
1075,0.1890222607017359
1076,0.8339226308706175
1077,0.7040390799309959
1078,0.003840900787565088
1079,0.1479581971712784
1080,0.015753820988229493
1081,0.36924696189580714
1082,0.01069235106693721
1083,0.8282589867813464
1084,0.1113851492704364
1085,0.0018135535958973732
1086,0.0763298541494998
1087,0.008870357637889738
1088,0.27167052072381365
1089,0.031620550999085284
1090,0.0036458794652585768
1091,0.8783380777784959
1092,0.010760804742438942
1093,0.14686657198243008
1094,0.16239811401670928
1095,0.14456278257128455
1096,0.002805481046438491
1097,0.47789119838578964
1098,0.6325311096661536
1099,0.6826113589541475
1100,0.008722659512245412
1101,0.08721862770967995
1102,0.02406756290269159
1103,0.0130247248749714
1104,0.29174307174233155
1105,0.061552557215828974
1106,0.009923846939034047
1107,0.07937244490928491
1108,0.015750624487975668
1109,0.3311295193054064
1110,0.08493181387908615
1111,0.0034023718879093905
1112,0.002549490880991191
1113,0.2039748488467372
1114,0.11953488558351383
1115,0.4486111273236783
1116,0.022551615394666068
1117,0.9126398676479182
1118,0.7257138595650499
1119,0.017077195910501948
1120,0.03474881781188634
1121,0.17527521320600103
1122,0.004991687337678416
1123,0.052429057335491795
1124,0.13677112475696576
1125,0.7202225596475842
1126,0.9349019118011458
1127,0.5081158437431034
1128,0.047307926101124775
1129,0.02431656873948163
1130,0.22556783227030952
1131,0.5369687301022398
1132,0.07451138608424938
1133,0.2928919700348966
1134,0.0066100692293892555
1135,0.9550283979513114
1136,0.005577735375861495
1137,0.0017418445969798449
1138,0.6790045428425433
1139,0.01129746143394913
1140,0.06767020401187973
1141,0.026601696987765485
1142,0.01091087229006777
1143,0.5353123928854528
1144,0.004910634690630829
1145,0.0027404182771231422
1146,0.0018034915502723522
1147,0.0020933942175872964
1148,0.08181993039503735
1149,0.8175792284446038
1150,0.019124338398928853
1151,0.06799932712834475
1152,0.11282297514076257
1153,0.9144738356184612
1154,0.06562082718197573
1155,0.010001065655878027
1156,0.02925565004808638
1157,0.00673043419819452
1158,0.02696506988054214
1159,0.011238687072977614
1160,0.013499854853675358
1161,0.042223726986645324
1162,0.5785145991426834
1163,0.008568196062739659
1164,0.009079889136292277
1165,0.4093420565913822
1166,0.008029280301578538
1167,0.045737608131025426
1168,0.7733369770367446
1169,0.8306771930439558
1170,0.010226964198794156
1171,0.05097060767496439
1172,0.01592905922086308
1173,0.0081112501923096
1174,0.003398282841344548
1175,0.26078101209890164
1176,0.014071830115382229
1177,0.020148039152808033
1178,0.09092610161972987
1179,0.2877401637237423
1180,0.06899112714351346
1181,0.3671623095781602
1182,0.012905475444828134
1183,0.8444084238035183
1184,0.8686049300889904
1185,0.0027031178790850575
1186,0.7491344018195399
1187,0.003973019870748134
1188,0.0027715835521046075
1189,0.7342515464106075
1190,0.023353537564530465
1191,0.01762341760546256
1192,0.007860765160168962
1193,0.007865226428550176
1194,0.00252598291452746
1195,0.31527340589477154
1196,0.004072877355861609
1197,0.09727950759158523
1198,0.010969178508089625
1199,0.9172433086179799
1200,0.0866599876880247
1201,0.013585016376133538
1202,0.011553773898476767
1203,0.8344715328390989
1204,0.39297833793436154
1205,0.05195992055941079
1206,0.0063123273340603275
1207,0.06961857980839127
1208,0.014262765184748416
1209,0.00861738546452959
1210,0.7907056489097816
1211,0.8078786579439768
1212,0.5290430485610389
1213,0.6005777711774339
1214,0.017108069285470137
1215,0.03337483488728228
1216,0.21220170948593817
1217,0.13262312280775151
1218,0.024554899425105175
1219,0.2872694130075809
1220,0.003964136971191974
1221,0.7009049232567967
1222,0.007399599647775556
1223,0.009243504046711136
1224,0.03595728197890773
1225,0.02412445681590404
1226,0.04397961203347383
1227,0.009131348222732137
1228,0.0179985544270233
1229,0.026628442413985667
1230,0.0017887166841246364
1231,0.19654482213527308
1232,0.09248933929339286
1233,0.6114285091500703
1234,0.4973150829100818
1235,0.10847177126304791
1236,0.0037463019060645446
1237,0.01129558752035326
1238,0.0039541761543874145
1239,0.01316928653069813
1240,0.841938917561191
1241,0.01134375321129715
1242,0.003801035973768903
1243,0.025457989565665525
1244,0.39893823851003235
1245,0.8991727041918092
1246,0.004293785547361829
1247,0.015369489121011388
1248,0.8574489374577257
1249,0.2569132385627641
1250,0.14324773390241313
1251,0.7654364681208423
1252,0.030052845146500935
1253,0.06244901417891442
1254,0.936662953915489
1255,0.01686815547845334
1256,0.00898448800969344
1257,0.09973592755381731
1258,0.003434507807228376
1259,0.0025908538508203445
1260,0.002666902254972627
1261,0.005358242174641114
1262,0.008407343328642949
1263,0.2930493257000657
1264,0.2514753575074978
1265,0.38296739862715484
1266,0.011048072618159363
1267,0.017432352134283593
1268,0.0025786647426569603
1269,0.0061202600165507345
1270,0.033483165237776974
1271,0.588259478632741
1272,0.03693888783991277
1273,0.02168804785764178
1274,0.007694521326891547
1275,0.1777399837336271
1276,0.6929719474421203
1277,0.020968021828582654
1278,0.022852279167809405
1279,0.005839475162855604
1280,0.0050553342361970175
1281,0.027321235064244026
1282,0.4366790277761427
1283,0.030154147959556548
1284,0.0041465687583275256
1285,0.005397158488890195
1286,0.07475961310908935
1287,0.8416346250159534
1288,0.010390497506670412
1289,0.22955889197809576
1290,0.008802109072911842
1291,0.3037622799218824
1292,0.4690358830517541
1293,0.004475662756290009
1294,0.01672139640214942
1295,0.04637725025199156
1296,0.003644477735414205
1297,0.038543590177793983
1298,0.04481181288318143
1299,0.5266152254731026
1300,0.03553215530203716
1301,0.02887704607272651
1302,0.01482710758445415
1303,0.0036715816300800243
1304,0.0043173584178522574
1305,0.054947437518431896
1306,0.892921689315941
1307,0.6062367527677404
1308,0.8595814632330736
1309,0.9017660653002071
1310,0.004338277366185197
1311,0.9297524820405016
1312,0.025741971795985405
1313,0.30136063558022225
1314,0.10906863441682932
1315,0.03979025423807428
1316,0.09984643902931614
1317,0.9566465343096354
1318,0.017317973784629567
1319,0.011452772573155768
1320,0.7539319388089576
1321,0.3379160207156305
1322,0.8859649770559124
1323,0.003852515332736442
1324,0.01050621602321426
1325,0.009071989419296307
1326,0.0053389466255297485
1327,0.8379305245494799
1328,0.040452473901431696
1329,0.9186196088400582
1330,0.016512862651127082
1331,0.004266745257529155
1332,0.005920204742138748
1333,0.06641989555289793
1334,0.012313524378246076
1335,0.8688810982354354
1336,0.00858895841680055
1337,0.09857351936469595
1338,0.1506236570038359
1339,0.33192051057474614
1340,0.0046148132057698835
1341,0.09401458870889601
1342,0.011660213866436607
1343,0.010931781823651185
1344,0.00792124854662111
1345,0.011828317771695155
1346,0.005646960842560772
1347,0.006765500325532539
1348,0.18597205401393752
1349,0.9048747957281953
1350,0.004263221523207852
1351,0.05415751422512715
1352,0.006961415878239626
1353,0.03491480879206432
1354,0.9002077201379991
1355,0.11071335398800534
1356,0.10715532126617054
1357,0.08475056708525516
1358,0.27407227068432544
1359,0.7207495585690545
1360,0.004087924361978303
1361,0.8366130658042689
1362,0.8490195658923733
1363,0.186338002167313
1364,0.0031016222454652875
1365,0.027850965619002684
1366,0.006742282324165619
1367,0.6446346254943558
1368,0.007385143934769295
1369,0.011843560515363042
1370,0.48226545717676883
1371,0.01836559695022636
1372,0.6209448507023172
1373,0.3010310573802169
1374,0.00807279965670387
1375,0.005257751104542578
1376,0.3195002680614975
1377,0.9397582314448958
1378,0.002000022741974202
1379,0.02507889271847175
1380,0.0055840758348302535
1381,0.01677370275334573
1382,0.044319330094639016
1383,0.015964702460250096
1384,0.03407516996948617
1385,0.00869835242600874
1386,0.6463770648901586
1387,0.14984721073243396
1388,0.8606564207939
1389,0.005213958383488162
1390,0.03743499022155741
1391,0.10649401841062249
1392,0.4904134904265187
1393,0.0037481601199336172
1394,0.0028754065295600486
1395,0.3483787373299
1396,0.0021826765793965175
1397,0.9445253227272059
1398,0.05755930891190783
1399,0.7572007434234009
1400,0.00784259243154141
1401,0.03449349175751795
1402,0.8913590957892905
1403,0.05028213101085655
1404,0.7557807214111214
1405,0.8008778202049227
1406,0.033870770185629145
1407,0.004387636128204165
1408,0.005223107562591336
1409,0.023646627429258715
1410,0.02269361617388478
1411,0.7651527788524253
1412,0.013148913400965386
1413,0.016150032766486647
1414,0.6156959954392829
1415,0.0820678272916372
1416,0.21342652151933264
1417,0.08766913211458043
1418,0.8651025628162137
1419,0.029491266423770514
1420,0.014278901213735333
1421,0.0044907351966385345
1422,0.8674842742814926
1423,0.06745129006481097
1424,0.056657926262082096
1425,0.1761230705207925
1426,0.7625159251906648
1427,0.8945211313211189
1428,0.12546793145103927
1429,0.0021447153261582204
1430,0.01379661208434249
1431,0.0031195768132672302
1432,0.8377863087624684
1433,0.018196458087819424
1434,0.0052422470347721906
1435,0.9072748437762244
1436,0.10538363977973171
1437,0.0037700567650850833
1438,0.01855753806536346
1439,0.07978366180822605
1440,0.02145870563172424
1441,0.003685611219025286
1442,0.39372756463527175
1443,0.04647460905556925
1444,0.07258016320605261
1445,0.003465218729419435
1446,0.048319228797355965
1447,0.056061752094773196
1448,0.2859804857216113
1449,0.005395213433784005
1450,0.01867621942502898
1451,0.01134366568182382
1452,0.002396143987094523
1453,0.07953648080665675
1454,0.10033629922567437
1455,0.008132823679578518
1456,0.008927174512740606
1457,0.609707426072196
1458,0.056200039218030635
1459,0.08069714683826715
1460,0.026873866568170927
1461,0.7507134873413688
1462,0.09359661770522258
1463,0.9543918181932963
1464,0.058917526921132723
1465,0.11477558061193567
1466,0.9093993480832635
1467,0.05240093705887808
1468,0.6159591733247888
1469,0.02547771043464252
1470,0.010593536455265807
1471,0.0035603014454589433
1472,0.024038878475513965
1473,0.0046080899893569515
1474,0.8956720119854127
1475,0.021435460446896006
1476,0.6751561281715437
1477,0.6216062506454588
1478,0.5795890869508212
1479,0.020345449447939097
1480,0.00924884950159752
1481,0.11530993819858111
1482,0.011467270195447318
1483,0.02307507640226708
1484,0.02602346496764319
1485,0.008496035841002208
1486,0.003193039093326741
1487,0.008516193183145957
1488,0.009499586113518935
1489,0.014861209978948164
1490,0.006751579167520786
1491,0.39738980283651626
1492,0.7897107734024259
1493,0.006357363420381999
1494,0.1753230424632671
1495,0.07585606147270159
1496,0.06045720238732677
1497,0.004033926917062142
1498,0.01693893294812671
1499,0.35038387166176344
1500,0.04803528885651282
1501,0.24069660540178517
1502,0.14507541010594827
1503,0.4270932805405007
1504,0.009343934206875817
1505,0.06966235449865725
1506,0.008696342643939108
1507,0.03068450475912341
1508,0.08306218991697999
1509,0.01667332050380877
1510,0.0062622868881740765
1511,0.037218663001825775
1512,0.4215838668731374
1513,0.01770551621094807
1514,0.08028963826056383
1515,0.022583992542796714
1516,0.007999549235445103
1517,0.018232409223572173
1518,0.01192587701417064
1519,0.7130012893403945
1520,0.007655908267792201
1521,0.4387398168736577
1522,0.08641192478405171
1523,0.006172706459498359
1524,0.7690203367647039
1525,0.9438355495602759
1526,0.033173494970682095
1527,0.059616376708733244
1528,0.010626477696328405
1529,0.9256901409946491
1530,0.10854359529324609
1531,0.006457477084498523
1532,0.009083286284296596
1533,0.012361299638435365
1534,0.8963473192245719
1535,0.847267590946867
1536,0.04271536628909215
1537,0.0078061906543661795
1538,0.02522702911126884
1539,0.012697979044929836
1540,0.5687847448623885
1541,0.005283096406914359
1542,0.1284927431053288
1543,0.46868401904502116
1544,0.05428175067626574
1545,0.009214024470575854
1546,0.0855840942216637
1547,0.1466834716729764
1548,0.8368365158253326
1549,0.6254391785248453
1550,0.0024355147540231947
1551,0.009931611005525268
1552,0.13750532185704034
1553,0.11879078210461945
1554,0.8982048831866858
1555,0.008058690028912345
1556,0.013861555357541843
1557,0.030145161691497526
1558,0.030000475555741504
1559,0.04404918655746584
1560,0.01261707236125596
1561,0.05959330033553025
1562,0.034003863140939505
1563,0.6896181670947915
1564,0.011573353540988868
1565,0.04613469670055531
1566,0.01249608657385026
1567,0.00620237974043207
1568,0.011456381232554842
1569,0.00417143419427756
1570,0.09955750986281611
1571,0.2648290901730108
1572,0.7257904695795607
1573,0.03397793189873904
1574,0.024626676553993997
1575,0.057565201109527724
1576,0.003102218228185218
1577,0.8901638519800236
1578,0.03162531589526997
1579,0.7825462083998054
1580,0.011993121546824538
1581,0.3019597217762386
1582,0.058049593224595165
1583,0.00258977282721268
1584,0.019977067848062247
1585,0.1531009327674808
1586,0.06482449878650103
1587,0.011173139315876867
1588,0.0384005075192181
1589,0.12303706809469689
1590,0.7967988386354456
1591,0.01153293904691822
1592,0.012773079932449746
1593,0.0053500132787641565
1594,0.0038421168658309937
1595,0.307563037773005
1596,0.006127165986201458
1597,0.2502018245027535
1598,0.1765530965482097
1599,0.025908285003712776
1600,0.16503269402680598
1601,0.049533520736950394
1602,0.6088809333623562
1603,0.02313594349643983
1604,0.1334771538520942
1605,0.07744279858519583
1606,0.1295638099873578
1607,0.006329441036246518
1608,0.010334497868586342
1609,0.5785294230249931
1610,0.951200192311767
1611,0.058873546235924314
1612,0.7492547059095497
1613,0.027654298808438966
1614,0.022031199341606827
1615,0.46607107474044907
1616,0.01652388209923711
1617,0.032531623416414863
1618,0.013041373516337704
1619,0.009252574805577733
1620,0.04826845894979406
1621,0.116032416925886
1622,0.01679109481600616
1623,0.08133210985866537
1624,0.37588581968543616
1625,0.01339582750275876
1626,0.22644384918955038
1627,0.009048710372033215
1628,0.004972769529278375
1629,0.014385493141763161
1630,0.4459912783209332
1631,0.010632492859965717
1632,0.00781773184708649
1633,0.011306716647915807
1634,0.3466143714588731
1635,0.7721989187419603
1636,0.028380385330132284
1637,0.08416329289686998
1638,0.08318152554154169
1639,0.42165292434389695
1640,0.20050720229621724
1641,0.005965015235411945
1642,0.029350416805991413
1643,0.05626535481066301
1644,0.6733002093812854
1645,0.021854988954529753
1646,0.009993378295151482
1647,0.03964807320185691
1648,0.1327768799697485
1649,0.1108513176536047
1650,0.2539956449617368
1651,0.014694916024813357
1652,0.008384572431152997
1653,0.029785197897245045
1654,0.05319501256967292
1655,0.002116107128551874
1656,0.020863320221111252
1657,0.203192759970422
1658,0.3732401447552008
1659,0.008400145156315124
1660,0.011087364785671227
1661,0.7871621128746719
1662,0.03385228368369426
1663,0.9590169612016974
1664,0.008296467393475513
1665,0.07452921471123979
1666,0.007790711356293373
1667,0.008241341081704476
1668,0.00520442952039612
1669,0.4652948030922335
1670,0.6122778495052797
1671,0.5407663405773889
1672,0.14179987743972858
1673,0.9179186814527598
1674,0.9658269505226452
1675,0.9231657753482809
1676,0.9110061466547025
1677,0.20324120889334363
1678,0.11462105334410667
1679,0.9453795121620476
1680,0.8219647480930558
1681,0.19929653241660036
1682,0.0077369880684688445
1683,0.7234085990223885
1684,0.0609023485936573
1685,0.017104561196850582
1686,0.01373625643500049
1687,0.46857647637211564
1688,0.02077059815861994
1689,0.0978926991773521
1690,0.0080011936724907
1691,0.027576205365318383
1692,0.3205811519040008
1693,0.03353224569198207
1694,0.08556942566802872
1695,0.46023482458733983
1696,0.8721202494910577
1697,0.7407812849885926
1698,0.8304765521007953
1699,0.003758010957943439
1700,0.45482753495610234
1701,0.003154541812484596
1702,0.7624422195652734
1703,0.03228543852765367
1704,0.0029857877168691224
1705,0.08623116523630464
1706,0.22412077195071628
1707,0.9600603975364446
1708,0.02235407602533261
1709,0.725255019550529
1710,0.04598461667357939
1711,0.7692188105838293
1712,0.0035518139787557627
1713,0.012957257406254561
1714,0.004153465895479744
1715,0.04217138447574828
1716,0.061137993475307455
1717,0.057585345057556823
1718,0.03628734612729719
1719,0.03955549278541418
1720,0.004465624098357706
1721,0.4167928136840503
1722,0.322309002304012
1723,0.025211272089664293
1724,0.9064529514338275
1725,0.007888562146982815
1726,0.1294698402203808
1727,0.16941309479433286
1728,0.008874141578162988
1729,0.004554755186959575
1730,0.447572543202999
1731,0.010298292910782743
1732,0.8434570880385563
1733,0.005196729550218066
1734,0.2781079601003502
1735,0.016970618480951147
1736,0.14983011355737957
1737,0.9030193765984151
1738,0.016866932642280546
1739,0.8776793222379913
1740,0.005763523971432486
1741,0.12069699323029634
1742,0.008722197997768046
1743,0.004778421199369075
1744,0.01800975817507129
1745,0.005328499055869727
1746,0.03952676162551514
1747,0.024387789726171186
1748,0.25749582608734617
1749,0.49308605404625
1750,0.4011443111797349
1751,0.015510112763086096
1752,0.020964024164998558
1753,0.061846771492350634
1754,0.8779823587653457
1755,0.1102488625715334
1756,0.004153448451428342
1757,0.4294933920171099
1758,0.006740433601770638
1759,0.09916215850383253
1760,0.05637988819313511
1761,0.9416499344610478
1762,0.13395749286394837
1763,0.5396608743082116
1764,0.518148247759095
1765,0.006979484167914431
1766,0.8710544772508321
1767,0.10875914487338798
1768,0.18544893905825163
1769,0.5878971563616519
1770,0.056459677864944255
1771,0.008593497617343536
1772,0.16722007024096103
1773,0.10895316653905496
1774,0.014225145021569756
1775,0.005304906764106661
1776,0.14217108840101297
1777,0.006766490301072294
1778,0.03245896612158967
1779,0.8124365605863331
1780,0.0470250645853371
1781,0.4546866496098534
1782,0.7700366499392288
1783,0.9427791032320634
1784,0.0022167732472335743
1785,0.008550786047090541
1786,0.007171217978926008
1787,0.04067409054439029
1788,0.025934069941205375
1789,0.010308195270405931
1790,0.018354589857815694
1791,0.022867813080745023
1792,0.008762991610025524
1793,0.28842906052884076
1794,0.4619753191628068
1795,0.06861983843194626
1796,0.06522402675628267
1797,0.23787308201168572
1798,0.003928719853560971
1799,0.011452005710722538
1800,0.0877772996948017
1801,0.005633892341525087
1802,0.4941297020282811
1803,0.6656122786435239
1804,0.03791447891619297
1805,0.3583796321947007
1806,0.028713931248486188
1807,0.9055408657089349
1808,0.011329646449336754
1809,0.8199549226024406
1810,0.37939109244482394
1811,0.04227199564422596
1812,0.004859843770011903
1813,0.00759291381309421
1814,0.09415909441906188
1815,0.005433727506593845
1816,0.00774564813232443
1817,0.018199281763072825
1818,0.1820543938259745
1819,0.008689211552110545
1820,0.035296788674120894
1821,0.3630991764265107
1822,0.09873942427714295
1823,0.03171203677502074
1824,0.03908290016027794
1825,0.008834488962669052
1826,0.006512839256796026
1827,0.006217221218514186
1828,0.015824067899141293
1829,0.008138117185169448
1830,0.0539753089538272
1831,0.6072025278655345
1832,0.019321526400883547
1833,0.06534012011804569
1834,0.018067562146554916
1835,0.00943746721272
1836,0.02517511793732698
1837,0.017415347161928475
1838,0.0038815679615682177
1839,0.05601998711998557
1840,0.10443032430290816
1841,0.1792449758277002
1842,0.0015328525261172627
1843,0.013582821239023265
1844,0.03420572635687434
1845,0.5819421895534075
1846,0.010708422915805349
1847,0.15330575338941932
1848,0.006567829949871912
1849,0.14368549785530374
1850,0.13474950693441218
1851,0.30289996863575785
1852,0.009340215699390884
1853,0.03607589150990828
1854,0.832461868940045
1855,0.14304241413438787
1856,0.587448866967615
1857,0.8082948011426824
1858,0.012481807591793955
1859,0.9386453517989629
1860,0.6052419956384117
1861,0.19309025553258147
1862,0.37898473893230156
1863,0.004282626719924601
1864,0.6915118902724171
1865,0.004964521743210927
1866,0.0031062217707900452
1867,0.010287729201760886
1868,0.0217134318878447
1869,0.13181023658271152
1870,0.3975514765932006
1871,0.01404540895463946
1872,0.9279323918751843
1873,0.01298682180932496
1874,0.238769170992456
1875,0.9309700884678929
1876,0.014966560312112756
1877,0.05022056891335949
1878,0.003727795393233142
1879,0.009439452682496898
1880,0.27685811449219433
1881,0.018227970159497085
1882,0.11238653840588154
1883,0.7916251255288262
1884,0.10785026140073715
1885,0.030537901175272334
1886,0.5527345232814331
1887,0.011974598396252888
1888,0.6024044903671337
1889,0.008584470295148253
1890,0.002951627111064876
1891,0.5101501162022926
1892,0.9486034504132914
1893,0.5466890003870277
1894,0.009372484243327496
1895,0.3596365840733482
1896,0.008915163319382441
1897,0.0054367061207369755
1898,0.007510194157044389
1899,0.09821222930332482
1900,0.0047717117484562446
1901,0.07036238804265474
1902,0.015536890856222164
1903,0.010967375270887257
1904,0.11048853345299171
1905,0.0062970906396851035
1906,0.06264663917358705
1907,0.024017824172522663
1908,0.057688484862931176
1909,0.015071292873737376
1910,0.7659228625061757
1911,0.014548081448570196
1912,0.013087441771738494
1913,0.013498050453052067
1914,0.018046366823850576
1915,0.01230153180622666
1916,0.012503186108177513
1917,0.011802942021069003
1918,0.003781837892667916
1919,0.004622124998403809
1920,0.0047429720322575905
1921,0.008839189728656126
1922,0.007794774629734464
1923,0.8417564151355525
1924,0.03914270374366897
1925,0.7552550994126724
1926,0.8704152230982718
1927,0.6876606734144937
1928,0.07381446873617478
1929,0.13685531715410837
1930,0.9070910766422526
1931,0.020103681127293035
1932,0.015267801827499117
1933,0.04080700591115136
1934,0.9077024345843036
1935,0.005178971560553781
1936,0.8247796443149433
1937,0.09160979177162791
1938,0.039730395899029144
1939,0.009161020422509434
1940,0.8233913538812053
1941,0.9091579520943767
1942,0.016945429808020586
1943,0.35526695150923326
1944,0.7029434046830759
1945,0.9547772084594464
1946,0.02625437620113732
1947,0.06979452377101832
1948,0.02589501908251552
1949,0.08993166187166189
1950,0.04174904872933273
1951,0.3141332156274827
1952,0.02810629364365303
1953,0.25068203408148204
1954,0.033952580700317946
1955,0.8049979264941756
1956,0.01184437573048675
1957,0.004359349800172429
1958,0.03606099298268642
1959,0.5590863919319166
1960,0.005996950854313386
1961,0.922905078023456
1962,0.12500398555035097
1963,0.00590134462531918
1964,0.06838564408279006
1965,0.024814175198920173
1966,0.005668240013192208
1967,0.13520950872977297
1968,0.19810357256053843
1969,0.0015627426985165987
1970,0.2848237224559153
1971,0.013336572858187592
1972,0.020362343469477608
1973,0.3386554795117813
1974,0.48588331767217807
1975,0.19605904427903964
1976,0.8586273126871209
1977,0.013864609442470182
1978,0.10781357176706916
1979,0.014427865864934488
1980,0.3804126933026656
1981,0.015345462125886267
1982,0.005897538676666487
1983,0.050244261179876515
1984,0.003988586142945025
1985,0.1417995107064391
1986,0.00958285398899052
1987,0.0029691457849143643
1988,0.005758092245999271
1989,0.03416463427562766
1990,0.6093302776426807
1991,0.6852687429880338
1992,0.005124739633169164
1993,0.3743787863527677
1994,0.002075939422065727
1995,0.004044284136494282
1996,0.01882487216904124
1997,0.10429241790869205
1998,0.035897893629495595
1999,0.9227287370549485
2000,0.0023572854213317384
2001,0.008392545928393152
2002,0.7302279686034772
2003,0.05189482075012453
2004,0.3102724279659594
2005,0.03602959330916469
2006,0.7471034997035721
2007,0.06242695651420402
2008,0.009653961357617933
2009,0.032459501906269554
2010,0.0036526112110741265
2011,0.005413913716474315
2012,0.009580901072953668
2013,0.5049501258166008
2014,0.0503980925711175
2015,0.9422350990461823
2016,0.01078113161448218
2017,0.01262501511282039
2018,0.7915650957912119
2019,0.004667346361617378
2020,0.08097288538802609
2021,0.04252621272746116
2022,0.42321862417416345
2023,0.010992656840231051
2024,0.019267603463885875
2025,0.00245493202056003
2026,0.004940452045929703
2027,0.04060690707511973
2028,0.20605524795387814
2029,0.02089074580301356
2030,0.1285721517958296
2031,0.5895393000575074
2032,0.09990933933997823
2033,0.011313202627410196
2034,0.011404907868162742
2035,0.7579308984825532
2036,0.005729074406469182
2037,0.004415367083480146
2038,0.028832673080938776
2039,0.3994770727124707
2040,0.8569300937531417
2041,0.7799780323750578
2042,0.09986229189974949
2043,0.9026256884938568
2044,0.01523954454601402
2045,0.006299179131813727
2046,0.0022116377284294407
2047,0.04200189733730355
2048,0.18979094961459284
2049,0.09006445638327049
2050,0.9081528060233901
2051,0.02521261415747893
2052,0.0035811837697323845
2053,0.24177390650903835
2054,0.40449827367776875
2055,0.006143932300482243
2056,0.025095022493405714
2057,0.1536940310837717
2058,0.009799546762716153
2059,0.07828108041894961
2060,0.8526485900211386
2061,0.026840338646332618
2062,0.016735612356692017
2063,0.11519213521892606
2064,0.015600814858377244
2065,0.627162701386199
2066,0.31708653732065745
2067,0.8457371794444992
2068,0.9616001528368717
2069,0.010354411021642121
2070,0.22348545057434388
2071,0.05889322504749321
2072,0.007972643590017939
2073,0.08803156258391574
2074,0.7159150190881991
2075,0.9136708711396959
2076,0.013865590893479326
2077,0.4922322273212193
2078,0.04983275384137002
2079,0.7534817144564372
2080,0.0057245574787756
2081,0.6783320010054121
2082,0.026056568215385933
2083,0.005213727399455141
2084,0.01789290656166474
2085,0.6322627623408215
2086,0.029881720235385507
2087,0.5232033706148682
2088,0.03201678480332823
2089,0.003767994145132722
2090,0.06278183728605925
2091,0.005915581323110522
2092,0.8239500770505075
2093,0.030003448519826018
2094,0.6715450832867731
2095,0.00946559859274704
2096,0.04049855218835785
2097,0.0030274688153390083
2098,0.05059436601570655
2099,0.7849840596283144
2100,0.006682982872233813
2101,0.8482752537845972
2102,0.03536044974684342
2103,0.009323091313133934
2104,0.9645754659848413
2105,0.009910453022371105
2106,0.003551252709706613
2107,0.007850338294647482
2108,0.013618866429929403
2109,0.10190465068416835
2110,0.6096528748713919
2111,0.013247923435703749
2112,0.016538812344645142
2113,0.6645697001082069
2114,0.007990871728360025
2115,0.0023257162329197263
2116,0.3382699250126916
2117,0.00579138903608649
2118,0.009920196216532822
2119,0.008482880995422415
2120,0.008131773635340707
2121,0.21114314962757816
2122,0.014494006575316513
2123,0.09334977840840974
2124,0.006763600822788393
2125,0.0057302728759294095
2126,0.0034076606040148614
2127,0.020161755656321657
2128,0.029598830903865274
2129,0.19337109812523962
2130,0.6782185075525967
2131,0.8436263320851081
2132,0.002769793443019287
2133,0.0031414189230073784
2134,0.02923605820640042
2135,0.015552938079525697
2136,0.006209700336824234
2137,0.003918162624736846
2138,0.06677282126322183
2139,0.209148838860041
2140,0.22758981397982458
2141,0.41128004091369164
2142,0.0034635063138504325
2143,0.007611153657186784
2144,0.8210155044814136
2145,0.0022958193245061933
2146,0.013906252330655745
2147,0.16134381418041926
2148,0.15033171886722688
2149,0.0011700066494588616
2150,0.02792435004632736
2151,0.006569335272099934
2152,0.053076950587873414
2153,0.015660241513085486
2154,0.011957539016703904
2155,0.023539077802105613
2156,0.8609869250376814
2157,0.006439048743809844
2158,0.02685338488148794
2159,0.050348535851000215
2160,0.020296235627436238
2161,0.005482830381371127
2162,0.0017553125670312802
2163,0.00762965051273657
2164,0.12006356187750235
2165,0.7278538682816467
2166,0.0045998261431881805
2167,0.04682182078562169
2168,0.021581429026743162
2169,0.007254475959411593
2170,0.005241013179383508
2171,0.004561326447295301
2172,0.9644933186781599
2173,0.12047811141294423
2174,0.0032275049351892502
2175,0.18932984516732862
2176,0.008252379637278118
2177,0.914184154522351
2178,0.03170947204967219
2179,0.0028218624661982337
2180,0.020309170677994835
2181,0.063096059266938
2182,0.008645626189566538
2183,0.00515259525216194
2184,0.006403451125948254
2185,0.005430975941197318
2186,0.33241270368068565
2187,0.0025014112278732856
2188,0.08026563383463599
2189,0.006544206511099641
2190,0.9688213059361901
2191,0.023882694733721684
2192,0.40619865465859406
2193,0.0027460995211355532
2194,0.9586877472857575
2195,0.012103690863520897
2196,0.0034232627662082516
2197,0.015441734065742199
2198,0.005506457125560332
2199,0.00422151652576633
2200,0.016880501003280722
2201,0.16013540724290898
2202,0.05185960809020343
2203,0.7856415415604731
2204,0.9553535963448115
2205,0.010750197480861817
2206,0.007863797698144465
2207,0.002902022957478263
2208,0.0701653627169882
2209,0.1033830465286105
2210,0.006288045626629147
2211,0.018545362875791484
2212,0.3534560420078121
2213,0.9152248611369556
2214,0.07790339122728548
2215,0.05436872185269596
2216,0.004542779296219944
2217,0.005013918385976234
2218,0.05898081128637295
2219,0.003786026404250469
2220,0.1032552092299036
2221,0.023687349898184752
2222,0.9465533235150743
2223,0.11639723398798199
2224,0.052409991339474424
2225,0.004120387850427473
2226,0.012581100761262887
2227,0.8722528540097878
2228,0.02712133780508353
2229,0.21982718023546266
2230,0.4621489282958361
2231,0.01878855547195476
2232,0.3612575362062666
2233,0.005419910006293768
2234,0.013388153581865209
2235,0.9099140397887231
2236,0.3811145690521686
2237,0.09563510643574642
2238,0.004914178102171583
2239,0.690433585944975
2240,0.5315633733206506
2241,0.5988416807403333
2242,0.004260920965205517
2243,0.8438211136549963
2244,0.0061171307700267205
2245,0.0029505748251058704
2246,0.15795406145716645
2247,0.03328742274323182
2248,0.0791681756697442
2249,0.5092283559550377
2250,0.5087528600650045
2251,0.19000221696691738
2252,0.014867513750600931
2253,0.4842137240672104
2254,0.008154659986656229
2255,0.20760584984076963
2256,0.013635771347688787
2257,0.005910137479459349
2258,0.9614204956404905
2259,0.3118736889439167
2260,0.12110951244698492
2261,0.16557641460994033
2262,0.4032371855127957
2263,0.43842064229879946
2264,0.18290948496049847
2265,0.024028395411473683
2266,0.9113476060333137
2267,0.3981057676362452
2268,0.4281428152839309
2269,0.011151543874570478
2270,0.004553717984178692
2271,0.027106567841914907
2272,0.9194463601705158
2273,0.7170802318742416
2274,0.08434878164984923
2275,0.08386799396983066
2276,0.0017116453760430198
2277,0.10899916689719544
2278,0.2560480177254002
2279,0.005011279573966479
2280,0.010993835088875489
2281,0.5455503557922987
2282,0.008731988243272072
2283,0.008053258700561424
2284,0.25246319484446145
2285,0.2402277076204431
2286,0.005530772439331133
2287,0.21043222124564331
2288,0.006228776689687106
2289,0.06958282188944569
2290,0.01339272130865505
2291,0.0038951006153916446
2292,0.7954326315903523
2293,0.42345441866448125
2294,0.013020640662990905
2295,0.003676294379578589
2296,0.07302250100161009
2297,0.2213425914167049
2298,0.006417873056002285
2299,0.8830215545655127
2300,0.061583643287753675
2301,0.16397688583317588
2302,0.8533944037704259
2303,0.005822029604506904
2304,0.10853516437156935
2305,0.009475716259959464
2306,0.009352044386112916
2307,0.02404648292714847
2308,0.13178715253067516
2309,0.02581291038785361
2310,0.7423532550816894
2311,0.21382930826452368
2312,0.28184739287448274
2313,0.5859674579879902
2314,0.6619719795725904
2315,0.012235484835437299
2316,0.9021958588592661
2317,0.5367698733461514
2318,0.009687962211152375
2319,0.008374689003020939
2320,0.8941930662221844
2321,0.8636381558220578
2322,0.07704335652956783
2323,0.5490723155622231
2324,0.6925405992344146
2325,0.013434553951093721
2326,0.011950922645890812
2327,0.00467291216467258
2328,0.02427293693106064
2329,0.014843087231974542
2330,0.022812682487621368
2331,0.8406546624996163
2332,0.008503873332157616
2333,0.3577441569790484
2334,0.0738469361947718
2335,0.006681415919358908
2336,0.017039997964066227
2337,0.9180713340924034
2338,0.43845742157445056
2339,0.7527519213822049
2340,0.2672653592376232
2341,0.7756091006778335
2342,0.013450079389017034
2343,0.36608882644784657
2344,0.016291331687619044
2345,0.5259741396580496
2346,0.05238124590227001
2347,0.011967097426972656
2348,0.015046557959139123
2349,0.014801713088099017
2350,0.02481358888295302
2351,0.003336621901396635
2352,0.046595582877529323
2353,0.009169594979486944
2354,0.02672317061934841
2355,0.02837880464140837
2356,0.9276108315199665
2357,0.004234906248893201
2358,0.005839852385681226
2359,0.10943244673968514
2360,0.031659627005583856
2361,0.8319556191147465
2362,0.8500255909798793
2363,0.015037111619607597
2364,0.46810148300058657
2365,0.004054621193537988
2366,0.07261996188010222
2367,0.009225211028348146
2368,0.0013313283057359725
2369,0.03266834970897661
2370,0.00973429975732358
2371,0.16246637612816353
2372,0.008090521975575044
2373,0.5109112492103269
2374,0.13196527358209917
2375,0.13748225592600094
2376,0.02140753039034935
2377,0.8048129922083
2378,0.015792667708507246
2379,0.6539221485175309
2380,0.004426027167512423
2381,0.028413606974008854
2382,0.7208441684225677
2383,0.24069826389056148
2384,0.028713252858232095
2385,0.2047026084659273
2386,0.0027532261735646593
2387,0.02481147925187285
2388,0.0044929985884130585
2389,0.07655788203502029
2390,0.006545996116052328
2391,0.01493384548872274
2392,0.004970579959474791
2393,0.026268516474618493
2394,0.8838124216777444
2395,0.0036043586236677587
2396,0.5441315924157984
2397,0.07570657836294307
2398,0.8134799721108064
2399,0.0066187295011154584
2400,0.05894198123797112
2401,0.06746193477024363
2402,0.4247586832522621
2403,0.012100997696581087
2404,0.29504927703604844
2405,0.48646566524835777
2406,0.28451245794339486
2407,0.01787466933534559
2408,0.004876922317733827
2409,0.0019572119023930673
2410,0.001683519974427411
2411,0.0028326988692366243
2412,0.008822447693653411
2413,0.5137556567955711
2414,0.7414706941982818
2415,0.24579574980196295
2416,0.0040163299989878715
2417,0.006283159917265307
2418,0.5271398215917995
2419,0.08621073676508852
2420,0.2309890755793439
2421,0.10618191601433791
2422,0.002796325790473067
2423,0.5678801336145156
2424,0.004655692834645303
2425,0.047917198989689776
2426,0.03249810643127706
2427,0.9545192093875732
2428,0.096878055149598
2429,0.4326967305490081
2430,0.007884788568042951
2431,0.011676231782970213
2432,0.8589554950257758
2433,0.7370438371965509
2434,0.012851343057901875
2435,0.8164387258868337
2436,0.006767392634316739
2437,0.9353038864451224
2438,0.9206413602241071
2439,0.017410253998939307
2440,0.5547781683969017
2441,0.5255470159871465
2442,0.4156622222414418
2443,0.664683368945622
2444,0.029707140314454435
2445,0.020002684867658528
2446,0.1256940267181664
2447,0.18152414152050161
2448,0.8278487947287221
2449,0.4076705819634512
2450,0.003161486877729165
2451,0.8758603992600906
2452,0.061981741262736756
2453,0.03571065372600872
2454,0.012778288474059294
2455,0.0038864569464679604
2456,0.3509115519628794
2457,0.18193499931351054
2458,0.9011014225209315
2459,0.9180247365737804
2460,0.02157968105047973
2461,0.0030136386719084723
2462,0.016511006199922674
2463,0.13402442291700767
2464,0.003127503373091186
2465,0.001523862062611299
2466,0.017367683787554725
2467,0.2970576256338024
2468,0.018551788989552724
2469,0.2469377944527394
2470,0.03521483672676984
2471,0.9067476270109497
2472,0.013180737727540779
2473,0.005991301496963083
2474,0.015676985216580043
2475,0.0061574322400720465
2476,0.02277628026419207
2477,0.003551541953807426
2478,0.004821183083509079
2479,0.022776594867364584
2480,0.029295641348766548
2481,0.03460282055370672
2482,0.6384522122143735
2483,0.058496895707581126
2484,0.0012865816318230181
2485,0.002364899601355525
2486,0.007707479300714624
2487,0.007111257933596179
2488,0.19370716344778463
2489,0.09063104383608561
2490,0.017925612490718876
2491,0.027224142798715798
2492,0.624703355531147
2493,0.889142942659787
2494,0.004352266188868871
2495,0.4642260439707141
2496,0.016168916301433463
2497,0.08993867202650958
2498,0.05500225399031419
2499,0.03070040420301732
2500,0.723676856197782
2501,0.0037093411004952234
2502,0.22692582269957468
2503,0.00932684107281869
2504,0.727866080262372
2505,0.32065313785576943
2506,0.026104251392250824
2507,0.06114637287062703
2508,0.8373105654187684
2509,0.002400900686997932
2510,0.0018157946041089694
2511,0.03809316857716878
2512,0.5286795170622488
2513,0.16977969919430996
2514,0.24375823342655062
2515,0.04640874354643108
2516,0.0025726922053867026
2517,0.4793228082251933
2518,0.06098673999879597
2519,0.44877060030672167
2520,0.038935845402182215
2521,0.022225866666394777
2522,0.0015273108107586655
2523,0.11983274768265514
2524,0.011758628376670877
2525,0.013256385867796915
2526,0.0020661777824859005
2527,0.8735294599534265
2528,0.5493137060920565
2529,0.038161141777729585
2530,0.031036852790565513
2531,0.15721178255631937
2532,0.01035270809537129
2533,0.5983212130088499
2534,0.13482841935209472
2535,0.9115718987811312
2536,0.024530039671079692
2537,0.024397523571196216
2538,0.7364773411196511
2539,0.03901477255467801
2540,0.002947561887182854
2541,0.01890388922125108
2542,0.010665247300714855
2543,0.001656832875211591
2544,0.02501139350599059
2545,0.6011464072809303
2546,0.061215942101563954
2547,0.0036433041529366147
2548,0.2271764771224448
2549,0.0070875719677054045
2550,0.3107196760329391
2551,0.659917701837784
2552,0.00885844179290192
2553,0.0043052126227261615
2554,0.02294064855496276
2555,0.7610693373526459
2556,0.0026829570040587886
2557,0.005868431755389357
2558,0.6914001274970746
2559,0.006189837749631327
2560,0.0031352930342046755
2561,0.1476611528097172
2562,0.0065346351975181976
2563,0.003779633720915523
2564,0.8321605474264304
2565,0.0689497825159962
2566,0.09882004200072794
2567,0.0018389412357735508
2568,0.0031155694547665338
2569,0.07904602178332669
2570,0.8985911240219666
2571,0.8711697082262273
2572,0.41755032646671153
2573,0.7067256666786619
2574,0.10105509299747532
2575,0.5823709735711636
2576,0.8762267741161471
2577,0.029724679600518493
2578,0.952884129673969
2579,0.006047295957595832
2580,0.012383021739983492
2581,0.9437213682324073
2582,0.004346129147345621
2583,0.030809185133138857
2584,0.0021653622723327662
2585,0.1765890553536006
2586,0.7279804322226404
2587,0.48551948690731644
2588,0.8176338952337647
2589,0.754613945770757
2590,0.09687444188114266
2591,0.5457938014827852
2592,0.002807687174855353
2593,0.002256701762947045
2594,0.7423362392951536
2595,0.008719033061034465
2596,0.0697036854941842
2597,0.8976277178509294
2598,0.017488908395113884
2599,0.03381667985440649
2600,0.00494109154032321
2601,0.0037411432197104457
2602,0.008553926634839013
2603,0.321063729857919
2604,0.0018205452157879973
2605,0.8809471887211853
2606,0.045420898105462196
2607,0.05602705113103845
2608,0.02808398730508426
2609,0.17180057460159012
2610,0.010373585415135238
2611,0.00167154649945702
2612,0.10251690914813394
2613,0.06582118660435718
2614,0.5095250032864713
2615,0.04122241150493855
2616,0.018749275191845945
2617,0.0024225277622301348
2618,0.5216859398630864
2619,0.8925677474530989
2620,0.006952734008327728
2621,0.0673179781754962
2622,0.19957484939141418
2623,0.05117649135770976
2624,0.007911898549855202
2625,0.002848204726215211
2626,0.05083067750922915
2627,0.1536723058526859
2628,0.5360309532738909
2629,0.09476468336133154
2630,0.3527960990471563
2631,0.017912325642573272
2632,0.0663863536709628
2633,0.0023841647702917295
2634,0.33093122360111416
2635,0.18043670186757516
2636,0.9127521321575223
2637,0.20948330905588622
2638,0.05266509195286094
2639,0.20921868654837458
2640,0.028616068105309707
2641,0.4363912386888611
2642,0.7599069921310317
2643,0.009288761362322312
2644,0.9181053438035727
2645,0.0030767465694691563
2646,0.11227256310203722
2647,0.1408576712541793
2648,0.028929950605376138
2649,0.026754386295977546
2650,0.0030410395932466707
2651,0.2254566534422811
2652,0.04645927758548136
2653,0.009612591281567297
2654,0.8047042971278148
2655,0.926461738079838
2656,0.01150439070607002
2657,0.16291603701471485
2658,0.017467903277232133
2659,0.006748848596225172
2660,0.002585170683513839
2661,0.6780669969062392
2662,0.12398085321668245
2663,0.0034347525739103924
2664,0.0278871416832948
2665,0.021465799417352303
2666,0.09403232413369061
2667,0.0017200473910562073
2668,0.07586691331383735
2669,0.06781047499679735
2670,0.15729746921856322
2671,0.061236575801933105
2672,0.018008884202975015
2673,0.03500545123415763
2674,0.18790959579931835
2675,0.045256395805717047
2676,0.008554385002029069
2677,0.23786945617082084
2678,0.8464297659604236
2679,0.001391641099589171
2680,0.4696397306505131
2681,0.029125709136870893
2682,0.05932651450755107
2683,0.009884918241625844
2684,0.006532590762873763
2685,0.10084144496926958
2686,0.0031931727863965757
2687,0.7596678776214622
2688,0.00780978543311109
2689,0.6361646392695885
2690,0.10806766921876515
2691,0.16488361640461136
2692,0.8620244539055102
2693,0.02714086487645944
2694,0.0127283039995607
2695,0.003180390772352293
2696,0.002937932959013952
2697,0.005871891449020216
2698,0.5613004174927729
2699,0.00686128940914651
2700,0.2230387980631066
2701,0.0030815198986751673
2702,0.07506593756561981
2703,0.5822507918631058
2704,0.8427914791043645
2705,0.018748050886205646
2706,0.7231068454159376
2707,0.002562237153901397
2708,0.7199850767689451
2709,0.03205911759413037
2710,0.4450128646771415
2711,0.00977419092803176
2712,0.017067235531425123
2713,0.9486106432727504
2714,0.05874174946148797
2715,0.036374401715457506
2716,0.005162467798879119
2717,0.0127964257275388
2718,0.0027103563190409067
2719,0.19568994430337494
2720,0.013491225032610726
2721,0.8266804618562136
2722,0.13320060962953842
2723,0.9509134855189598
2724,0.045659883503628956
2725,0.12120498800857565
2726,0.005743564847814481
2727,0.007535737016797531
2728,0.013694147488182519
2729,0.014370298504294275
2730,0.9140003698553667
2731,0.03406861514534708
2732,0.004750767347979893
2733,0.007210312871039781
2734,0.11868946363784619
2735,0.9267953764526848
2736,0.021551072859284436
2737,0.022688458384555788
2738,0.011393815389406118
2739,0.8760873764828513
2740,0.05434776700836392
2741,0.6251044571914258
2742,0.584911486312367
2743,0.003288638319476702
2744,0.001518426945241325
2745,0.4353735387704164
2746,0.0034754739938438798
2747,0.04535424388656435
2748,0.018793534656872862
2749,0.022366282203134843
2750,0.6682252789125502
2751,0.914766537108827
2752,0.0018640974289793942
2753,0.0026886906250087918
2754,0.40853032907015263
2755,0.00671589604392759
2756,0.22391123409275537
2757,0.1400615046288256
2758,0.0020760958040696056
2759,0.018867251128283066
2760,0.024542921083945582
2761,0.01630346108652567
2762,0.7264719035047997
2763,0.8871944910139442
2764,0.004867115167294361
2765,0.29324377007802493
2766,0.17660677578513695
2767,0.49483797102342986
2768,0.004037410698726584
2769,0.2543481685240291
2770,0.288765344026525
2771,0.013026565272143291
2772,0.07693344524133727
2773,0.9552842626267697
2774,0.34732770402486046
2775,0.8253567412561349
2776,0.010783413458817576
2777,0.007934972790769738
2778,0.011419178440635384
2779,0.006628609741531965
2780,0.4283484753262775
2781,0.9548633923762228
2782,0.006275529634976299
2783,0.8481881811220483
2784,0.005593624762016671
2785,0.007931297117024533
2786,0.7073307306656533
2787,0.5162707631040511
2788,0.7242631838278903
2789,0.008763443421290526
2790,0.037193645132059396
2791,0.005261277843362619
2792,0.2087241473224668
2793,0.007875729322496623
2794,0.3465990033869616
2795,0.0022360053844685656
2796,0.9030182611433943
2797,0.007935153997875286
2798,0.01027505615295448
2799,0.037468540543272345
2800,0.9277006586567744
2801,0.014092932350510085
2802,0.0030409443981138607
2803,0.0972265633086922
2804,0.01565385152960873
2805,0.8687780090134398
2806,0.007895523985152713
2807,0.8870710680596172
2808,0.006539930070705701
2809,0.02857448859953091
2810,0.010338861309383848
2811,0.16860841472269664
2812,0.13341314066716015
2813,0.005218588401223672
2814,0.3104016651084259
2815,0.004266229053807095
2816,0.10155659360802764
2817,0.9185100526343013
2818,0.01615073749367242
2819,0.00474535791784297
2820,0.04288736213870167
2821,0.013522868869919082
2822,0.17875987254425976
2823,0.785610329876463
2824,0.21021532460318693
2825,0.028786960655479157
2826,0.009423968050094201
2827,0.009099402531930796
2828,0.01523617876644073
2829,0.03718293136273066
2830,0.01008541153133255
2831,0.02094776107481748
2832,0.039556051541711046
2833,0.008128251571567484
2834,0.8276211659817543
2835,0.12394583586766161
2836,0.035693458440576004
2837,0.13796651207836486
2838,0.11178488322370833
2839,0.5833413559333714
2840,0.9194830436527616
2841,0.003922119029538535
2842,0.37151756036010636
2843,0.005209126268805564
2844,0.007301479134795861
2845,0.6759287263950542
2846,0.8581986530212375
2847,0.024661162252130605
2848,0.24284615081019525
2849,0.6198520225887862
2850,0.37317035471765225
2851,0.0038955637232686207
2852,0.17307071831861948
2853,0.5187407933842642
2854,0.0017319921157467073
2855,0.06501913763446424
2856,0.775184970180459
2857,0.5033845507882997
2858,0.038364976956649983
2859,0.5798319265698614
2860,0.4684179766952283
2861,0.08701917543157628
2862,0.7960929886908689
2863,0.027544851416853998
2864,0.014282582476939367
2865,0.017892573287656536
2866,0.007019742409543833
2867,0.019265178136544717
2868,0.002383845662214825
2869,0.009907359008658913
2870,0.007135185379225594
2871,0.2709472029277088
2872,0.20167930934291062
2873,0.19891997475127332
2874,0.018575410514386964
2875,0.00792507025256447
2876,0.013040970561075733
2877,0.007304336787415428
2878,0.07114651026269617
2879,0.017171260034392972
2880,0.9098260179769286
2881,0.9501581662274133
2882,0.016460747466489387
2883,0.8025827967528383
2884,0.017988035449512003
2885,0.007305908922131986
2886,0.013857306851665389
2887,0.9376464408893237
2888,0.007939719335971727
2889,0.019350297708665774
2890,0.07052029074175248
2891,0.7201046190994012
2892,0.056221952542232854
2893,0.004135176552514205
2894,0.017674322270641755
2895,0.06720953825988177
2896,0.2035618784697349
2897,0.07043502207647076
2898,0.029912576033923832
2899,0.1037304207793568
2900,0.003929646453612461
2901,0.05295851371821808
2902,0.0164931228707527
2903,0.002668497996928041
2904,0.008601812206647675
2905,0.013109256661307462
2906,0.024890684261248054
2907,0.9185030071438336
2908,0.026814821494018266
2909,0.14965474402865475
2910,0.0025898574229014596
2911,0.007514426114751362
2912,0.010666289686524957
2913,0.2959839530689315
2914,0.018883626972923374
2915,0.22281877502335673
2916,0.012354561523788674
2917,0.004950448937842352
2918,0.008295975673768939
2919,0.6376464641245723
2920,0.19335484756964788
2921,0.22585964301490474
2922,0.33876874968524584
2923,0.012810940938096095
2924,0.17735445094867805
2925,0.0013430630065416034
2926,0.0761250514385426
2927,0.010085110824098728
2928,0.0048069292305326985
2929,0.010517767021186595
2930,0.00274524110077251
2931,0.021331126680699735
2932,0.8592161793736082
2933,0.7722512504316046
2934,0.13683614788175846
2935,0.021775699759195813
2936,0.08258932191822192
2937,0.5607861259689872
2938,0.5211863827839335
2939,0.881021560353616
2940,0.8055121113723471
2941,0.007590223558511799
2942,0.6260064853683669
2943,0.013202195036580022
2944,0.8618836218675403
2945,0.013633377081867182
2946,0.8767450059412523
2947,0.11396499467905444
2948,0.3230492989013733
2949,0.003680830491928861
2950,0.20726095799448835
2951,0.020766854242151224
2952,0.16433272285083456
2953,0.41156490627090125
2954,0.7273768620510075
2955,0.05060029630370799
2956,0.8920800490479878
2957,0.8825123373402959
2958,0.8305886875995623
2959,0.025836006525504225
2960,0.010136429301861637
2961,0.34178397223325047
2962,0.003644526859973538
2963,0.02736891179632471
2964,0.029807655679129432
2965,0.09629908711392075
2966,0.004256552638722356
2967,0.16936378656917442
2968,0.8891985937497436
2969,0.010384342178488224
2970,0.8310528778946626
2971,0.2836696828966664
2972,0.8943535482751243
2973,0.02914465480327578
2974,0.006375774991680815
2975,0.002569461633056745
2976,0.2629438020003547
2977,0.047527416772352934
2978,0.02538499213640084
2979,0.04962810529645307
2980,0.1279793444895052
2981,0.01694633458054138
2982,0.023218629281231244
2983,0.01817055550152823
2984,0.09132606969143685
2985,0.02294060804800241
2986,0.08846313371124265
2987,0.006936027044784939
2988,0.7672792594540108
2989,0.06230465592597789
2990,0.8274297084268778
2991,0.5443608089170006
2992,0.00641631067351696
2993,0.026590929285718535
2994,0.014207894485251055
2995,0.014837144871771436
2996,0.005035192014250057
2997,0.9619075475783234
2998,0.0067137405840424266
2999,0.6173630919667109
3000,0.7640896501543206
3001,0.32014696882059557
3002,0.006638596968599327
3003,0.32177540366870017
3004,0.574022786339416
3005,0.46888450163696094
3006,0.27528862809869
3007,0.5115284201476905
3008,0.01657420572690174
3009,0.032092323987102475
3010,0.29868226219191213
3011,0.012027772778581244
3012,0.5801685020982216
3013,0.0035456912577035643
3014,0.038617736780881484
3015,0.015855312982889058
3016,0.009857203806248466
3017,0.07016524089273117
3018,0.8723301310704625
3019,0.04547883804337009
3020,0.008860823915284461
3021,0.8335578796886597
3022,0.22269663614495627
3023,0.012119345060936159
3024,0.009745938408191516
3025,0.08187967521680378
3026,0.8953806361216664
3027,0.8987318469040928
3028,0.8729216039578993
3029,0.8776774319185823
3030,0.008338181482478994
3031,0.018035496695259418
3032,0.003954688574131188
3033,0.010913731968898667
3034,0.6193630716985001
3035,0.044419459655843166
3036,0.579900361331504
3037,0.004362470457041146
3038,0.5258389742235597
3039,0.2991893071026241
3040,0.010375062361644184
3041,0.0028377971406832497
3042,0.41904151044132903
3043,0.05322930672017895
3044,0.06607167783377776
3045,0.30575374638070824
3046,0.02024511919139277
3047,0.20582151853256916
3048,0.26362859857319115
3049,0.4513462409618987
3050,0.015691322384540775
3051,0.08524749797279232
3052,0.008233079579049828
3053,0.009873645011779966
3054,0.35842626900562236
3055,0.8382626952679693
3056,0.15337928822198682
3057,0.025555705118664118
3058,0.05612100685316936
3059,0.0021405063563157763
3060,0.02462983195543964
3061,0.6673496695329412
3062,0.04887112458627153
3063,0.5919772816341171
3064,0.02507326494643567
3065,0.005687933178395748
3066,0.22731456078886159
3067,0.9336509779269284
3068,0.5572797983722011
3069,0.5666364779197313
3070,0.009658144800324524
3071,0.01164659632164005
3072,0.004611119706489793
3073,0.019023206788021718
3074,0.0032215478828635387
3075,0.9262869525565454
3076,0.020080253558309728
3077,0.8901185590419325
3078,0.17841631559874907
3079,0.0032237174933961036
3080,0.13694667381892586
3081,0.1633189976749424
3082,0.07965488047854603
3083,0.037496629608686785
3084,0.00814088038389245
3085,0.011161186829590596
3086,0.07674439326180243
3087,0.04957734295561726
3088,0.010247178740388618
3089,0.015648566707189324
3090,0.0041768624794978355
3091,0.8301295269465663
3092,0.3317476408891854
3093,0.043398594345101946
3094,0.038082357947591176
3095,0.04510142342344451
3096,0.05209069978039244
3097,0.07438984461379987
3098,0.7223439100733349
3099,0.41803564305701035
3100,0.552014123461759
3101,0.8055526248545612
3102,0.9456787961548212
3103,0.015165271579059655
3104,0.9235831527878042
3105,0.8984736879065135
3106,0.00386003723884879
3107,0.010913371050821914
3108,0.0018741379472799957
3109,0.006678709827222552
3110,0.031085624951787745
3111,0.006578853104650555
3112,0.016382382153705854
3113,0.2960746883331569
3114,0.20484693860056402
3115,0.01887953092641362
3116,0.00700518797727691
3117,0.010228901468637017
3118,0.7042668060116608
3119,0.06216467752746524
3120,0.0058035062035554945
3121,0.005733791296725812
3122,0.009533369713663486
3123,0.9566633211503481
3124,0.020634806295059874
3125,0.8419044583512775
3126,0.5860098409244476
3127,0.8292239293420671
3128,0.836992115631694
3129,0.2323850705825461
3130,0.8767206534484182
3131,0.8771805286116507
3132,0.9311687982031517
3133,0.004801846369846096
3134,0.009915057594604794
3135,0.09248497965061986
3136,0.031205131447051167
3137,0.013536656168697458
3138,0.004899170620711333
3139,0.056358098340873304
3140,0.002313677153644165
3141,0.5171765628083294
3142,0.36960292409687434
3143,0.006665731333617874
3144,0.6855294910613263
3145,0.725920712618152
3146,0.003144047871669696
3147,0.8474470316652349
3148,0.010587390971795634
3149,0.007355118924498222
3150,0.008306161846051974
3151,0.017345969459837983
3152,0.010749822871260407
3153,0.005427457943078314
3154,0.19335202192126716
3155,0.0179201715222599
3156,0.012570302751146374
3157,0.007741179814603628
3158,0.28498063229018317
3159,0.010877608042163853
3160,0.007665511607602757
3161,0.24484392437517627
3162,0.025130946537903855
3163,0.6018476349856087
3164,0.012445303301603289
3165,0.07470556788311081
3166,0.11662919694436769
3167,0.012630312043066244
3168,0.005028963490274074
3169,0.004855728859368502
3170,0.007790306386115945
3171,0.04043525968707392
3172,0.004306951623365188
3173,0.08739637740846626
3174,0.7342018504423355
3175,0.16389673956321568
3176,0.005952649021139442
3177,0.007445315323885855
3178,0.01556047142754537
3179,0.00830968901937259
3180,0.006770034442386955
3181,0.031847151282971886
3182,0.010536303733504759
3183,0.8916358288103913
3184,0.014634446002715984
3185,0.4297770804274128
3186,0.29959281186886844
3187,0.03226956922092445
3188,0.04121149498376101
3189,0.03929424515025649
3190,0.2068626298772675
3191,0.963981008648797
3192,0.5634494100001346
3193,0.008737279214920048
3194,0.009060373307125148
3195,0.9620024785901324
3196,0.006782274383467376
3197,0.017091406527642218
3198,0.13539332027306716
3199,0.014937657973238455
3200,0.0018604115919002464
3201,0.478750375149736
3202,0.2898024235780669
3203,0.025069246212851226
3204,0.25541730130182394
3205,0.005674891827840854
3206,0.0019643271216572256
3207,0.010358949410563974
3208,0.02479139733426673
3209,0.011759518878947687
3210,0.14926161107405253
3211,0.9319910003116431
3212,0.021607867927720226
3213,0.7717705242700067
3214,0.04895166215943747
3215,0.0022742390099921056
3216,0.007781461075049094
3217,0.04226522742658395
3218,0.0076836106930286445
3219,0.02453560287583718
3220,0.0060887227662527405
3221,0.010235864001240554
3222,0.01842611545114487
3223,0.3302119884908061
3224,0.008874759968020446
3225,0.004765047068892993
3226,0.05213346829062425
3227,0.8942929405813782
3228,0.0026422241982729825
3229,0.7147482021869236
3230,0.00388661326326217
3231,0.021011365186969878
3232,0.9015731424374549
3233,0.5110940486560347
3234,0.06910232392649734
3235,0.2354352492300369
3236,0.009030907664563
3237,0.012063104517066376
3238,0.6313896198845415
3239,0.002962466590861273
3240,0.015959167647513806
3241,0.009183725009421407
3242,0.23374333880548864
3243,0.015998988523255007
3244,0.003715314415379167
3245,0.0011990547355708373
3246,0.9340091819181789
3247,0.08434552207310234
3248,0.04190125598906761
3249,0.010669679473908946
3250,0.02840999092822765
3251,0.13123697402920723
3252,0.014625652271490278
3253,0.013285436681219967
3254,0.5540478245032269
3255,0.004096152614311921
3256,0.008658501491736451
3257,0.9204490695708669
3258,0.9520255927767763
3259,0.003376263869866409
3260,0.02462637126013999
3261,0.005927295265479318
3262,0.7512089473712488
3263,0.1673626516384723
3264,0.011560267727656531
3265,0.4164607613814397
3266,0.023418080903668724
3267,0.007015768786182664
3268,0.15111205539630682
3269,0.025665917713223484
3270,0.012947961162967717
3271,0.017305501580731162
3272,0.2515452242804162
3273,0.7532298699541893
3274,0.8788850881718192
3275,0.15367841223763812
3276,0.008906763530393373
3277,0.010783777024427193
3278,0.8369179263102163
3279,0.06489995899574334
3280,0.006347015841988121
3281,0.02046021187731158
3282,0.01757216564618478
3283,0.742050521808295
3284,0.042172910960787194
3285,0.0032006945083239784
3286,0.4664376610160146
3287,0.08744859919186905
3288,0.01497528303630578
3289,0.2458528438776077
3290,0.9225148881878593
3291,0.023056104154215582
3292,0.4128633262433925
3293,0.26523882090839773
3294,0.01969900835574475
3295,0.01283270420574962
3296,0.024953900113175824
3297,0.07495696622431021
3298,0.008380746634151733
3299,0.02911555972095269
3300,0.006911439036296404
3301,0.061071961764244606
3302,0.8334495458561972
3303,0.008268734665544482
3304,0.003922374751952007
3305,0.013286237659510224
3306,0.3490188465305145
3307,0.054749778992503995
3308,0.0563201013527328
3309,0.8081562410834203
3310,0.014207440712461666
3311,0.008059774362946276
3312,0.03415863519629096
3313,0.46979995092974064
3314,0.010070327211121523
3315,0.0035915511153553786
3316,0.3302058490924838
3317,0.7540067869464989
3318,0.011687046328084335
3319,0.6784739609961465
3320,0.018499192086239014
3321,0.007183022950915444
3322,0.5349397496731914
3323,0.006218188709733554
3324,0.00816583294225492
3325,0.01308365018172761
3326,0.010289295263598003
3327,0.017636218644972383
3328,0.03342101168781683
3329,0.012720998801102912
3330,0.1157352179807735
3331,0.3080220667884989
3332,0.9612194455422836
3333,0.01885397527029862
3334,0.056840219543956516
3335,0.028219240393746757
3336,0.039105141920026135
3337,0.01833227847759111
3338,0.03744094040415495
3339,0.0032756343325989062
3340,0.06611817689433944
3341,0.030406196039885973
3342,0.26723859911208175
3343,0.36792810905065165
3344,0.5072538397270955
3345,0.7067762402365496
3346,0.6868435498144683
3347,0.6950525168908697
3348,0.8909781353004633
3349,0.012226822873108067
3350,0.005392734154693932
3351,0.031082103980919068
3352,0.6649964470269971
3353,0.009128889107885103
3354,0.14364070606490018
3355,0.21483840145586305
3356,0.9048060438575211
3357,0.017165522851496688
3358,0.26250051973570787
3359,0.4536039188975401
3360,0.6861199261717289
3361,0.2716359760995923
3362,0.013400161366722467
3363,0.04820021545484451
3364,0.7000525867722964
3365,0.8989961753324341
3366,0.7593219216408607
3367,0.02557657371395106
3368,0.011206089548854862
3369,0.0046923169212875915
3370,0.49274023694097
3371,0.9010226578212983
3372,0.933121451897919
3373,0.06509774424721902
3374,0.20291569086225042
3375,0.33338310616089245
3376,0.347025936675099
3377,0.1042751441606801
3378,0.015577178630911381
3379,0.03071168951141421
3380,0.01461469394938101
3381,0.06107140053289315
3382,0.643779528199024
3383,0.0065509449165953165
3384,0.5219204045825547
3385,0.002390170730593186
3386,0.02643674820567505
3387,0.9542279758026528
3388,0.1991895132355431
3389,0.10519034800126709
3390,0.01896265803836938
3391,0.0916798610312008
3392,0.24537370813193626
3393,0.018273659590801274
3394,0.1555619971647209
3395,0.07620438913364729
3396,0.021053542696985426
3397,0.14565306955104784
3398,0.043156668419832594
3399,0.004147818984677434
3400,0.18627352708508146
3401,0.9755360220686335
3402,0.9631604960047704
3403,0.006057129701180747
3404,0.6436324843492796
3405,0.9532926268524566
3406,0.02544886102648403
3407,0.047657342221689006
3408,0.0046953269624519095
3409,0.5775382917196096
3410,0.01620093707620819
3411,0.006546491235941579
3412,0.0022458488926754196
3413,0.007802405493297865
3414,0.3830750531559949
3415,0.4620680072705004
3416,0.004155071705841091
3417,0.019161116251325137
3418,0.00733384250329884
3419,0.010618523598943013
3420,0.005518679666273208
3421,0.004013135908023823
3422,0.6302200689501464
3423,0.001883748008707253
3424,0.4356227820647716
3425,0.38434621496066895
3426,0.06994493631789188
3427,0.028133342502673728
3428,0.009823601947742828
3429,0.0024970925758097855
3430,0.16508558807451829
3431,0.48535840151313814
3432,0.028567998118637403
3433,0.9272966553221158
3434,0.012777000705899606
3435,0.00654969458753408
3436,0.3369633685194473
3437,0.13816595825444222
3438,0.04415769782397848
3439,0.08185891265661104
3440,0.0037409575049128624
3441,0.005119209935765615
3442,0.2612683203453446
3443,0.8709829331407278
3444,0.006119246909789505
3445,0.09125673052948978
3446,0.019690376387701703
3447,0.2790400860063255
3448,0.22187271392114452
3449,0.07983839982609692
3450,0.0028756882811210634
3451,0.1254542720213434
3452,0.2501469383426717
3453,0.0836051998345748
3454,0.02375599642085779
3455,0.7052892340341952
3456,0.0846762902160142
3457,0.0057389275497662425
3458,0.8207943752461841
3459,0.0032526459118395654
3460,0.7757293580841087
3461,0.018787428390062037
3462,0.017590815910272513
3463,0.004592097828479488
3464,0.05124927040966226
3465,0.016821023623211813
3466,0.002817444856102515
3467,0.0037172772890956855
3468,0.5801818617980516
3469,0.015812012565511832
3470,0.014849762672737566
3471,0.006356220841445376
3472,0.004343557989476564
3473,0.02066828673963111
3474,0.005403471683620904
3475,0.0046987417149650405
3476,0.3883465240503191
3477,0.0601775096132188
3478,0.006170385232499359
3479,0.45499032182082433
3480,0.0030670554389199928
3481,0.25883065281428735
3482,0.09948264271990952
3483,0.012331880434124826
3484,0.00364340480649826
3485,0.0038465798120662594
3486,0.9604942303035576
3487,0.7316899085012234
3488,0.07922475607679387
3489,0.5437231135048075
3490,0.8192668213736849
3491,0.20357625179823746
3492,0.003597914451097279
3493,0.020051868050585495
3494,0.013102808818984752
3495,0.009284063231286914
3496,0.26168589338845605
3497,0.011320187720357014
3498,0.018023605153297914
3499,0.4372950791388252
3500,0.056723128939069556
3501,0.016092271881488294
3502,0.04003865470171417
3503,0.8761369628615012
3504,0.018834300747520228
3505,0.011514014240234138
3506,0.04715208068320455
3507,0.032048147808202455
3508,0.055148585137437
3509,0.1292681059164222
3510,0.7802955102132221
3511,0.04453327092366965
3512,0.10643493110448239
3513,0.01666401484055574
3514,0.7264389812050925
3515,0.5778296444666753
3516,0.17861096536573562
3517,0.0707139347369003
3518,0.898436923653051
3519,0.00514694297553512
3520,0.3894639902814339
3521,0.10843279075894283
3522,0.9567098183788895
3523,0.8029920897865671
3524,0.055618965444839276
3525,0.9270319306143335
3526,0.8819956392546582
3527,0.004867700242139988
3528,0.03507474840584771
3529,0.046916609456085986
3530,0.7134552361887382
3531,0.002347074567650006
3532,0.07217075873290885
3533,0.0040172132017827645
3534,0.009726588621347966
3535,0.0025122141843834864
3536,0.46006449999227916
3537,0.1540221543656387
3538,0.05034900367477829
3539,0.8603009982635723
3540,0.02074147759153232
3541,0.00495898495357458
3542,0.12742679641594865
3543,0.006710393647517765
3544,0.04011440196091534
3545,0.1644463662834295
3546,0.005529455685882815
3547,0.2775706826373544
3548,0.009925916743034759
3549,0.36809788910727287
3550,0.1017989116283834
3551,0.05463653858149404
3552,0.00604044976398215
3553,0.1143677598154108
3554,0.045222503854897886
3555,0.6079493707344183
3556,0.6693953886477216
3557,0.057794958888373237
3558,0.007867491732992673
3559,0.02378442079057024
3560,0.06249131791346789
3561,0.856842013757873
3562,0.013778418992575672
3563,0.009925698716165481
3564,0.009505470576103413
3565,0.010489395716303614
3566,0.9493305357301305
3567,0.0034117899448829364
3568,0.07300854242249201
3569,0.00533245730541487
3570,0.03956933405013133
3571,0.027585468087397817
3572,0.6657684244877604
3573,0.15377690696872173
3574,0.005138545732409304
3575,0.11461161247200166
3576,0.012042279051237451
3577,0.004834224217509305
3578,0.19230313088607096
3579,0.44619669970060843
3580,0.894853332889977
3581,0.006623492875605795
3582,0.6350752362964743
3583,0.05016558329156263
3584,0.005754849143783768
3585,0.06137177370450499
3586,0.01611945462719804
3587,0.015481966564170314
3588,0.004190940710398777
3589,0.036127455488118215
3590,0.22323567208394285
3591,0.04339820112380328
3592,0.5236750446353555
3593,0.004511186384555549
3594,0.19663154845784817
3595,0.011794919446045628
3596,0.8971844526802126
3597,0.049541513353139915
3598,0.18591553995198082
3599,0.8168031604629434
3600,0.3556733332428106
3601,0.008239542213243132
3602,0.00616798099339595
3603,0.11543171182297798
3604,0.005615326483613986
3605,0.9292872052380065
3606,0.0052188928935448286
3607,0.018153207996081878
3608,0.006365009201617165
3609,0.005406456819177602
3610,0.07233410971861588
3611,0.0071099578376983465
3612,0.9594618312202075
3613,0.8219561620160938
3614,0.012199578773049386
3615,0.0044317752006440125
3616,0.02668991984732398
3617,0.006597227913967407
3618,0.33420447662976005
3619,0.015781589064267344
3620,0.3488180828263554
3621,0.15560224555715463
3622,0.0037656081006974835
3623,0.0015166640696421727
3624,0.04521485873103526
3625,0.04508781748108731
3626,0.004271240244500969
3627,0.0026696820510615487
3628,0.9033512085161115
3629,0.0034656436492477823
3630,0.005418224757437261
3631,0.008437004551732913
3632,0.0013837813954372348
3633,0.0728867251658279
3634,0.023769910997194735
3635,0.11726255865988867
3636,0.7358362918626971
3637,0.010993663409212985
3638,0.004950192585896375
3639,0.00393781271619561
3640,0.16226446942745573
3641,0.006153823293568123
3642,0.018212655438580635
3643,0.9108304215365756
3644,0.9111707399394525
3645,0.050013831553081395
3646,0.005108054161076548
3647,0.961515369674196
3648,0.06785678384002647
3649,0.9000176838814182
3650,0.8808313887984497
3651,0.002309264966806954
3652,0.041143491426592745
3653,0.10350658198792359
3654,0.537393261073845
3655,0.056124515624889224
3656,0.0036430882993197574
3657,0.41560770586037155
3658,0.010218688612426568
3659,0.005860923373290224
3660,0.008858891459582952
3661,0.029065888145163872
3662,0.02739230735661111
3663,0.071415307302202
3664,0.017637886897000313
3665,0.40516447363381386
3666,0.015269904142203172
3667,0.009192255129465846
3668,0.2007085759787788
3669,0.049508422558743145
3670,0.3880194100721735
3671,0.021550792657747987
3672,0.04586743007788158
3673,0.02124229119997534
3674,0.048707900324853504
3675,0.9560330016370282
3676,0.012575156554508238
3677,0.04436871586615453
3678,0.018282552938511692
3679,0.013207639960470455
3680,0.19725864925959571
3681,0.06251693456855945
3682,0.012034894279175746
3683,0.011244317546578014
3684,0.050865247643136255
3685,0.05950430980146372
3686,0.018745572961681577
3687,0.026515510885130773
3688,0.01456278002977053
3689,0.5307026587872316
3690,0.013874971167821047
3691,0.018751147840497782
3692,0.006363643239883192
3693,0.8624971336075122
3694,0.09208933497218308
3695,0.22812469551338654
3696,0.6350913420020826
3697,0.8339311153117297
3698,0.22240399824422294
3699,0.0835144981389846
3700,0.9408874563911833
3701,0.3112514144394354
3702,0.019421559920709916
3703,0.8744967132127622
3704,0.04223407873980374
3705,0.7193282096913785
3706,0.011174477216806901
3707,0.012322350567431388
3708,0.8759540148718612
3709,0.0023641154799352317
3710,0.10698381469409833
3711,0.06087777561521783
3712,0.7101855610997739
3713,0.03205022799035164
3714,0.005321769024821692
3715,0.010674493481273452
3716,0.0605992481419016
3717,0.005237679471271204
3718,0.008291030385952348
3719,0.6999023458357666
3720,0.00659071452244953
3721,0.221670935875901
3722,0.3652065201741843
3723,0.0017726010780020345
3724,0.007729687233783235
3725,0.9244375473786026
3726,0.16510262549128105
3727,0.1958631625983035
3728,0.161994963061596
3729,0.005267185922635637
3730,0.013735018372179062
3731,0.016339649288125806
3732,0.005445891676586781
3733,0.8785002521341132
3734,0.00676002005905615
3735,0.0014308949019486948
3736,0.07844618181197013
3737,0.7081882101533011
3738,0.07441054848982705
3739,0.045332541363898596
3740,0.952665003330672
3741,0.9162417119858781
3742,0.22577837366550393
3743,0.01424114854839709
3744,0.1727861727341013
3745,0.010480446158562154
3746,0.022302440312065307
3747,0.01845006899435308
3748,0.006465868877572654
3749,0.032058484876330104
3750,0.3814779372313264
3751,0.7550623858371702
3752,0.030269454151433194
3753,0.003636612000916824
3754,0.010258008564053964
3755,0.048016284455930515
3756,0.00737876645743155
3757,0.9251171209668974
3758,0.01664270585170384
3759,0.004951974523619584
3760,0.0055672993068015585
3761,0.4978221114994792
3762,0.024558909651913693
3763,0.01704364426364313
3764,0.02029165842908845
3765,0.024337261498437665
3766,0.8854527868099431
3767,0.028569199372981996
3768,0.039512296068684574
3769,0.12235658597565578
3770,0.024354681476006845
3771,0.0020720208216850186
3772,0.0077260066554110775
3773,0.2633867949677913
3774,0.004221074062221714
3775,0.8028891951562274
3776,0.0023891245255682324
3777,0.8277720749201388
3778,0.3922992419061587
3779,0.015219148966393616
3780,0.07897039177307044
3781,0.0014012990427176878
3782,0.939240536517914
3783,0.8429157329387211
3784,0.006721218695388994
3785,0.950646555590932
3786,0.1195436123551456
3787,0.07049809924536221
3788,0.002783569680596675
3789,0.052146906526851326
3790,0.376528356009299
3791,0.8684685976338562
3792,0.021586688719638716
3793,0.0034657224679489414
3794,0.9003144407153985
3795,0.003655884198261851
3796,0.3316573012617156
3797,0.21684894993888346
3798,0.010525278419640273
3799,0.009709593525759145
3800,0.004687075904860632
3801,0.9651790897767114
3802,0.009420230308871045
3803,0.037659634263177616
3804,0.40156520526441297
3805,0.4179933537098398
3806,0.0853245388876852
3807,0.8475744080485208
3808,0.004164274771915167
3809,0.6864931829392733
3810,0.8261336398009306
3811,0.48035158950943024
3812,0.22519295424144675
3813,0.8433865363178306
3814,0.0029772166251682605
3815,0.05102458431393227
3816,0.3426740954755886
3817,0.003893773360627138
3818,0.11069495547028652
3819,0.10827963092749585
3820,0.05080522175302429
3821,0.03188002171469032
3822,0.8553501326896957
3823,0.20804161863125437
3824,0.02671487203523669
3825,0.940967052495612
3826,0.9377112955154165
3827,0.04709800679074547
3828,0.0032351052595066855
3829,0.5741743005485792
3830,0.9254709766195568
3831,0.8994221993767975
3832,0.9604854926648019
3833,0.0035216001510991433
3834,0.005380737846160799
3835,0.004890745493372354
3836,0.014723033031978534
3837,0.020717078797477972
3838,0.004081985924771823
3839,0.03863915859244647
3840,0.8678662540507802
3841,0.9172170247283766
3842,0.19251554709511742
3843,0.21438176929883773
3844,0.0026286817886056932
3845,0.001964004864798325
3846,0.903159169791363
3847,0.1797349176617515
3848,0.867476169162215
3849,0.6779153941493116
3850,0.9498282335294279
3851,0.00738285058125961
3852,0.013261276387702525
3853,0.07551672069238574
3854,0.11136885433800729
3855,0.2623738156291089
3856,0.04328048457525304
3857,0.008614288041706804
3858,0.9600059117485941
3859,0.00853885621020567
3860,0.004781579791316491
3861,0.0038090522575256096
3862,0.009226552448435543
3863,0.009074438127113565
3864,0.023304269238706536
3865,0.8475850294312216
3866,0.004168780211440825
3867,0.10333230738317212
3868,0.014544572330796566
3869,0.664030873620779
3870,0.012184000236980765
3871,0.46095124860777875
3872,0.3553916379840376
3873,0.732965153686272
3874,0.22412975731683973
3875,0.009752369828198175
3876,0.003456804049718568
3877,0.7553847986935336
3878,0.007623868286682573
3879,0.42290403515173774
3880,0.12811596081980223
3881,0.10569318332880057
3882,0.010565460271929023
3883,0.699985002899837
3884,0.00392412774464142
3885,0.00660984047686455
3886,0.050824173645431125
3887,0.0049085147092502845
3888,0.6206912417691945
3889,0.00869281008540148
3890,0.1912166462305297
3891,0.007286770411095409
3892,0.013011922050853053
3893,0.32148001152433053
3894,0.13224922179622373
3895,0.5900930561010982
3896,0.6319237675454928
3897,0.005591981508372451
3898,0.00529328360607003
3899,0.012885371449838706
3900,0.18420436983019783
3901,0.14272504672285358
3902,0.006373684585372029
3903,0.8213592108798393
3904,0.005041025746989683
3905,0.9036151912096562
3906,0.010664373565499964
3907,0.9378354872895773
3908,0.1123676480439227
3909,0.012061744171162018
3910,0.005995846028296668
3911,0.010586404385102617
3912,0.0032853060881553515
3913,0.8126107092304986
3914,0.004918158449487235
3915,0.03272967737186069
3916,0.248752345435713
3917,0.020510647969251547
3918,0.9637796388892058
3919,0.04687534787596979
3920,0.0084547732512795
3921,0.132918712185503
3922,0.4300622365095069
3923,0.006274919316997611
3924,0.33919179558540546
3925,0.30991885524645846
3926,0.17282981537048742
3927,0.6686876606462605
3928,0.006711381137568405
3929,0.20586978242308307
3930,0.9128282395167626
3931,0.3743421472330273
3932,0.08267841396931702
3933,0.4144129466081804
3934,0.007968973577400614
3935,0.8413352090245608
3936,0.009318406033648856
3937,0.04852433872907631
3938,0.004555454542730863
3939,0.004940513875414146
3940,0.008935448039317097
3941,0.8909867190408589
3942,0.8437188455147893
3943,0.01291408261039295
3944,0.16455827271886098
3945,0.06598712090568523
3946,0.1901988674153708
3947,0.8569477847758367
3948,0.5150003172797013
3949,0.007755343274271215
3950,0.26842442794367655
3951,0.004428522655890017
3952,0.045314979414902194
3953,0.013135782212592801
3954,0.05929846947391743
3955,0.07396405000808012
3956,0.18695712467730632
3957,0.0599827926520099
3958,0.008310339160221232
3959,0.0020234441965878884
3960,0.005783242652865658
3961,0.0075223979766368704
3962,0.07443935591653493
3963,0.003749754410941215
3964,0.003797950786506384
3965,0.07591736980332249
3966,0.9049650228561111
3967,0.8613623118016688
3968,0.003591061416770476
3969,0.46325413952646605
3970,0.01184156669001097
3971,0.009868156023776817
3972,0.06579647314149177
3973,0.025982034587425797
3974,0.007028899736163215
3975,0.11381816494926837
3976,0.29809061821794175
3977,0.02600672391540023
3978,0.7891359713729005
3979,0.006254062150919056
3980,0.023574287912221034
3981,0.002010952501414264
3982,0.1869373773256041
3983,0.6051066547227608
3984,0.008828508585601453
3985,0.08552216566864743
3986,0.037726551285083204
3987,0.25521854908811403
3988,0.33524965436019627
3989,0.2589813643800521
3990,0.694431107315791
3991,0.017824266788781646
3992,0.00653231341406267
3993,0.013237153962998939
3994,0.16975319322746416
3995,0.024952389446479976
3996,0.8537334651421371
3997,0.08732620314132182
3998,0.42825446707131576
3999,0.055814260880977185
4000,0.038429417150224
4001,0.12055667541111831
4002,0.09303740599401739
4003,0.09538046171343552
4004,0.16737884080357768
4005,0.015324911161938187
4006,0.14357260811858163
4007,0.0052069816879032026
4008,0.014954187112049268
4009,0.21895551293262394
4010,0.003696855281127131
4011,0.7502377455703377
4012,0.4521046631590896
4013,0.018821829255765695
4014,0.005164174621604524
4015,0.6522615812022211
4016,0.006557664169982173
4017,0.02072531404941425
4018,0.002184270624928182
4019,0.03807393817438773
4020,0.03250000450929923
4021,0.012922539429988502
4022,0.008313325004934487
4023,0.01429654461626365
4024,0.8951119750768666
4025,0.003779006230224249
4026,0.018733767312785476
4027,0.02302992531241483
4028,0.002187289040895993
4029,0.02060994879269985
4030,0.2896480046159671
4031,0.08166409763540876
4032,0.0076355975863389835
4033,0.001976865271575418
4034,0.0022957570154016707
4035,0.01816697581114876
4036,0.009664599260105154
4037,0.6867310239682628
4038,0.46093209842365224
4039,0.0119448851952602
4040,0.02125288629224947
4041,0.36129742311704943
4042,0.0111578266914807
4043,0.02139859763107841
4044,0.019256835271862272
4045,0.7715814944039735
4046,0.7787545351293925
4047,0.05423789597017248
4048,0.8552818529959272
4049,0.1372660773039746
4050,0.009954463271209607
4051,0.008730087161465835
4052,0.04155028043592599
4053,0.011149319018333659
4054,0.8804772258677651
4055,0.022176566310431873
4056,0.012213873973964574
4057,0.7165641349653044
4058,0.8942388084854354
4059,0.20161976867211398
4060,0.014080562723733807
4061,0.035539667282714946
4062,0.9450460043486397
4063,0.14167851182848168
4064,0.005477984320819699
4065,0.010690439555893626
4066,0.00655861587000782
4067,0.07688116239486531
4068,0.3887999648467979
4069,0.005092945474591323
4070,0.04468689862626852
4071,0.6049237659582507
4072,0.07648594674146023
4073,0.021330338356863855
4074,0.03838288873114245
4075,0.0021683260872508185
4076,0.6147961782031519
4077,0.4323981948587785
4078,0.012104639350096834
4079,0.8236670773834427
4080,0.02686615309805287
4081,0.9130094846375767
4082,0.03130564839156198
4083,0.008141721706805046
4084,0.05330725052953713
4085,0.023869366579929736
4086,0.8241506951129511
4087,0.9151071940204395
4088,0.0653508500901365
4089,0.5220091977915307
4090,0.1315772227655305
4091,0.8202072737107629
4092,0.018678693951573788
4093,0.003550827262335347
4094,0.0038237002927533474
4095,0.7901651529841794
4096,0.02425579482152768
4097,0.054168361645084644
4098,0.8932028270790684
4099,0.029653283533938497
4100,0.008904401801532959
4101,0.43594703339947294
4102,0.20193076141974026
4103,0.06582750429093771
4104,0.007348636242841926
4105,0.1791933163441943
4106,0.005819436095254465
4107,0.0032502031914873417
4108,0.8724621572132025
4109,0.06260650370008176
4110,0.18454284159075152
4111,0.009675689544002681
4112,0.012727843093066167
4113,0.0032811749349826985
4114,0.14536423730474438
4115,0.09269617957215015
4116,0.7166934776561668
4117,0.07688543158202696
4118,0.06310297969204831
4119,0.049095435472245846
4120,0.874352512375417
4121,0.061263504116437544
4122,0.009791753028160112
4123,0.011773040212893082
4124,0.18704966342468177
4125,0.003046364775111843
4126,0.0054790857094139615
4127,0.37823058968718504
4128,0.0025658309916938276
4129,0.11374449940375435
4130,0.01217150864952828
4131,0.05389720466663934
4132,0.002580590091720887
4133,0.14138984705860644
4134,0.02161579547845787
4135,0.878781571958156
4136,0.023003265713762544
4137,0.015883581889421673
4138,0.004028159880132364
4139,0.012841814961966127
4140,0.002687354133917174
4141,0.16776353040497882
4142,0.014364875924260456
4143,0.028103718876073925
4144,0.25254438930296624
4145,0.003958674778572406
4146,0.7145149544160956
4147,0.013582454731409925
4148,0.06040123822930975
4149,0.09899397368515302
4150,0.2250364496529212
4151,0.01032443442659571
4152,0.4833737233266179
4153,0.14157563048269028
4154,0.011586553433418634
4155,0.00851117174038179
4156,0.009570686355698165
4157,0.014274161910879005
4158,0.8876227204357813
4159,0.012285874090814376
4160,0.03494893786193976
4161,0.012084964637450844
4162,0.8053261042611357
4163,0.5449109289991998
4164,0.010460512749331146
4165,0.010783416631930168
4166,0.0034427706103668807
4167,0.9649200040998156
4168,0.004972812378152747
4169,0.015307488858580128
4170,0.2540432133287495
4171,0.7173283368048056
4172,0.16146632973795338
4173,0.007796371039495072
4174,0.0790369972254046
4175,0.7637804063142035
4176,0.04840184765919989
4177,0.007351846503012173
4178,0.008463513121116002
4179,0.008202849385638594
4180,0.20546089288532698
4181,0.2160620458458408
4182,0.00652891001941697
4183,0.023453243796381265
4184,0.10781336748845677
4185,0.001925613899461856
4186,0.007122815965704471
4187,0.008552789656322621
4188,0.33815585114848923
4189,0.02750291666594849
4190,0.0537496960055318
4191,0.01032900056766058
4192,0.008468550666816935
4193,0.3794531184199882
4194,0.41498878821454277
4195,0.5160885854675757
4196,0.02810864530725988
4197,0.0024542380873552915
4198,0.017279384062889022
4199,0.022084461998304394
4200,0.07123449653594816
4201,0.428602661020467
4202,0.2127849786758007
4203,0.5904918080346685
4204,0.019160977112846346
4205,0.032461104529226514
4206,0.5923299461297623
4207,0.01510588496859123
4208,0.008056391080417518
4209,0.23111538436990958
4210,0.01986479661049926
4211,0.8741995434092386
4212,0.021686013147970973
4213,0.04978989671500965
4214,0.010399326813272563
4215,0.2829847474698367
4216,0.02874523489316213
4217,0.0025377936534915933
4218,0.009315847164986202
4219,0.0038081127040070543
4220,0.4206263890316053
4221,0.09647663272203015
4222,0.011621179391141191
4223,0.007208253599727057
4224,0.003969406703589317
4225,0.8020244074788689
4226,0.22049615269459
4227,0.002161549055626657
4228,0.14372129649089604
4229,0.2774955225856306
4230,0.007080469393272075
4231,0.012810676957101572
4232,0.9673880868409162
4233,0.16387130853939652
4234,0.1593067121286822
4235,0.9302762507691181
4236,0.10084828438320638
4237,0.06783291519121613
4238,0.003371579936241716
4239,0.0050906770601976655
4240,0.0340730436100331
4241,0.0032436250330290864
4242,0.18581901833272849
4243,0.1740832332636108
4244,0.01069348860855313
4245,0.02733852377571518
4246,0.00845537574587586
4247,0.007711820128477409
4248,0.736929209963495
4249,0.8966803151312293
4250,0.006218265091013922
4251,0.27457378566521756
4252,0.09162406705359442
4253,0.014968376520576438
4254,0.17104849560918736
4255,0.005606801520584788
4256,0.006869713572908885
4257,0.018481591480453016
4258,0.06307544602526716
4259,0.015046465150137004
4260,0.013123510060570904
4261,0.0050231998017181605
4262,0.9156782140903903
4263,0.0036804966614867834
4264,0.03984350817039135
4265,0.004839818675349438
4266,0.05847308460266826
4267,0.9524940905071878
4268,0.05828171159436046
4269,0.07490962993381328
4270,0.3287001948099925
4271,0.005334749732097025
4272,0.04310295761028822
4273,0.5651986568308417
4274,0.026748405933151462
4275,0.28268365025385284
4276,0.35112872573404114
4277,0.003698399931588778
4278,0.026028409205233468
4279,0.1519910798198023
4280,0.031498861661119835
4281,0.07227399166560988
4282,0.30832741899075
4283,0.40058326295241703
4284,0.12762817838212046
4285,0.2139389251161914
4286,0.04669129908108769
4287,0.009389670373657415
4288,0.048765161669747925
4289,0.020938009262803373
4290,0.8411104164453562
4291,0.016886848013065586
4292,0.02024884412739267
4293,0.019003539624265736
4294,0.07497752867698045
4295,0.01387109402003673
4296,0.004278611952204951
4297,0.04321478966994176
4298,0.0037960893770292645
4299,0.058720203432256826
4300,0.032680457987125204
4301,0.007450731039073571
4302,0.43543137594430903
4303,0.008127321220819455
4304,0.09004698201496407
4305,0.03653347573215471
4306,0.8276503283002509
4307,0.004876544601375288
4308,0.8235662274587424
4309,0.038262059270326304
4310,0.3328204017745669
4311,0.8527690794657901
4312,0.007263992647317109
4313,0.07369280703831026
4314,0.10286268146124997
4315,0.002335718727723169
4316,0.20866853165260754
4317,0.004157169091934929
4318,0.025691722538066786
4319,0.006691431303098127
4320,0.6772649986231476
4321,0.8382861200746786
4322,0.28045747924706943
4323,0.006132472963993899
4324,0.01187691392582169
4325,0.1956240685149601
4326,0.8711490383317384
4327,0.3949761637621051
4328,0.40107078715421357
4329,0.03885261348983449
4330,0.016261985864685087
4331,0.011599734369371494
4332,0.02237773313853331
4333,0.0615588129002173
4334,0.11822321391779733
4335,0.007069970966010985
4336,0.03061099018063877
4337,0.9625355996446613
4338,0.008840825425649575
4339,0.9474875832830216
4340,0.006845077564341218
4341,0.907342114575661
4342,0.10862308545288374
4343,0.7623407163017508
4344,0.012904133834616499
4345,0.4434888747279616
4346,0.1130593255586444
4347,0.05754059303029995
4348,0.006410377877916104
4349,0.13201089697470844
4350,0.8831557106078765
4351,0.004955112198259633
4352,0.9077329739475364
4353,0.019775535533609244
4354,0.013516809659722169
4355,0.01200467316798985
4356,0.013255509756452361
4357,0.008315587746849734
4358,0.05489146557333956
4359,0.03855682631093285
4360,0.012951221219610464
4361,0.021860170249130676
4362,0.6606565321568082
4363,0.05349370076932972
4364,0.08525418612231639
4365,0.02829840918278525
4366,0.06369214193754849
4367,0.16375306948802126
4368,0.05283276742884763
4369,0.022660292226759603
4370,0.5223448389618478
4371,0.8515579921256003
4372,0.009183984875483093
4373,0.007958860423106647
4374,0.002761372401004501
4375,0.0077328279186238465
4376,0.9042876287656859
4377,0.4424199298182723
4378,0.04690825501810352
4379,0.04530567828634675
4380,0.012134590826638156
4381,0.05619169734623923
4382,0.005906065990993051
4383,0.15185066164849548
4384,0.004841353256949882
4385,0.7901305845796258
4386,0.8402877606827119
4387,0.00762860569349518
4388,0.010890378695728724
4389,0.021650357026086652
4390,0.19242466919845713
4391,0.7568659539402135
4392,0.6486892932295576
4393,0.042302317254957075
4394,0.020990908787828534
4395,0.4047218373371791
4396,0.001513571734923646
4397,0.010475133952472723
4398,0.18219129948627
4399,0.02387429073384509
4400,0.3383899823217439
4401,0.016249576860201058
4402,0.433277380462848
4403,0.005291624596145092
4404,0.0658242231539093
4405,0.012256584768306223
4406,0.9029821519826389
4407,0.20439875603272373
4408,0.12993589945457543
4409,0.007539074361680918
4410,0.6054927929225665
4411,0.0038693599247141552
4412,0.06847770715042595
4413,0.003587815996808991
4414,0.03769243652862879
4415,0.016751466842746875
4416,0.7392277598763308
4417,0.6719155154080712
4418,0.0035660814954848762
4419,0.021761765176603613
4420,0.02772314609285603
4421,0.005584597275375196
4422,0.03431346688107163
4423,0.017149866384554208
4424,0.005485842939430044
4425,0.16217962917825607
4426,0.00911487907426016
4427,0.014591109070907573
4428,0.0065840079682118555
4429,0.7495809337584014
4430,0.02670256386208628
4431,0.4859543610195107
4432,0.006192535071188818
4433,0.23113663342295662
4434,0.01902278404930355
4435,0.9126749629748365
4436,0.004390318211989329
4437,0.010973038129277402
4438,0.03999313113395858
4439,0.2706472074225242
4440,0.002838086027800502
4441,0.0071318071882991866
4442,0.03717583203690023
4443,0.0057738685485784645
4444,0.30845040750503877
4445,0.0031285313218989796
4446,0.07354635431634189
4447,0.006689844520693872
4448,0.00972022759999413
4449,0.3568903156738986
4450,0.003280330228479319
4451,0.07565491831443458
4452,0.5524214845460105
4453,0.003936353192504694
4454,0.9423234945348022
4455,0.03397589874392367
4456,0.60679176598887
4457,0.9463860381294784
4458,0.002677192163724106
4459,0.014208976234438711
4460,0.07965699302859212
4461,0.9540654254869203
4462,0.03731873131657818
4463,0.02326176839261705
4464,0.015157882689650298
4465,0.013504700516272667
4466,0.402733095456726
4467,0.49088808355915786
4468,0.2208412735999255
4469,0.00516195464219498
4470,0.05744738507924832
4471,0.41665120048298726
4472,0.051291247561896944
4473,0.2692858558558971
4474,0.8689268525791953
4475,0.004774019091411879
4476,0.05488473421859928
4477,0.8909785779537241
4478,0.010158038842983408
4479,0.5338852810719747
4480,0.08653380818280454
4481,0.07405685375139227
4482,0.0038511227175602515
4483,0.00403486887862249
4484,0.00535893831761635
4485,0.03863816510657056
4486,0.012932140729673825
4487,0.5996383574040801
4488,0.9642840514505331
4489,0.25185238603486537
4490,0.877228439881726
4491,0.006453208347250531
4492,0.8465934747850626
4493,0.01919253549302568
4494,0.022296602801715328
4495,0.8317273944570202
4496,0.0050377513652552644
4497,0.08924510105164479
4498,0.00984786916318528
4499,0.021718371263842892
4500,0.010131226050070774
4501,0.0895774234476937
4502,0.159135991945719
4503,0.0040093210071000624
4504,0.005174319930298066
4505,0.8971306114545451
4506,0.010951586698825956
4507,0.005741086311223819
4508,0.9511311961357131
4509,0.8952468444560104
4510,0.019544469551919203
4511,0.0718603536133378
4512,0.2600474727224401
4513,0.01917879779034806
4514,0.016262574426150513
4515,0.01882343531828262
4516,0.023535685176842833
4517,0.6377338373473395
4518,0.0165804219815474
4519,0.03366995612247349
4520,0.26080655030174027
4521,0.005586386253605977
4522,0.00428707504715174
4523,0.8489567706464265
4524,0.014009176662097209
4525,0.021221931269779473
4526,0.007186221554784621
4527,0.12142801907073111
4528,0.5335245255787635
4529,0.005331731065218669
4530,0.003790063647688748
4531,0.0340632788078573
4532,0.6173272209352698
4533,0.35622153627936926
4534,0.007183083520264102
4535,0.1563648246647341
4536,0.010904938552215694
4537,0.547120193766159
4538,0.012247238246094465
4539,0.01591684858622963
4540,0.016940889823480364
4541,0.05089364562610304
4542,0.028789734365200798
4543,0.509866019400394
4544,0.1488208588183418
4545,0.031190235842282848
4546,0.8604112521653432
4547,0.10053526897641912
4548,0.022448293588010187
4549,0.015779997186032596
4550,0.8571705483751391
4551,0.004184588589602264
4552,0.4760720192789806
4553,0.7688661187578463
4554,0.18631190515625684
4555,0.31708581444966316
4556,0.05132624412858207
4557,0.2850525717328923
4558,0.073804592420685
4559,0.22797457701709628
4560,0.9148706725989493
4561,0.029805427600284765
4562,0.009769594340568222
4563,0.03559067768051905
4564,0.02116788629997569
4565,0.003356130272609736
4566,0.008721521152400658
4567,0.06510381450676034
4568,0.004309496247501652
4569,0.8586559485019427
4570,0.0018965158412614115
4571,0.1121268910745461
4572,0.02151901908034181
4573,0.04630581865021305
4574,0.002835349557337202
4575,0.4476448383648089
4576,0.18602815673745782
4577,0.7206629089796048
4578,0.09556096749650636
4579,0.007787253400498889
4580,0.02623011393085872
4581,0.017214869182456422
4582,0.08724041778295678
4583,0.03450703030596068
4584,0.02668402171058143
4585,0.08112591977400788
4586,0.3398146070118834
4587,0.03942519342878104
4588,0.0058637697945296725
4589,0.4393706964500269
4590,0.04899857129873973
4591,0.09974388775959489
4592,0.6900209751880952
4593,0.005088680032255866
4594,0.0063790954872072324
4595,0.22832160534404497
4596,0.26035099800201383
4597,0.01726798773147773
4598,0.3028321167543222
4599,0.7998816347274355
4600,0.2450093859504887
4601,0.006568181994599257
4602,0.7844877749020659
4603,0.529604010612723
4604,0.2102443674631705
4605,0.001214543480350476
4606,0.9013415918691358
4607,0.014366858091864384
4608,0.02527981081846685
4609,0.012374004391488901
4610,0.007969830040386067
4611,0.01976314945562046
4612,0.06522989576135481
4613,0.9444998275176207
4614,0.09808852807194723
4615,0.0019531655226733904
4616,0.06702669812803823
4617,0.8051199478379221
4618,0.5269647400598747
4619,0.6654859036669901
4620,0.4079185889254868
4621,0.004737024859097443
4622,0.863373272209149
4623,0.0972157989254015
4624,0.04025829363497394
4625,0.7761201209537191
4626,0.794395226425505
4627,0.002771880803796509
4628,0.013007492136592672
4629,0.05770331990427179
4630,0.6966695987504437
4631,0.008761673799923935
4632,0.017667546183696706
4633,0.8890306864690785
4634,0.07776883436940323
4635,0.935732265288137
4636,0.40824681195195894
4637,0.32568426220212354
4638,0.30263137161021647
4639,0.07331445544966546
4640,0.011391167965706014
4641,0.8745029531471862
4642,0.0036384058016582853
4643,0.00826846615660553
4644,0.010415976761445298
4645,0.023480374688024983
4646,0.7414814930954536
4647,0.005317497807505794
4648,0.0027961460784239308
4649,0.0020769386742225697
4650,0.020521986809327007
4651,0.04261850538258278
4652,0.007694515736003384
4653,0.36316788342116
4654,0.2872576751020303
4655,0.014098412888088187
4656,0.428527021473356
4657,0.49628362277635973
4658,0.0031170110845794197
4659,0.01023939434989197
4660,0.005767996934178325
4661,0.9545909641064787
4662,0.2096561444537563
4663,0.14863654621990902
4664,0.0024100559948968844
4665,0.3548331122170779
4666,0.010759943903330817
4667,0.907405734052096
4668,0.16057427753194464
4669,0.01534250496396524
4670,0.0192946890566645
4671,0.010888257917476956
4672,0.05053640537066485
4673,0.004914217338156972
4674,0.02057094347132744
4675,0.6891329113783253
4676,0.044985548348192586
4677,0.8470340534817803
4678,0.10890389264458392
4679,0.6039952692703371
4680,0.01580364702552272
4681,0.8262304152439731
4682,0.03186127922227522
4683,0.10046724900562193
4684,0.010603337869278594
4685,0.6794235453212332
4686,0.007360319807973285
4687,0.950342655082516
4688,0.8723694649014404
4689,0.008075381112725268
4690,0.8997300306210614
4691,0.03977325237906579
4692,0.9463136939159495
4693,0.6920597490431588
4694,0.009836669941761144
4695,0.03822643851578463
4696,0.9501160829187054
4697,0.04146367638746026
4698,0.008495230552467
4699,0.02270718706211743
4700,0.5210493087106985
4701,0.5539703743444496
4702,0.8766136276951654
4703,0.23223763167299324
4704,0.5090274385216379
4705,0.04868163917189421
4706,0.2858762275588438
4707,0.33379295700815215
4708,0.14665039981117964
4709,0.9072018875515885
4710,0.005304564351506452
4711,0.05823440446321869
4712,0.029786694287088255
4713,0.009222876256974818
4714,0.03712584122923837
4715,0.9675288284249327
4716,0.01554245585712355
4717,0.022558931187269225
4718,0.016683603250389076
4719,0.01646093101457211
4720,0.03587245268467109
4721,0.7067118374118604
4722,0.011341845435485307
4723,0.01719522648429963
4724,0.002451084647668391
4725,0.03441569834814931
4726,0.8564899165547109
4727,0.004373048416584655
4728,0.49000176730412626
4729,0.16334341178659062
4730,0.21612783840988914
4731,0.9411823352270934
4732,0.019262888946004874
4733,0.0022335258231807715
4734,0.0012811883175990965
4735,0.007669029817994589
4736,0.9459091337290237
4737,0.0042927833047757165
4738,0.8953464895430192
4739,0.15296303829580285
4740,0.2721895054481863
4741,0.17595731448450408
4742,0.01169779752417794
4743,0.8687566048382804
4744,0.884505627909024
4745,0.04151726112841666
4746,0.5418999605563615
4747,0.1064053526954542
4748,0.0026769977257376752
4749,0.07225290818927278
4750,0.7259509134889404
4751,0.16715032275011737
4752,0.010601432359113278
4753,0.0691346513889407
4754,0.13129617479670377
4755,0.008410555379575822
4756,0.9059415231683987
4757,0.810877397045846
4758,0.39543225881786964
4759,0.05468329333950423
4760,0.09445672794695234
4761,0.22304240164766753
4762,0.032229593655750725
4763,0.05464919400874731
4764,0.006839217647583434
4765,0.056862670563267596
4766,0.17181507098953636
4767,0.02725395209914815
4768,0.1618707296541291
4769,0.17334696708429922
4770,0.8721161455923443
4771,0.50814325473121
4772,0.08505805830311436
4773,0.8887238158905482
4774,0.018199441972320617
4775,0.004329666341216102
4776,0.019179588637717137
4777,0.019966514924986672
4778,0.014170785114716101
4779,0.004771471054121577
4780,0.01527009400382771
4781,0.038033683828142636
4782,0.04298894200964354
4783,0.061893018901689544
4784,0.03928189448535378
4785,0.08689938621963003
4786,0.0036180919923039906
4787,0.025279856621748805
4788,0.018912743160381933
4789,0.14422672864161246
4790,0.021106361665460652
4791,0.008934248566505956
4792,0.4557216769294615
4793,0.09131469659846729
4794,0.8893201108558404
4795,0.008411074663443598
4796,0.614882809154534
4797,0.4622983540628828
4798,0.8097998642674163
4799,0.5633234543201403
4800,0.10318144336718377
4801,0.04696575551373843
4802,0.03929610628092678
4803,0.9447371676001871
4804,0.520555998013088
4805,0.009574724860940836
4806,0.09978591727740929
4807,0.9393339929991298
4808,0.742854163522362
4809,0.13338425099707696
4810,0.015102663553494357
4811,0.0014610483007678422
4812,0.020902665909963033
4813,0.31831511077732993
4814,0.35791090263913483
4815,0.04976669038251826
4816,0.3825306470238839
4817,0.02493100031086845
4818,0.20914355393767603
4819,0.0029470947176463
4820,0.8486286501585838
4821,0.0437929567668824
4822,0.07461487180204608
4823,0.005600684737708818
4824,0.005144807594370064
4825,0.010303826210534774
4826,0.8412032188133256
4827,0.06129228787560502
4828,0.020872643151930163
4829,0.0020609647836210485
4830,0.7172972383339911
4831,0.011928134574195594
4832,0.8821450128155173
4833,0.11170347777336448
4834,0.006829436042380923
4835,0.0048866025637361536
4836,0.5639721631132599
4837,0.11746944560588636
4838,0.039685153079273526
4839,0.29039097096506183
4840,0.8930685617475603
4841,0.019340124852184774
4842,0.03469649637395774
4843,0.35860052768980133
4844,0.0535751054048786
4845,0.0025346844655901083
4846,0.30977029666548783
4847,0.0038518244735707553
4848,0.033038354790382155
4849,0.21746522013182545
4850,0.586253798259526
4851,0.0020992649789770687
4852,0.7434729475615576
4853,0.003904620118101347
4854,0.3162734806925887
4855,0.058672184142181935
4856,0.7372467499662101
4857,0.9447371267796094
4858,0.00395568984774229
4859,0.007441737921294736
4860,0.6108956578736178
4861,0.15045934745225095
4862,0.02732063174752191
4863,0.039670698115378454
4864,0.7074910372735865
4865,0.5219747796548303
4866,0.009953954901721514
4867,0.0023491422354876773
4868,0.5269291803159716
4869,0.07930402832783033
4870,0.33956139700988347
4871,0.00620750681019832
4872,0.013366395910891593
4873,0.06385575751390288
4874,0.8414001452555779
4875,0.9269866580901325
4876,0.07844406668906229
4877,0.007880091499467749
4878,0.9651542469983232
4879,0.10613845553577665
4880,0.014710144272758166
4881,0.004350018121179708
4882,0.18662458621371636
4883,0.01617172645800756
4884,0.2266852665873209
4885,0.005799982567187132
4886,0.00949653723310941
4887,0.01742009630727658
4888,0.019628681770800543
4889,0.01070572356001162
4890,0.8949377593119745
4891,0.09709289856013255
4892,0.9223157014314245
4893,0.011722205111598038
4894,0.04159068347682224
4895,0.8423024386489366
4896,0.033550835626773114
4897,0.013942109141105843
4898,0.12946281828255699
4899,0.8604677852045286
4900,0.004815324324518076
4901,0.00957034483368696
4902,0.002675692100422474
4903,0.9608354005027554
4904,0.7382370621435814
4905,0.4181749900599659
4906,0.005133841814159877
4907,0.01326160597589622
4908,0.007385104366333398
4909,0.00965788653421842
4910,0.29869298841348646
4911,0.0026427596978098136
4912,0.014086584251088061
4913,0.7646597251684298
4914,0.7888515973831867
4915,0.5899126603822211
4916,0.8320293302170132
4917,0.008118594652117566
4918,0.24494343432881244
4919,0.035607157744864545
4920,0.030093676628476253
4921,0.02452842836697057
4922,0.02689276565098692
4923,0.24843674559429918
4924,0.01977785571142436
4925,0.8026362722403944
4926,0.015505898727250611
4927,0.03945130407116312
4928,0.006147021610981802
4929,0.013800040524063811
4930,0.02486443930186758
4931,0.010771627664458463
4932,0.009076581867109215
4933,0.013332437588283483
4934,0.06475196790460926
4935,0.007431212909863765
4936,0.20864762170420711
4937,0.1555426186292302
4938,0.8723735792157907
4939,0.0028040287970027074
4940,0.04799929388563343
4941,0.08087621935181175
4942,0.037439543232215065
4943,0.8674107613798491
4944,0.8395139659742783
4945,0.3361917747233943
4946,0.021273508002521948
4947,0.3768324224781492
4948,0.20781668443366072
4949,0.009273958189370006
4950,0.0032705933095544975
4951,0.01273652649375735
4952,0.018982488810851277
4953,0.002716214011165459
4954,0.03537845294130574
4955,0.07783022179612588
4956,0.9294448477019013
4957,0.005062653899054423
4958,0.30741697808183155
4959,0.3580059891872415
4960,0.023118515198020252
4961,0.004646649038191104
4962,0.7730940960365671
4963,0.09270671015200888
4964,0.7643941571841302
4965,0.0023161387951268343
4966,0.16234713133424916
4967,0.006195120886197213
4968,0.03591773556650481
4969,0.7330174262729463
4970,0.02194991844504521
4971,0.09599878788027927
4972,0.22820994497570743
4973,0.006132510568419647
4974,0.0019489359336979707
4975,0.8229706050001744
4976,0.015550128804281567
4977,0.0033815582973463743
4978,0.26771010934019807
4979,0.3547495754942615
4980,0.957415283126309
4981,0.5803621470870359
4982,0.024396837510927576
4983,0.004363130097000699
4984,0.03741904831468519
4985,0.7878906585283086
4986,0.5575390294561712
4987,0.6105052206201758
4988,0.6385680478357205
4989,0.0030267129926806018
4990,0.08028482674208465
4991,0.09116985708333523
4992,0.06304899414205012
4993,0.03290105316287769
4994,0.06366884980840146
4995,0.007212478436968517
4996,0.14398287276438923
4997,0.0036662029802144508
4998,0.5770300062326417
4999,0.17567150901691717
5000,0.3690265290358552
5001,0.009483559404739314
5002,0.01283289756215119
5003,0.021696689426561604
5004,0.006996489490537573
5005,0.38156534241696305
5006,0.014827569421534965
5007,0.8194243888663351
5008,0.9010424762854647
5009,0.9687649209463607
5010,0.04519557457604669
5011,0.09807102393433244
5012,0.006496902926004019
5013,0.6338937920436692
5014,0.03447279945943947
5015,0.36018201188162563
5016,0.006585636664737372
5017,0.003630906344798965
5018,0.04847145975294077
5019,0.35498082207730364
5020,0.03302480915406389
5021,0.07440870121427978
5022,0.10097296036676086
5023,0.7520399706793928
5024,0.004541434608063413
5025,0.006270509992469298
5026,0.008003044785754376
5027,0.008313108945150194
5028,0.006538499136877823
5029,0.08000680747066294
5030,0.19281162499918283
5031,0.008750273908635139
5032,0.03248558428840508
5033,0.001640670933131849
5034,0.002391988073944313
5035,0.018928744455827554
5036,0.006416865835715931
5037,0.4521546097751379
5038,0.012694086489502114
5039,0.001902655579497584
5040,0.8428476427252812
5041,0.7672059165682766
5042,0.0069068702266491915
5043,0.01576577514210873
5044,0.027407948068573773
5045,0.028792356808663797
5046,0.04985987179165572
5047,0.029207074837863747
5048,0.8837980698350618
5049,0.0026976557420844926
5050,0.014111099666980015
5051,0.004381044111075019
5052,0.025430602274907323
5053,0.5662856559791026
5054,0.0016833334509969663
5055,0.0387438367183237
5056,0.2718678415316997
5057,0.04318726863297441
5058,0.004220102056124824
5059,0.007225236049102141
5060,0.012883812879331382
5061,0.005084008805433412
5062,0.004322224302155574
5063,0.003119268288123986
5064,0.018854506591682245
5065,0.22349040285571758
5066,0.377287047020251
5067,0.0754012473792832
5068,0.004675773885176189
5069,0.1760928671597266
5070,0.028148798731987085
5071,0.776873274378097
5072,0.2936231609326665
5073,0.6562780125388662
5074,0.7837582480253485
5075,0.003345141708529107
5076,0.06233918051022391
5077,0.0035938016360611198
5078,0.018431465910428855
5079,0.005469781977992934
5080,0.02829953515609767
5081,0.911861479891449
5082,0.019386501899813835
5083,0.09655151450095995
5084,0.10680182037196798
5085,0.044566785868629964
5086,0.751036763503411
5087,0.8784939331729766
5088,0.005431145938497169
5089,0.04834197603136327
5090,0.2189159995940621
5091,0.4696318582802084
5092,0.7003162291733034
5093,0.3961741642296698
5094,0.020646793564736584
5095,0.01617759503941747
5096,0.03698504981841174
5097,0.5500490073269797
5098,0.04636515249391597
5099,0.016291893667384455
5100,0.7606670372688782
5101,0.030944301370904134
5102,0.012340486384169087
5103,0.593208899743572
5104,0.278172278967757
5105,0.6346889068923708
5106,0.0016077629290266139
5107,0.14981484436458734
5108,0.5689767132955587
5109,0.9549276255919505
5110,0.00925371016909984
5111,0.872678487078415
5112,0.10268344147355445
5113,0.007329473612731825
5114,0.003569319205338691
5115,0.613443195132396
5116,0.08896885019248907
5117,0.007425654441113217
5118,0.00954726760791091
5119,0.14892224852450517
5120,0.0064147330295913334
5121,0.055829560163764
5122,0.32484117871518936
5123,0.8524637491473757
5124,0.12707376383639052
5125,0.8002318225333558
5126,0.45264293680576084
5127,0.009018799379219728
5128,0.008050309669702584
5129,0.7449174866648712
5130,0.020735258772680835
5131,0.0948389958718128
5132,0.022992462415540812
5133,0.6883977525828782
5134,0.029709300785142445
5135,0.03205613821004319
5136,0.025482593567197523
5137,0.003931087554780862
5138,0.008645773963009813
5139,0.038800539455227684
5140,0.1804900351585989
5141,0.017686489789217698
5142,0.024881946049354876
5143,0.013407532064019236
5144,0.00880938181881015
5145,0.03899626432916149
5146,0.029140180517550247
5147,0.00849765355897409
5148,0.01135653724149577
5149,0.01269017382758105
5150,0.7536942466102732
5151,0.7780259685353608
5152,0.012813974950930687
5153,0.880423482079173
5154,0.2802653692358479
5155,0.08349124443980825
5156,0.02475225636357515
5157,0.0031089071107907092
5158,0.15530819851087796
5159,0.013245481374162576
5160,0.1020095434876565
5161,0.11568483577371227
5162,0.08863458102524267
5163,0.00930845352773883
5164,0.19362852074933556
5165,0.7484045765844836
5166,0.3462403998102639
5167,0.011022154288824745
5168,0.236692668611075
5169,0.0831863422253235
5170,0.04538062004888913
5171,0.008921485113358935
5172,0.7317811087675343
5173,0.9228917052894949
5174,0.0312787503298084
5175,0.023910008321749377
5176,0.010504467805370874
5177,0.9478154724896195
5178,0.5620242686863213
5179,0.002274799570975976
5180,0.18785971966889697
5181,0.26563225903244264
5182,0.9234672100655108
5183,0.006670611306467258
5184,0.02389225286289886
5185,0.7529641201971288
5186,0.015463739538138782
5187,0.28154750540944573
5188,0.2179481634136179
5189,0.9574334632959339
5190,0.5542828360198397
5191,0.012318034731917768
5192,0.028326351030835285
5193,0.01712480618094237
5194,0.8307910265279713
5195,0.3262350056532886
5196,0.3370543482776946
5197,0.024232129890981977
5198,0.03872474418013457
5199,0.009945838445439252
5200,0.004086206858903914
5201,0.01219731958214183
5202,0.0014713594356263902
5203,0.020977132198836415
5204,0.2318689167569564
5205,0.12660368353478524
5206,0.019262088339126102
5207,0.54545226810396
5208,0.2724215594137555
5209,0.0046311405285416815
5210,0.3455590480357598
5211,0.025218524199663944
5212,0.14113220163155324
5213,0.04531473731219265
5214,0.006801359119472608
5215,0.00634215428236363
5216,0.15285361646901352
5217,0.011486179575936846
5218,0.01236215314665475
5219,0.0011587229705959001
5220,0.007600877753274174
5221,0.004684446185807415
5222,0.5298712084063647
5223,0.011460805225179522
5224,0.03177990876095749
5225,0.034765647671336726
5226,0.0463126375936716
5227,0.8934812871059263
5228,0.5942525900392064
5229,0.02299841251014929
5230,0.4103046109503814
5231,0.008145122890816897
5232,0.019127116677427263
5233,0.782955212898659
5234,0.009815990026221475
5235,0.010218245317786966
5236,0.25723181674146883
5237,0.9128846120348229
5238,0.0956730780186735
5239,0.00662370158763143
5240,0.01857408929215876
5241,0.010694410751144752
5242,0.001636298439789502
5243,0.9490892258927008
5244,0.13424679864152336
5245,0.014478915496758305
5246,0.9642041709938265
5247,0.30012942305607626
5248,0.148258073180627
5249,0.005877508082592152
5250,0.005187818475737908
5251,0.004830668301254662
5252,0.001966501559845171
5253,0.16820184100196003
5254,0.8270020143681223
5255,0.9605721156247307
5256,0.8545940034197593
5257,0.001303214798988847
5258,0.03810859666973797
5259,0.008967435778050998
5260,0.6632226300985471
5261,0.09470241420880947
5262,0.014803016056684102
5263,0.8802815005836129
5264,0.01624942902949421
5265,0.00260709876008163
5266,0.7402578789295811
5267,0.7492830864791677
5268,0.21454583589902887
5269,0.04138790141723415
5270,0.710510168972279
5271,0.5731206820889024
5272,0.06572605672379064
5273,0.7749207547039789
5274,0.026876427778456363
5275,0.019203340623800816
5276,0.0028227652533887758
5277,0.7648106056996727
5278,0.011937842814434062
5279,0.012628776150461025
5280,0.04746324895330005
5281,0.015271951698760042
5282,0.8582981582042238
5283,0.010561461749581676
5284,0.5021805969386164
5285,0.010977084794985107
5286,0.4266689231599444
5287,0.0047547641780486495
5288,0.11137406108266473
5289,0.0035478986359072087
5290,0.5153425824788179
5291,0.0031127399402816063
5292,0.9325630459432703
5293,0.12756973059769414
5294,0.6610083687757993
5295,0.008138940517521953
5296,0.0029849627463732487
5297,0.9066580274974023
5298,0.15069694308847553
5299,0.09046329512099921
5300,0.027681742624885118
5301,0.01024772363861361
5302,0.0018798705604118132
5303,0.10662694022970443
5304,0.010658107510106256
5305,0.005222553081652181
5306,0.34606743341557095
5307,0.006842433669368054
5308,0.0546864848472757
5309,0.6148630768037987
5310,0.0718360765354735
5311,0.527241368824892
5312,0.8099910125039648
5313,0.08958710871211766
5314,0.7882837636860152
5315,0.013402508973835537
5316,0.7402317968749241
5317,0.07324574648416464
5318,0.004921114868687275
5319,0.0014030186675168636
5320,0.016186610401919547
5321,0.8386633237117644
5322,0.01414910477212349
5323,0.7326646188073536
5324,0.13195116248373273
5325,0.02240430173086119
5326,0.016849832121961374
5327,0.024373512085720295
5328,0.005868786985288019
5329,0.09534681363418265
5330,0.9065154656295561
5331,0.012677685030083404
5332,0.004232894710527371
5333,0.5223448398246011
5334,0.687489631669702
5335,0.02743996316408718
5336,0.053784893847059936
5337,0.015457813206184973
5338,0.04960655897491481
5339,0.006672918052228831
5340,0.0016784502356212456
5341,0.3128513327072371
5342,0.30073475615556733
5343,0.19325214675378014
5344,0.4576696614387348
5345,0.006384855559344482
5346,0.004633921676473856
5347,0.020184611645570685
5348,0.5520140840700699
5349,0.07227310098336333
5350,0.0519762945551345
5351,0.06109190915461128
5352,0.18638945399524787
5353,0.00567975242232096
5354,0.00527809199991038
5355,0.017451888603159847
5356,0.26811299834744895
5357,0.1799100582139563
5358,0.026062621972605216
5359,0.05366132978259732
5360,0.02732867706409852
5361,0.003929806661607929
5362,0.005961563671613319
5363,0.4050492880782282
5364,0.011427146179611637
5365,0.8059854536155974
5366,0.8378737004947219
5367,0.9616023612110436
5368,0.6604101841585879
5369,0.8791397025565598
5370,0.016559104891620338
5371,0.03288215010719054
5372,0.35463047050812113
5373,0.039781693071566905
5374,0.009608005329998663
5375,0.0712861235359848
5376,0.8738933466703137
5377,0.008938898600452688
5378,0.005267252620331699
5379,0.9672165314840411
5380,0.0038019714295370152
5381,0.02382273110164829
5382,0.00349634891408261
5383,0.0307744748630073
5384,0.0033471132217914703
5385,0.0889299809916515
5386,0.009333732863803276
5387,0.04938002843296755
5388,0.1532320437598391
5389,0.9245418274807432
5390,0.0036920634655204106
5391,0.012149064797227311
5392,0.794952658741293
5393,0.434459951066707
5394,0.002883087740956393
5395,0.03359806592625022
5396,0.048810477166936095
5397,0.11136807430789579
5398,0.8796558125964251
5399,0.008486515754886691
5400,0.029866329160524705
5401,0.007003324745688993
5402,0.10587351716243583
5403,0.019072490527133206
5404,0.010179735973274588
5405,0.0961950843077321
5406,0.005143331128028467
5407,0.020367351726167406
5408,0.019188546792524668
5409,0.8208046181650439
5410,0.0014559960203384015
5411,0.4133820680611524
5412,0.1667141919839064
5413,0.011997558154360934
5414,0.36974033274764445
5415,0.9564997753285869
5416,0.017798198181034938
5417,0.07129843687281634
5418,0.01628963965149391
5419,0.8490957447162508
5420,0.03168448101091093
5421,0.6303145393536412
5422,0.789026103308665
5423,0.02602485432040306
5424,0.0065261466987299515
5425,0.11552535476433659
5426,0.0034903758773759614
5427,0.07374392914100118
5428,0.18571514573117356
5429,0.018950291733557167
5430,0.906990020880819
5431,0.8904903146359313
5432,0.005233496538288809
5433,0.952869633904426
5434,0.9329593477803418
5435,0.02370814858842754
5436,0.5741666750762656
5437,0.00698396223252476
5438,0.3357961734456929
5439,0.23845940553995235
5440,0.0034925022123577783
5441,0.007278066579174844
5442,0.8222124937281806
5443,0.011997882944864738
5444,0.009012542849819997
5445,0.005043486101310852
5446,0.04237181958479848
5447,0.009137863785221781
5448,0.8408113594017455
5449,0.5940412887527168
5450,0.023306693404917103
5451,0.020228147342495163
5452,0.7340350709896533
5453,0.0059071488191804146
5454,0.006025810143121164
5455,0.3445773128048115
5456,0.09882208003754883
5457,0.0024733214797147004
5458,0.03468105449427974
5459,0.9579773091371411
5460,0.02181608636995048
5461,0.010333717698330584
5462,0.09421745728774102
5463,0.014635960966458882
5464,0.03879675504270937
5465,0.8699801819212523
5466,0.03763235090991063
5467,0.5247650982506804
5468,0.03738778734327625
5469,0.44338792672614247
5470,0.012770235589697462
5471,0.9091525116826922
5472,0.8656513655268977
5473,0.2890367528598814
5474,0.8779562003309584
5475,0.0046217153546087904
5476,0.009377818155527642
5477,0.0022311988516218275
5478,0.2738918227688827
5479,0.005230813261021123
5480,0.5321678845413759
5481,0.9186809892832111
5482,0.012945543178523384
5483,0.8814396756482422
5484,0.01493523633773706
5485,0.9110674182333369
5486,0.02845754891877157
5487,0.04582977855463189
5488,0.12961550673405686
5489,0.012544660783212213
5490,0.8605750404718282
5491,0.0416165888481391
5492,0.026852172813501846
5493,0.19484590963545156
5494,0.016661597552493825
5495,0.011108224635489218
5496,0.009571492627632034
5497,0.05683006707860577
5498,0.006520576377283847
5499,0.03372179511471071
5500,0.08225908992599339
5501,0.03667995180149959
5502,0.448260743942548
5503,0.4277950679531666
5504,0.23084490486838674
5505,0.15928566226940877
5506,0.07805501477379809
5507,0.9058710095281157
5508,0.004256389276723871
5509,0.009296720943161328
5510,0.0496470385048934
5511,0.7817893499289734
5512,0.007949253339275488
5513,0.08265342165988368
5514,0.38276079717077993
5515,0.06179260265276382
5516,0.0029976891345202664
5517,0.004838594123257272
5518,0.003478751701712582
5519,0.015694240517938753
5520,0.006116361802792913
5521,0.0014637607941449453
5522,0.8815612298350815
5523,0.1563017752778396
5524,0.01283068695098875
5525,0.0016422332362034167
5526,0.003047488430391152
5527,0.9368095429933525
5528,0.0061142029787698265
5529,0.14251510461939154
5530,0.01708419715353282
5531,0.019073569002309103
5532,0.09832475138172042
5533,0.002482427759740796
5534,0.6157539128950527
5535,0.008886508416346469
5536,0.36307737438542864
5537,0.5126293700682236
5538,0.0030328350689800055
5539,0.005220694318498828
5540,0.016688314873061175
5541,0.0033493790232310655
5542,0.0021567195962243443
5543,0.0896090536016283
5544,0.008703312549488012
5545,0.014361587241894095
5546,0.9318953611441767
5547,0.9674483233710869
5548,0.03163458375880024
5549,0.010462120275415258
5550,0.9006727722659768
5551,0.9037815725651803
5552,0.006309696165849911
5553,0.0037484697020372998
5554,0.00584009503231434
5555,0.0681368130925275
5556,0.026801602044930654
5557,0.8362280776252687
5558,0.007934243071955114
5559,0.021573611427609475
5560,0.10165182800145775
5561,0.033639921305865926
5562,0.4602998927356144
5563,0.837144507517519
5564,0.03034310121556607
5565,0.10256857952287068
5566,0.16045787154390723
5567,0.7440126829214035
5568,0.6751507305688489
5569,0.7588611789312154
5570,0.04252347084386631
5571,0.009845134182180637
5572,0.007269276121527813
5573,0.9249534427715767
5574,0.6036960065995592
5575,0.6183491060287427
5576,0.03577374847372623
5577,0.009473225814297728
5578,0.8823274752442787
5579,0.19972592227174385
5580,0.0032118902949351594
5581,0.0035195828562149083
5582,0.07847292814792252
5583,0.014051494971777434
5584,0.8868037712558133
5585,0.0034266743193460637
5586,0.023179364495674284
5587,0.017265651010125276
5588,0.002888139005373317
5589,0.04261137843852972
5590,0.7156744406252427
5591,0.06504913197650286
5592,0.004082841885088047
5593,0.6404800496809622
5594,0.022317425349963338
5595,0.7113532046361946
5596,0.9162716821446255
5597,0.004888611463941617
5598,0.018692958224468623
5599,0.7159280179289584
5600,0.9259568234052771
5601,0.00752568714959758
5602,0.40587306944312973
5603,0.03535910119524188
5604,0.7987035160190872
5605,0.017014029963377808
5606,0.037227171721732434
5607,0.08341286362979418
5608,0.8093360595758967
5609,0.037695686248566375
5610,0.5095267065659255
5611,0.1988114853245954
5612,0.8791980724980302
5613,0.0039027548479138433
5614,0.009938502899841838
5615,0.16212230325372207
5616,0.04299337935222117
5617,0.48927404396292246
5618,0.382647509075828
5619,0.7462528609157548
5620,0.03691166184493566
5621,0.0067553510364282785
5622,0.023838555100522494
5623,0.5742720461054817
5624,0.5780693583705568
5625,0.6681315887177222
5626,0.9585461249661685
5627,0.04747820767551493
5628,0.8674289063436691
5629,0.00488397008216897
5630,0.004597105525515533
5631,0.09556166448288878
5632,0.06662615017410028
5633,0.0260260128629491
5634,0.01743366252568211
5635,0.003012414988986934
5636,0.6260955289421941
5637,0.0036890876451315486
5638,0.0020758111878127704
5639,0.8710731018740052
5640,0.7023824604674449
5641,0.01239403345892692
5642,0.3828918472196078
5643,0.5428190026334173
5644,0.03347448762372342
5645,0.03632783909212596
5646,0.48906238147458747
5647,0.022493351825252396
5648,0.002250387234791174
5649,0.09019697929843187
5650,0.03672620002683293
5651,0.8425430194279253
5652,0.05807570905017344
5653,0.8174428504694685
5654,0.22245656619418291
5655,0.00529223534995661
5656,0.6187683259366944
5657,0.009398952807013687
5658,0.00747025511983986
5659,0.9130414845805236
5660,0.08502969600243646
5661,0.48643418096576074
5662,0.04413939379736633
5663,0.006160523452131602
5664,0.14259427822192677
5665,0.010154189460539528
5666,0.009537788835332113
5667,0.9588144893284323
5668,0.7980600154882351
5669,0.31167460472403774
5670,0.10201438331243928
5671,0.28638615447442756
5672,0.30131786814348105
5673,0.05627388847679602
5674,0.0016917646608383295
5675,0.01281399163979033
5676,0.002906137613938978
5677,0.11613590688331324
5678,0.3061706643936214
5679,0.5686749099900874
5680,0.853250722286629
5681,0.015892623198767164
5682,0.14902737357936602
5683,0.4139874351340624
5684,0.14904207540794603
5685,0.05267555866855818
5686,0.8610543364119003
5687,0.012105882996415886
5688,0.04749558198083316
5689,0.6566970962949853
5690,0.06350389418446077
5691,0.029283073410217804
5692,0.003064738760451061
5693,0.20117774399770175
5694,0.14891929106106006
5695,0.8943303022182117
5696,0.0024905633002559845
5697,0.8498265202430193
5698,0.3197543048241475
5699,0.01930547213115578
5700,0.016526840741075702
5701,0.9123866639048943
5702,0.004682189682635802
5703,0.012069426860871939
5704,0.026658421636396177
5705,0.00792614249164458
5706,0.13269179199527437
5707,0.002517465554902511
5708,0.45378336053347246
5709,0.004036764707645
5710,0.4641213169244962
5711,0.37077170677713
5712,0.09798979481734116
5713,0.43494541169193524
5714,0.6264797728645168
5715,0.38124967511331426
5716,0.8972104046525046
5717,0.2145991069463084
5718,0.11814289184844792
5719,0.7111729280134198
5720,0.05165837742309157
5721,0.00742511740354127
5722,0.031016197807389366
5723,0.0033921044582460977
5724,0.02980925493785109
5725,0.004443335645326473
5726,0.08548966737478617
5727,0.015961297332402216
5728,0.14418539530727564
5729,0.23231951484468305
5730,0.0875275942220137
5731,0.10344962874324605
5732,0.5449014146382807
5733,0.3720281212485349
5734,0.361309602116446
5735,0.06919849111584102
5736,0.5441526654198681
5737,0.31190957787838736
5738,0.035160867879978366
5739,0.018396831677035052
5740,0.011285127011139423
5741,0.01077304372926952
5742,0.5802992661695988
5743,0.0020849716385587446
5744,0.02268630728036366
5745,0.00558249238947819
5746,0.0012642656141362417
5747,0.022894929652268036
5748,0.5572430866007785
5749,0.8264573915048622
5750,0.40111702484803946
5751,0.0026315604454194667
5752,0.01669678564616553
5753,0.19022975840731443
5754,0.007802447955434551
5755,0.007199365685047339
5756,0.15979406288500855
5757,0.00194225585140851
5758,0.3661555882440072
5759,0.007044122530745645
5760,0.2016523133128105
5761,0.008794979090868882
5762,0.20048259932962978
5763,0.0034827819424844294
5764,0.028907310142000507
5765,0.007552883357364548
5766,0.020288983259813306
5767,0.0577628096424667
5768,0.0064221315993965395
5769,0.011775837826581162
5770,0.02296104527356026
5771,0.0034572420967275454
5772,0.003186131025612911
5773,0.0030322203620796254
5774,0.8667681391953814
5775,0.02161287691318716
5776,0.6793269242754059
5777,0.07852062735772801
5778,0.06880492123080667
5779,0.18094448469037244
5780,0.009443742526008122
5781,0.04383214970827187
5782,0.032771712790175045
5783,0.010866923339061538
5784,0.0299142694557663
5785,0.003807380631460021
5786,0.49973412415231705
5787,0.2496755165777182
5788,0.0201568966821146
5789,0.009430676089904513
5790,0.2904037754168918
5791,0.05207452112677254
5792,0.10777994855252199
5793,0.023372932669710883
5794,0.838119030598139
5795,0.2472514215313562
5796,0.021217108892020477
5797,0.3341194901862507
5798,0.007895179950889786
5799,0.00212099468413062
5800,0.0028975595774098696
5801,0.0860450495762715
5802,0.048291909486135945
5803,0.0019321260328437528
5804,0.00663402978236681
5805,0.02457321564893166
5806,0.07848863568645532
5807,0.05004237074147111
5808,0.8977620068887173
5809,0.3242292066836956
5810,0.01697735208297398
5811,0.9381660042619706
5812,0.9134141907160701
5813,0.8029088772212097
5814,0.9202050896835832
5815,0.19865709285439043
5816,0.9203567583847587
5817,0.005135931728230033
5818,0.00979379338714199
5819,0.5806418667390211
5820,0.01131283986912803
5821,0.015654130278151185
5822,0.13565061833601785
5823,0.35196924942529384
5824,0.010855327203511483
5825,0.7663565846821296
5826,0.0363059526796611
5827,0.8813181702358934
5828,0.014928180077417565
5829,0.9191731309912555
5830,0.009532411437965621
5831,0.003093213282910624
5832,0.8328676992416655
5833,0.0190898143406394
5834,0.35160491844988373
5835,0.40206790009175064
5836,0.024153739696420068
5837,0.8163471570475315
5838,0.43033778128765293
5839,0.008009061326331205
5840,0.030415015928513266
5841,0.9500309420368449
5842,0.7851157025897455
5843,0.1846606363504988
5844,0.8920736637431252
5845,0.03921853988565786
5846,0.04407489740669654
5847,0.0032227677854170596
5848,0.0804645362418589
5849,0.2719205057870542
5850,0.9651608181387341
5851,0.03927860360755247
5852,0.716632332991525
5853,0.2983879319346423
5854,0.6874784491428405
5855,0.49097438591383946
5856,0.0036560375639157626
5857,0.1012780495066012
5858,0.36911879678128257
5859,0.07694212624538652
5860,0.01885629422390394
5861,0.9371992068286017
5862,0.7685039953407832
5863,0.0471913213056143
5864,0.1574579889282782
5865,0.9411330188703059
5866,0.009109216628644183
5867,0.02449440352055533
5868,0.5063051544561724
5869,0.10874454537905678
5870,0.5421711427422209
5871,0.031359415898080764
5872,0.9128813477650305
5873,0.10334609781372837
5874,0.9682918793610098
5875,0.0014093925196687767
5876,0.020288183546949154
5877,0.0023313676229594796
5878,0.7128013228725283
5879,0.0267114457311671
5880,0.8882592474151493
5881,0.005597864791833987
5882,0.0027140603325912873
5883,0.06962897233957153
5884,0.403388300952885
5885,0.20846325783043618
5886,0.44888837982553226
5887,0.006483376226483528
5888,0.08033635154711048
5889,0.023743415311400767
5890,0.1292882803610388
5891,0.09618642706413678
5892,0.002670789171764114
5893,0.7032535355298222
5894,0.03315911060739506
5895,0.16645777531500094
5896,0.14806455234137852
5897,0.007574659221205901
5898,0.9737216256218271
5899,0.19094151223061054
5900,0.03268624320172582
5901,0.017598219642397293
5902,0.015479797289532955
5903,0.03614449725119874
5904,0.006835589193420525
5905,0.01328824926272382
5906,0.4259242360392931
5907,0.5312875401229201
5908,0.7127829760615227
5909,0.6190402012855415
5910,0.013733052193383962
5911,0.020892401605181757
5912,0.7710692516882122
5913,0.30931876158630023
5914,0.02889778429545472
5915,0.028231232500810343
5916,0.00432766658934732
5917,0.005054830698012427
5918,0.13934619390798847
5919,0.8795179101770361
5920,0.8156108175243754
5921,0.0075173220877468
5922,0.9185181536663245
5923,0.8130064405434108
5924,0.49377358284165035
5925,0.6870960980184897
5926,0.01088786381894144
5927,0.07575809009232365
5928,0.002666571153701372
5929,0.6743997362011904
5930,0.016619033723011205
5931,0.03336565002276683
5932,0.0746594291842379
5933,0.008209158642796525
5934,0.07524226622430819
5935,0.010264505187691727
5936,0.03507270908720035
5937,0.0031888578081279402
5938,0.13236214324436443
5939,0.5433305587759426
5940,0.9132059804407664
5941,0.0831828181089332
5942,0.004915825419641626
5943,0.0710651503646694
5944,0.020527079303976185
5945,0.01072473573559742
5946,0.7866176064487271
5947,0.0034840499807137584
5948,0.016073376707722114
5949,0.0041010303629038704
5950,0.6828932088442962
5951,0.8158071131462835
5952,0.04682361326793577
5953,0.21157438302643516
5954,0.008579907884581362
5955,0.02124710518885852
5956,0.8612079016679017
5957,0.004205008483048921
5958,0.8527937959150004
5959,0.7449316992410071
5960,0.0471719338597484
5961,0.9055108802188404
5962,0.36765313782341924
5963,0.008146859571999742
5964,0.04368777248623652
5965,0.055610100201632935
5966,0.8286066280350036
5967,0.07876031761174734
5968,0.009699234038349375
5969,0.02652797401811203
5970,0.006049146668846461
5971,0.0751989845703645
5972,0.21650032596123786
5973,0.007619644097503867
5974,0.7630783999357711
5975,0.003003500629858274
5976,0.03866341454386805
5977,0.9475827823361533
5978,0.5297916108019923
5979,0.022222390947760764
5980,0.7125740557367628
5981,0.895919537686489
5982,0.36812063971437825
5983,0.005018735969257316
5984,0.004574302930335097
5985,0.14135993012789672
5986,0.5920002862477198
5987,0.04957371804196427
5988,0.9504568419896929
5989,0.26073576932237996
5990,0.768806396394392
5991,0.014494848469966307
5992,0.0038505454531968073
5993,0.13066107164516605
5994,0.7085237291948784
5995,0.006982642311898069
5996,0.02675551988745508
5997,0.09866855509111111
5998,0.46034722455942423
5999,0.13994007168769274
6000,0.7807816898398179
6001,0.024529709139599107
6002,0.7944923502416277
6003,0.41200001834261535
6004,0.005756046447412385
6005,0.3543475007526203
6006,0.009391062302285548
6007,0.01265065155435955
6008,0.012834840153224064
6009,0.6629988405678086
6010,0.8955581161015539
6011,0.8070485348040017
6012,0.004916157618803433
6013,0.827999993604475
6014,0.011698617093855463
6015,0.007637626009721342
6016,0.04405014943057256
6017,0.500291764263013
6018,0.012099401588484323
6019,0.2433682624896663
6020,0.14424395805773776
6021,0.051813828467852444
6022,0.9369955229775822
6023,0.0723462514614639
6024,0.0038501508376782246
6025,0.14100688167904735
6026,0.07584229389174504
6027,0.0672896762384732
6028,0.4133148259626144
6029,0.017853597247852286
6030,0.9097670327226133
6031,0.19496869220473545
6032,0.039791437838355224
6033,0.005654359887573187
6034,0.0483415988641388
6035,0.8952325185605015
6036,0.7594003032666194
6037,0.34654554159385986
6038,0.1296804109315414
6039,0.0037008047364681276
6040,0.026073314587738865
6041,0.6909579474256227
6042,0.0057207369655627
6043,0.6135327125773828
6044,0.1559387132037557
6045,0.0189152225359112
6046,0.004415394211430845
6047,0.008833739315287668
6048,0.8839126419713401
6049,0.5388180780856864
6050,0.0036271887600186343
6051,0.0022374516924127097
6052,0.0084802264087202
6053,0.013577729497137493
6054,0.006754136868319021
6055,0.031368848609856295
6056,0.0063476816196929246
6057,0.8190241189427397
6058,0.012437465850662834
6059,0.19254618207481797
6060,0.9281845217228545
6061,0.007248628764984922
6062,0.008572111755590955
6063,0.34067258301971315
6064,0.03131808742720338
6065,0.0037607061018414827
6066,0.024163903512646436
6067,0.00299040002964004
6068,0.030114664223417388
6069,0.047315373865071404
6070,0.005874283777930962
6071,0.010894956424214331
6072,0.574114028849619
6073,0.6164456259078288
6074,0.19986614507625147
6075,0.2045985784768915
6076,0.28462778041346004
6077,0.010049357608192856
6078,0.009109043703396116
6079,0.01558508639656524
6080,0.9311938264056023
6081,0.02353165641217734
6082,0.8210126352694712
6083,0.004399315955516364
6084,0.042985254915760426
6085,0.8606920193528376
6086,0.004544343683051011
6087,0.0073499220904113
6088,0.005745242726940419
6089,0.9132781090634222
6090,0.7297131615504835
6091,0.6656598166240204
6092,0.1860362521133311
6093,0.019396147695898147
6094,0.011015962344936923
6095,0.007315131145144283
6096,0.0016378864333751375
6097,0.2351277025685115
6098,0.3085338191933758
6099,0.8035966577597178
6100,0.029022457223340077
6101,0.0938175242811195
6102,0.004415604824528551
6103,0.002152649196951213
6104,0.6793487599756867
6105,0.0045758389024934875
6106,0.08089205697639057
6107,0.07898367196310502
6108,0.0076420298385559415
6109,0.8115084591802957
6110,0.8198781212580413
6111,0.03106786534069613
6112,0.01327834969010879
6113,0.16090001471851956
6114,0.1040050621314805
6115,0.7284926452343701
6116,0.014487250337343176
6117,0.05564802847740165
6118,0.0032807372328041307
6119,0.11096352615008345
6120,0.90446928922937
6121,0.002375646242568148
6122,0.8874902512604779
6123,0.025334445757445652
6124,0.08717256906167618
6125,0.5458447934791916
6126,0.003971144119297143
6127,0.08799396931431475
6128,0.5015207154507166
6129,0.1232529119256109
6130,0.0075967343216191965
6131,0.09347447385424734
6132,0.2288943499711869
6133,0.005466445796042629
6134,0.004609367484277745
6135,0.08361705259261308
6136,0.0067389269836938106
6137,0.1962748267038586
6138,0.32705247499019685
6139,0.2487416236854317
6140,0.02120106680324561
6141,0.11901242501256742
6142,0.04808818528042061
6143,0.018943798833356604
6144,0.004456918785216916
6145,0.5202766529202306
6146,0.014059000094482053
6147,0.011646256817419421
6148,0.0024285041110261034
6149,0.6083780931298892
6150,0.8392835756450558
6151,0.006685283549579268
6152,0.01346832532096308
6153,0.5542326538713749
6154,0.02423270580956576
6155,0.0365167482042342
6156,0.008536633660772662
6157,0.8005886574647137
6158,0.20615599763664258
6159,0.0886182979982055
6160,0.010886720079483318
6161,0.032978924023777785
6162,0.22200045448135447
6163,0.07144527734065315
6164,0.001572379145830419
6165,0.016579818768144072
6166,0.02571584560448817
6167,0.06774673226890465
6168,0.013750281967564892
6169,0.03139935385414069
6170,0.11664405417246768
6171,0.010068713669642177
6172,0.8806108431481214
6173,0.005021063600342329
6174,0.003371949089980444
6175,0.015167051462621697
6176,0.0072087019650028325
6177,0.0036920731024582022
6178,0.014391209948896476
6179,0.5946899037569736
6180,0.8116341496637183
6181,0.7620640769840936
6182,0.009831574447746436
6183,0.8280624545395412
6184,0.0022140348944341953
6185,0.46401273622347383
6186,0.5230724333198429
6187,0.10419196260372905
6188,0.9026381928168321
6189,0.3776079470991149
6190,0.015622274015705817
6191,0.20859937449736382
6192,0.3935322777038203
6193,0.6987312383017732
6194,0.03641158286335702
6195,0.037037677514636436
6196,0.011144849626580002
6197,0.008014279735103113
6198,0.011404955671038268
6199,0.9438095537798177
6200,0.007612256047352548
6201,0.008446025895868639
6202,0.575237005042771
6203,0.0685293415924735
6204,0.8072413565216098
6205,0.7832896677342834
6206,0.008339720847286736
6207,0.7596103748731773
6208,0.11747621926900427
6209,0.01118942212885899
6210,0.6911792496978937
6211,0.41554288710697884
6212,0.0050275112356588745
6213,0.0036938729509754476
6214,0.02775081529177481
6215,0.5808748622266537
6216,0.12984143047659386
6217,0.21653242107680434
6218,0.018676259279756267
6219,0.04364681306971303
6220,0.11492739702396966
6221,0.030320572838144887
6222,0.04748441286099227
6223,0.6366036906954743
6224,0.8586709940624534
6225,0.005968629766189449
6226,0.9093068878062506
6227,0.004897894680078584
6228,0.018739733579821158
6229,0.08157993833459568
6230,0.04605637268233689
6231,0.02700755524683189
6232,0.3744779394462029
6233,0.017148815151473738
6234,0.0468938708812299
6235,0.007003249028617689
6236,0.026197912696899677
6237,0.16784815025317404
6238,0.7520432957617239
6239,0.027276394498012804
6240,0.2540568711056135
6241,0.5054153695203405
6242,0.011464791463218733
6243,0.9211440491448266
6244,0.15024886375772545
6245,0.011728294244638698
6246,0.4538987258485248
6247,0.0674335752061582
6248,0.0052681799819712105
6249,0.14720419208621244
6250,0.9099180303979787
6251,0.025674638537621416
6252,0.017546876090112525
6253,0.4019245113498624
6254,0.4203104883903774
6255,0.006328318247813446
6256,0.8607625886619157
6257,0.0030981912187965015
6258,0.4025967769577146
6259,0.020408761171663424
6260,0.7914239194918039
6261,0.02078478590025262
6262,0.01127422468493181
6263,0.011264554671410226
6264,0.5722942653789936
6265,0.018293803044406483
6266,0.8634478881905158
6267,0.008287928600110413
6268,0.6828116136124582
6269,0.0026206981236492994
6270,0.00909989017184047
6271,0.9644392134786478
6272,0.009712870720448215
6273,0.9083452049368622
6274,0.6696634132133069
6275,0.012972745982532376
6276,0.005843758841612593
6277,0.011090371203180993
6278,0.019048076413271574
6279,0.00859842132748308
6280,0.09088322844319824
6281,0.046042523587894305
6282,0.24153772305258145
6283,0.0052205723642534405
6284,0.4867323303366867
6285,0.008542224058738697
6286,0.12302546129426975
6287,0.27079269793890676
6288,0.011231438484340323
6289,0.020639982370778662
6290,0.052909192586172285
6291,0.6647502827851912
6292,0.02752483204431065
6293,0.1453668720035206
6294,0.8656065585812452
6295,0.0026808410233334283
6296,0.02415274110899724
6297,0.3045039588446237
6298,0.005530022002567992
6299,0.2291787525109761
6300,0.07969536626442443
6301,0.3218298234928429
6302,0.009357255866012342
6303,0.006482236977869236
6304,0.1893755358907836
6305,0.4709806724902191
6306,0.02683223962593112
6307,0.00373097739470241
6308,0.009817745783454207
6309,0.017276808348214354
6310,0.8952264974446813
6311,0.0036867281239276036
6312,0.06967190534232505
6313,0.20208656411823347
6314,0.19482454100471902
6315,0.007771938369575948
6316,0.26146448461603117
6317,0.3788644825195195
6318,0.6831603593131812
6319,0.015568308060242227
6320,0.010020550095750938
6321,0.17050544555326916
6322,0.006094266379344844
6323,0.8144394037513765
6324,0.02356692466074036
6325,0.1069093867726992
6326,0.8179630751933131
6327,0.201880517944777
6328,0.0420115748665072
6329,0.005778954987178644
6330,0.011473624174294384
6331,0.0034596769634706666
6332,0.015927197194375176
6333,0.7777325960601482
6334,0.08317361700563146
6335,0.3078525844592586
6336,0.5842793573509596
6337,0.1602972596655335
6338,0.2944312834716646
6339,0.6741418265768147
6340,0.23681277874476517
6341,0.026985283587767847
6342,0.12080134183528984
6343,0.010519713319539487
6344,0.34403189593883
6345,0.02385319252574511
6346,0.034869940508006195
6347,0.7009139478365176
6348,0.31141596357441037
6349,0.6953948321139409
6350,0.028053886627294813
6351,0.07216161249196874
6352,0.20080637786292435
6353,0.8487748793161203
6354,0.011030792211333414
6355,0.6211714734043152
6356,0.0007414854336876793
6357,0.712259951915672
6358,0.3006159714520428
6359,0.012760693792036985
6360,0.39347193361262467
6361,0.012642611653636879
6362,0.004145962930526943
6363,0.0013302012032189218
6364,0.005524723357374878
6365,0.8275154627811342
6366,0.7880695655485862
6367,0.0032692875149173566
6368,0.01895384666208745
6369,0.006370271719179997
6370,0.0375975773798415
6371,0.7275274081799802
6372,0.8765200428234302
6373,0.03222406331367303
6374,0.14842951939994253
6375,0.011581908373637831
6376,0.6597995306805046
6377,0.0026955935636899624
6378,0.8587071257223098
6379,0.024722285033781384
6380,0.04234310076785681
6381,0.8991174572506053
6382,0.003174098117691786
6383,0.03839187500438155
6384,0.08702630243158829
6385,0.15354186281947602
6386,0.030319621083371284
6387,0.10866618244349256
6388,0.05016751464374639
6389,0.007868026560670694
6390,0.023517617102401675
6391,0.0043479379383347125
6392,0.0032453298988636887
6393,0.4821897845174663
6394,0.013790707403077624
6395,0.033593321434176274
6396,0.03962102374350896
6397,0.008115124396076758
6398,0.06392104137415029
6399,0.04912854861565816
6400,0.0046705418562161165
6401,0.021450403416453517
6402,0.00991485901956479
6403,0.928407564929375
6404,0.08926445263520143
6405,0.01224314831245263
6406,0.017642496326305244
6407,0.07522768231317171
6408,0.012783214712838692
6409,0.006816191698066903
6410,0.9144341605890948
6411,0.016934401924088436
6412,0.9057891232077155
6413,0.03201648381327181
6414,0.008622022802259573
6415,0.02412692227708402
6416,0.5493434361516601
6417,0.0286491899451241
6418,0.010146545392037421
6419,0.30156922886179255
6420,0.015419101040389965
6421,0.006307422014097064
6422,0.005744095517356902
6423,0.12629439784939472
6424,0.0015366421118728846
6425,0.08877854815987059
6426,0.6066390578767991
6427,0.694972087864586
6428,0.1457485498965688
6429,0.30198074384454
6430,0.0022388632095921017
6431,0.8696033126273356
6432,0.0032991920698983114
6433,0.8518191431756723
6434,0.016022678884108618
6435,0.8737559491269762
6436,0.005988559624625124
6437,0.03228253065662756
6438,0.01084768952766856
6439,0.041820069818143096
6440,0.01002426536589932
6441,0.11643053833002429
6442,0.07363559446608567
6443,0.007816760221348976
6444,0.007370428481774562
6445,0.011108148950232051
6446,0.032824203899410785
6447,0.7934943812726951
6448,0.455211762864967
6449,0.030922493678011666
6450,0.017626599731325163
6451,0.13446297623956363
6452,0.008730783166176467
6453,0.15070898092020193
6454,0.9135575421461498
6455,0.15791686425755277
6456,0.006967562775582311
6457,0.008222161942756186
6458,0.00516223614239631
6459,0.022950251625714402
6460,0.570229041354492
6461,0.0013606878951442592
6462,0.004060280908128613
6463,0.025111822038868217
6464,0.11581983303457477
6465,0.01182886188191186
6466,0.0779787441414096
6467,0.0037573519830724445
6468,0.5114020795945253
6469,0.023239037930704514
6470,0.008619092639525587
6471,0.5259418151084082
6472,0.07464513486937088
6473,0.08505591164523356
6474,0.007808843618700763
6475,0.4175551949489923
6476,0.3511956874848327
6477,0.02240540748716339
6478,0.7655314087728111
6479,0.02135399678859112
6480,0.039292725261400326
6481,0.06258967992583225
6482,0.42841033535464157
6483,0.6608459231514938
6484,0.014183739471620915
6485,0.006343085384749852
6486,0.023498847620916075
6487,0.027662130102687307
6488,0.005488044749682887
6489,0.004315707161038383
6490,0.014467944580068772
6491,0.053644186391387655
6492,0.8979824524361432
6493,0.1028521811033687
6494,0.1406630578395214
6495,0.0193417597863478
6496,0.009494921545770228
6497,0.10892007567389268
6498,0.019164612994577775
6499,0.008200076770175447
6500,0.03144365954725935
6501,0.04092208604379674
6502,0.060037475594239526
6503,0.012943439313062091
6504,0.8473569057383131
6505,0.279856903236212
6506,0.015520037293955596
6507,0.04591035094729629
6508,0.21073924241103678
6509,0.14892055473691146
6510,0.11327736005945115
6511,0.006131725436166828
6512,0.034525479241449525
6513,0.10236320777270354
6514,0.006776315243643253
6515,0.17713545612946807
6516,0.041030880925060444
6517,0.044233771307355854
6518,0.00808364828973115
6519,0.017227465657881497
6520,0.8944044616654877
6521,0.3602689462464429
6522,0.04598255683828626
6523,0.016582417539437098
6524,0.00711013315166209
6525,0.022296026647356255
6526,0.0036055533734248367
6527,0.4698790518859003
6528,0.016955224955943978
6529,0.1988788371294626
6530,0.09922985998415917
6531,0.013672436029279098
6532,0.0071367386710965725
6533,0.002029299720587514
6534,0.0040871614539150225
6535,0.006045653931071852
6536,0.17718385040340962
6537,0.07087776822102063
6538,0.5213987663013823
6539,0.012693873726179047
6540,0.010332785261422613
6541,0.00448946290345788
6542,0.004048811942858863
6543,0.025667064368298628
6544,0.03840992885766185
6545,0.01055448064320037
6546,0.42644678051142404
6547,0.022462154004367373
6548,0.023721471945502007
6549,0.2864205459713942
6550,0.22900365038593307
6551,0.06969771562569636
6552,0.019224807689804124
6553,0.057123331529470474
6554,0.018232585572730498
6555,0.6787763270781337
6556,0.012659324657199586
6557,0.7211019157435093
6558,0.011705785652004228
6559,0.034910476173979306
6560,0.12658863044463192
6561,0.0048312545725041
6562,0.949722161501239
6563,0.03650826222260417
6564,0.03126787612442156
6565,0.8064530420912015
6566,0.0038807926825083503
6567,0.23037235665660272
6568,0.006564928989001063
6569,0.14935486666070694
6570,0.8744873828210684
6571,0.14779458145320998
6572,0.1523281487063532
6573,0.011657999167797285
6574,0.013243796904147032
6575,0.0026185182542080806
6576,0.022999890656554917
6577,0.7373278249112568
6578,0.0276292726028961
6579,0.7519269804853641
6580,0.016520185637663543
6581,0.002668941607482165
6582,0.005555256551570514
6583,0.005074043220190486
6584,0.1267315773680278
6585,0.004308526166162993
6586,0.3923638699646785
6587,0.011509800202141207
6588,0.1965417079251489
6589,0.020032370730672322
6590,0.6020060378753859
6591,0.7299503320525806
6592,0.012776700503641259
6593,0.27097322421857023
6594,0.8749451171535927
6595,0.06551833103859661
6596,0.02796002153880843
6597,0.01091449448209112
6598,0.8741332649307374
6599,0.3319476221555895
6600,0.8889164385758879
6601,0.02412833067108923
6602,0.0064465000865123025
6603,0.007588801669734336
6604,0.004137022912661473
6605,0.041813828244838556
6606,0.16168002507119195
6607,0.037444985381685655
6608,0.7610812843344978
6609,0.6938357221514136
6610,0.023585301904307906
6611,0.23361271531621738
6612,0.07479151449943122
6613,0.03423782938361919
6614,0.8114442649736167
6615,0.34988163729154276
6616,0.1513824186219599
6617,0.004106468177945115
6618,0.49384151727642084
6619,0.03317273635771255
6620,0.9689026051636387
6621,0.01080937566553154
6622,0.3152722935236099
6623,0.8873426535460177
6624,0.7294098879094962
6625,0.5226287419200647
6626,0.014846480831231908
6627,0.003492917027331477
6628,0.0380514198648301
6629,0.0034912755000616204
6630,0.01572751087803448
6631,0.006134326377577546
6632,0.004246776346232016
6633,0.00805723398655526
6634,0.003519599865609913
6635,0.9168542326939112
6636,0.01985519571394353
6637,0.0031515919355549035
6638,0.0061356517271919
6639,0.011107506603398801
6640,0.009518702389141005
6641,0.7481735950757713
6642,0.005042042846633546
6643,0.44740390840548894
6644,0.01407061534299681
6645,0.017213116673277667
6646,0.004641502642359321
6647,0.013323190442632384
6648,0.9124180322663731
6649,0.006451786224450228
6650,0.12228498523034752
6651,0.5244698168886862
6652,0.057521584548299816
6653,0.0034521003633179335
6654,0.19754982804918914
6655,0.30218036140643983
6656,0.0035388596608662815
6657,0.8200923773009483
6658,0.04057995199343454
6659,0.006739643041600608
6660,0.033425078846875365
6661,0.026686006394547435
6662,0.4770905670722758
6663,0.22834168828731646
6664,0.037535007985979627
6665,0.016240361647518298
6666,0.012108025825571689
6667,0.005634869636116371
6668,0.007383933109822
6669,0.0032001407884751872
6670,0.948983677275727
6671,0.03855524991670217
6672,0.21103793386987157
6673,0.018393005415972323
6674,0.025184472702237934
6675,0.05561628770040612
6676,0.024052486252699012
6677,0.5942423445864481
6678,0.024849088619263562
6679,0.6300620729424362
6680,0.006395513804958666
6681,0.365850398321951
6682,0.023824506061375816
6683,0.005219426755269277
6684,0.07523886811394172
6685,0.017048633434045415
6686,0.0157976904907386
6687,0.028851401702270667
6688,0.5205179851237345
6689,0.4456731178797795
6690,0.3293415449125584
6691,0.4055408958618312
6692,0.004574476499322936
6693,0.14285688511871789
6694,0.4570052157068964
6695,0.01528828382086103
6696,0.05154324843945564
6697,0.0021215659351451767
6698,0.029156142218486194
6699,0.36024935605479597
6700,0.12046714633394842
6701,0.013435939787213675
6702,0.15229303596515487
6703,0.0102014608932744
6704,0.005490207189049107
6705,0.005501654775894651
6706,0.6684031157744764
6707,0.9527721359650305
6708,0.08571760527180754
6709,0.003214269862081059
6710,0.10669031210391576
6711,0.010373443644352566
6712,0.1705842788157187
6713,0.014841443146331533
6714,0.1600455111112865
6715,0.012336838499501169
6716,0.04774739501073501
6717,0.004832597908389507
6718,0.03158259227016974
6719,0.10398779880812442
6720,0.0021346432564903635
6721,0.023748702289941977
6722,0.012244252579572304
6723,0.018844033378552203
6724,0.024636872751000877
6725,0.014250712427326366
6726,0.05251769986186677
6727,0.0022917829439098062
6728,0.09569955971420087
6729,0.7603830875559152
6730,0.014460851610258141
6731,0.07719209215738244
6732,0.01134616422035529
6733,0.3667894804204343
6734,0.9401900147374187
6735,0.021058133373112155
6736,0.006988622477199413
6737,0.011918276268095546
6738,0.034510275307858065
6739,0.7572947288184345
6740,0.04650320919695854
6741,0.01720091748634578
6742,0.09026346235381133
6743,0.030702492041081317
6744,0.9213228128053346
6745,0.026761943075541944
6746,0.00812560461416785
6747,0.03455867754505475
6748,0.00856027680858036
6749,0.8694685777203831
6750,0.20282573249020985
6751,0.8559965787421848
6752,0.020253322539175327
6753,0.02922463544169168
6754,0.5318737652880856
6755,0.008276810156090665
6756,0.006728259828050615
6757,0.23458360441603485
6758,0.0033057471596561684
6759,0.019140335842848532
6760,0.8098397917258839
6761,0.7442379897953345
6762,0.8782759438106796
6763,0.007102511711328328
6764,0.10857296198406255
6765,0.020202866070382096
6766,0.00570298641651166
6767,0.030031897862105937
6768,0.019194205578052206
6769,0.06971840849501756
6770,0.25964717818305977
6771,0.007331321387251701
6772,0.917227288140115
6773,0.04802089568273889
6774,0.635143346549786
6775,0.877410832566751
6776,0.010297663662918686
6777,0.3635000465453752
6778,0.0024811188187011048
6779,0.010598178905893946
6780,0.01223307469418643
6781,0.010487849545088112
6782,0.04006938068673274
6783,0.005188267447859868
6784,0.010501811759842185
6785,0.006637918871370621
6786,0.004965322761086086
6787,0.9464874314779907
6788,0.023326038276314236
6789,0.9046469388399019
6790,0.006490063121322871
6791,0.023385570298999632
6792,0.01068527472995961
6793,0.35018771585396224
6794,0.00751457498407167
6795,0.004136422802757038
6796,0.013784717254313652
6797,0.02078861042953714
6798,0.01136275319610823
6799,0.018662230593686747
6800,0.0029326742410701865
6801,0.0034339144553567486
6802,0.04091790956348151
6803,0.009350578664333364
6804,0.15276489265056042
6805,0.019855275983576507
6806,0.08429547936707857
6807,0.01720830084486861
6808,0.5487990279264743
6809,0.003463313484117675
6810,0.011893034126009451
6811,0.5898296047082265
6812,0.013648946352372881
6813,0.9092701721728963
6814,0.9631296755663307
6815,0.011257620923993168
6816,0.8624304602872869
6817,0.036881825425838545
6818,0.8900635605528946
6819,0.7867763675861509
6820,0.5107599432976255
6821,0.8485447003098107
6822,0.9091436575354013
6823,0.88299515570438
6824,0.2557201847651089
6825,0.01571605168089736
6826,0.021835776078330562
6827,0.00684952141624496
6828,0.010546889304168914
6829,0.01648912387317105
6830,0.008393758303306973
6831,0.003985714443313202
6832,0.006218398984334464
6833,0.0041834896262928165
6834,0.00215460386038911
6835,0.0479281040321332
6836,0.003938474033819712
6837,0.9683652918877506
6838,0.006331458977550314
6839,0.2164529396421461
6840,0.22510535318519598
6841,0.035384043688826146
6842,0.01626727716305301
6843,0.005887363645308879
6844,0.010455422877665165
6845,0.08291329393301414
6846,0.014396798265390509
6847,0.006831942976724717
6848,0.9656725815213266
6849,0.017584610852865844
6850,0.2459120049635616
6851,0.0018946811364313626
6852,0.004263815469297749
6853,0.031020973179728677
6854,0.1712075223627904
6855,0.07969215046838438
6856,0.005339887870451646
6857,0.009502979317719817
6858,0.8591343836165759
6859,0.0019130287997946758
6860,0.049781013647065185
6861,0.017002757895365123
6862,0.0030135808763696818
6863,0.3517633244354575
6864,0.004134879822339687
6865,0.09889007062764679
6866,0.024430398093000457
6867,0.03133154775350128
6868,0.8157688758132264
6869,0.02137678462315904
6870,0.24560667972796738
6871,0.015065838729044403
6872,0.028387212672897275
6873,0.01985622411399543
6874,0.009675927747449417
6875,0.003464706003729651
6876,0.3350741903651641
6877,0.010905050079722083
6878,0.017770611408115426
6879,0.27994247218838936
6880,0.9046113788049481
6881,0.0032279891976454028
6882,0.9481231690817682
6883,0.02388554788596347
6884,0.07164574722338636
6885,0.013567858243996152
6886,0.016811554296127525
6887,0.9039155780899648
6888,0.004294445605386544
6889,0.042713880040627365
6890,0.023168650899316558
6891,0.007126458178176446
6892,0.1300465863234633
6893,0.11436181543613956
6894,0.0755871471498453
6895,0.030611318451632556
6896,0.5910016427032225
6897,0.11918453268182504
6898,0.10534379536556433
6899,0.16426842789369772
6900,0.008920026247130492
6901,0.834619942943713
6902,0.9116333329847808
6903,0.15701577554399399
6904,0.9649513491155166
6905,0.0263417286517626
6906,0.008296991311500199
6907,0.3000578998532271
6908,0.5151981799566676
6909,0.019027403850126696
6910,0.8510856029696564
6911,0.16913530744463887
6912,0.009095169496729144
6913,0.03099466820600297
6914,0.03503280374324686
6915,0.0723696167030841
6916,0.04927012505463819
6917,0.49255623214882177
6918,0.8830347781117747
6919,0.01520258429783183
6920,0.013962701293532106
6921,0.8040277128985029
6922,0.03913531375454134
6923,0.013523281639362747
6924,0.3851842991069563
6925,0.7939688229887583
6926,0.008387437400590366
6927,0.002302002853904349
6928,0.6890008709022267
6929,0.05928935146690764
6930,0.005045630485045336
6931,0.004787589899399451
6932,0.018648110696708412
6933,0.0026828439766425536
6934,0.5841760991707793
6935,0.8761961712255417
6936,0.37509041514456154
6937,0.6291058537306915
6938,0.04614734287240675
6939,0.04250654195208239
6940,0.003814882308530979
6941,0.01610759825191305
6942,0.005167510902213935
6943,0.37122356876834256
6944,0.0047329804741649715
6945,0.9226237586923467
6946,0.0179558723035116
6947,0.012095561620005765
6948,0.8269780494368479
6949,0.005243216902050365
6950,0.21026486342666842
6951,0.01608089652191318
6952,0.4955267941224604
6953,0.006685646014184016
6954,0.7905207672426532
6955,0.00932842920837864
6956,0.012062284436498403
6957,0.01478578623792073
6958,0.011305258950251064
6959,0.01027090900830158
6960,0.010485883985857734
6961,0.10301611236992825
6962,0.3111141914231435
6963,0.21838485762956775
6964,0.002792867831300669
6965,0.828676991437872
6966,0.03612398024001506
6967,0.0060288586709477555
6968,0.007474764436214039
6969,0.007065537492091869
6970,0.6196668807976046
6971,0.3014088843093344
6972,0.027994781691659712
6973,0.07581647827305575
6974,0.005865250802087435
6975,0.05514326915003554
6976,0.09216414134812619
6977,0.9468692543786408
6978,0.012024737788304561
6979,0.5404501990232746
6980,0.08524896822862368
6981,0.008585145912660954
6982,0.5254737108340352
6983,0.09479703227879864
6984,0.44921298391683195
6985,0.030905958313747543
6986,0.03569066802704817
6987,0.44073747036032207
6988,0.007893085032453192
6989,0.4532657939795679
6990,0.910331288462751
6991,0.0015724707750422464
6992,0.0367702743071932
6993,0.00704767689193644
6994,0.9511121698044096
6995,0.3082155418217319
6996,0.021116576290179993
6997,0.7294618737932599
6998,0.38337343074234387
6999,0.0033741906560843847
7000,0.03583827036552804
7001,0.009555646807556011
7002,0.702368316676855
7003,0.9175804478955336
7004,0.41819709493510515
7005,0.2028029125038695
7006,0.7450161219261777
7007,0.7705095796421635
7008,0.9615051970452961
7009,0.014081103961075864
7010,0.15640565727223996
7011,0.17644944640863314
7012,0.0336244877357005
7013,0.013182238648471954
7014,0.002959078133273
7015,0.9222098739412786
7016,0.03808910507446956
7017,0.16245029868550487
7018,0.008302405183851563
7019,0.8056293315446994
7020,0.3613545630331066
7021,0.015927979522448465
7022,0.8641581987872602
7023,0.036900035068414716
7024,0.39196932929426087
7025,0.007187535885459087
7026,0.93858743533457
7027,0.8120865499596761
7028,0.004169921829262502
7029,0.06881674530277171
7030,0.4404253858219565
7031,0.007797183263928195
7032,0.7909429668987982
7033,0.7576700184668697
7034,0.6463865972567433
7035,0.5653132220149791
7036,0.842097019857711
7037,0.6044080734591256
7038,0.003056001537648227
7039,0.009767036504676647
7040,0.8162308894938735
7041,0.004680932406566418
7042,0.37124350889203506
7043,0.13111442876081983
7044,0.004305258837400892
7045,0.41845944750839237
7046,0.055273670874883524
7047,0.9074084270597642
7048,0.5408221529349792
7049,0.021269020562438717
7050,0.2513648985973246
7051,0.03960596897455953
7052,0.03741743667623524
7053,0.7633686324780662
7054,0.03233879679182084
7055,0.931316769786197
7056,0.03485078526601951
7057,0.0018687951227977675
7058,0.0218454468537806
7059,0.015766473197984663
7060,0.008690745973430641
7061,0.9404784619322314
7062,0.050756620503757136
7063,0.7885167704466435
7064,0.5812210678588663
7065,0.013861486664345522
7066,0.1403260185692762
7067,0.006954408614440617
7068,0.009719801970241798
7069,0.02752924741525345
7070,0.009049311211168618
7071,0.02714602108555978
7072,0.37336015527323363
7073,0.16059245397272198
7074,0.020568016597700304
7075,0.02593584606452399
7076,0.003527726853241501
7077,0.09749918724169404
7078,0.009236299997628497
7079,0.4900185200399869
7080,0.005062980681390719
7081,0.0017390753148660298
7082,0.05868135982438012
7083,0.04794602025941855
7084,0.7726658209062439
7085,0.19726694350022275
7086,0.1746324399718936
7087,0.7307803492557137
7088,0.01656368804815344
7089,0.226050098553188
7090,0.007339768820020198
7091,0.03274198274948006
7092,0.7023584722760261
7093,0.007077429293255555
7094,0.023661734306845462
7095,0.005405370898290109
7096,0.0035786988591237448
7097,0.7747146503091973
7098,0.881025805999603
7099,0.0053760516357064395
7100,0.005685203642141577
7101,0.10199268419670734
7102,0.004725850580583232
7103,0.032094580473971505
7104,0.017593599485303993
7105,0.9413653138813322
7106,0.044763639619319485
7107,0.018476613220928497
7108,0.0018151648156792808
7109,0.9353402595070135
7110,0.015281642309904152
7111,0.12059236104036183
7112,0.01772945112275266
7113,0.30040664418560115
7114,0.061524742649597584
7115,0.4558466613430286
7116,0.10681739690553572
7117,0.005359991517172627
7118,0.6573128614942949
7119,0.010849848167187332
7120,0.009592230177556373
7121,0.008431451537678212
7122,0.8615499140336483
7123,0.009799825807960998
7124,0.879281094680465
7125,0.6587694699374146
7126,0.019497822669550163
7127,0.006741425977318656
7128,0.006197909293936886
7129,0.029202110097837207
7130,0.012605260247167589
7131,0.0505851795809938
7132,0.1450471148430204
7133,0.09234692673097147
7134,0.5949929534718229
7135,0.007226249780451477
7136,0.008476128293042734
7137,0.009725156189382713
7138,0.11902578360851619
7139,0.5232282666828089
7140,0.7447465254633928
7141,0.7367654183827377
7142,0.9235038214796568
7143,0.18866184740374814
7144,0.022851608584369076
7145,0.0029800425053736835
7146,0.07927092901478053
7147,0.061928588480465355
7148,0.003444447648724726
7149,0.3202068456487132
7150,0.9072460342028604
7151,0.5198378162792593
7152,0.0429650655219055
7153,0.031968709353872804
7154,0.0049206446883615996
7155,0.5108429333905657
7156,0.0074396276803158365
7157,0.7659290493938269
7158,0.664296149050829
7159,0.07173737936820498
7160,0.07938708012543379
7161,0.03284612716684202
7162,0.011448115620794523
7163,0.5875417203311298
7164,0.013622556516124781
7165,0.007948313490438008
7166,0.019231872525340813
7167,0.15102572732651182
7168,0.048545830502346406
7169,0.011434070702855686
7170,0.19394663047399424
7171,0.03161707876263442
7172,0.8281683693971289
7173,0.012733913572007028
7174,0.05741780671051948
7175,0.008144150330445084
7176,0.7684460913691988
7177,0.011744828207823207
7178,0.023940039303481243
7179,0.044716540592639
7180,0.22059335766001872
7181,0.6859028260373436
7182,0.9084972651579475
7183,0.12627957250002933
7184,0.7750821474578738
7185,0.8617627726258821
7186,0.005884665958741297
7187,0.6937737872080549
7188,0.0037509549789526433
7189,0.004970321119714958
7190,0.37738837101098777
7191,0.9269307551274477
7192,0.022853877609407346
7193,0.7282903826274585
7194,0.011270906063185657
7195,0.0055401015002977325
7196,0.0897743332567516
7197,0.049794573144004456
7198,0.06975177825030925
7199,0.17746457156771542
7200,0.8325551113222742
7201,0.1886018498969076
7202,0.7673042703000443
7203,0.006725096787421992
7204,0.057782752225408116
7205,0.0360586675192959
7206,0.028431994852341397
7207,0.5482466221428516
7208,0.874503531241005
7209,0.10628788481011678
7210,0.043741291966729816
7211,0.38038147789747256
7212,0.027520302752948506
7213,0.08652770512643049
7214,0.8826921806220429
7215,0.0029491786114970876
7216,0.01477939588940948
7217,0.021647404045945673
7218,0.0327721374345878
7219,0.01229309606541733
7220,0.6181937215563647
7221,0.9094510300115239
7222,0.00991256981802659
7223,0.8224014320337591
7224,0.005934664891221558
7225,0.007001936899972465
7226,0.004487418853800029
7227,0.04203221148791974
7228,0.02086845183128079
7229,0.046994748309191994
7230,0.003390538604982983
7231,0.9133543207890732
7232,0.02854255132400667
7233,0.4427792497150428
7234,0.11829467210169911
7235,0.07786384159465427
7236,0.003390855183492835
7237,0.0020756139147908065
7238,0.04276149006169343
7239,0.0020707568211097076
7240,0.8471664398900969
7241,0.0024667176700699568
7242,0.9228200831638113
7243,0.33841847134241115
7244,0.1443798257599947
7245,0.011092550255614946
7246,0.9061984094896494
7247,0.9630905247034065
7248,0.84525146787644
7249,0.01682398967024327
7250,0.20372559043167932
7251,0.010550489321304878
7252,0.4115289521755188
7253,0.03807242571280815
7254,0.06504079700147423
7255,0.9227559476493712
7256,0.018509333364653508
7257,0.01243540421968563
7258,0.008897941535879658
7259,0.035291604394946295
7260,0.005839657764321427
7261,0.026163520901872593
7262,0.2311501886388997
7263,0.7467539315349977
7264,0.01075028099157868
7265,0.4755337842771961
7266,0.08370291747373536
7267,0.004641229939805967
7268,0.1387228149801007
7269,0.5858664520963407
7270,0.007080717693778387
7271,0.18969624834402057
7272,0.05156337846506887
7273,0.0320544475277049
7274,0.0058683614767412315
7275,0.005639036165118644
7276,0.0030969685685189787
7277,0.006217136716469279
7278,0.009668866811476867
7279,0.007649768991041811
7280,0.0061482686054490565
7281,0.04341779696666674
7282,0.0035035847228122793
7283,0.006263664219487417
7284,0.08748740602058469
7285,0.015765303255323
7286,0.18659548237598483
7287,0.6744706459997086
7288,0.03953647242103324
7289,0.05106706012457387
7290,0.34875477030015056
7291,0.07158062077943517
7292,0.0497128282379175
7293,0.3777553552373778
7294,0.00774943633545833
7295,0.004676706075230933
7296,0.028050839151817338
7297,0.3039875305425639
7298,0.004628016460546447
7299,0.006530660362842078
7300,0.1349994008643448
7301,0.531416354807019
7302,0.006193969246942666
7303,0.005648598003750255
7304,0.001343931791973025
7305,0.2003354579419216
7306,0.013188792286521454
7307,0.852274812282569
7308,0.3668194867691042
7309,0.7876659097198262
7310,0.00492326426835233
7311,0.14966813932049686
7312,0.021476390720318598
7313,0.02436932794372844
7314,0.5298325641665903
7315,0.5217038153101192
7316,0.8999617018884707
7317,0.0029067992483119277
7318,0.023141574829993232
7319,0.21969872112819647
7320,0.8802989490524038
7321,0.01785523993312509
7322,0.19417658448406286
7323,0.03572108439349064
7324,0.949673155402108
7325,0.011736952585339699
7326,0.02249083477148173
7327,0.165768032340674
7328,0.6746153594016098
7329,0.19031113801434366
7330,0.42493143597363814
7331,0.17772234254645852
7332,0.007267052646228605
7333,0.28029707625769823
7334,0.5658795706799394
7335,0.31335394271219064
7336,0.9284110661310803
7337,0.01423076414279978
7338,0.006696468632980207
7339,0.33172054864056616
7340,0.02717195855807981
7341,0.0799430722864696
7342,0.2554632815034181
7343,0.018633937735267794
7344,0.030371757636699824
7345,0.005683893548114018
7346,0.008255364453312654
7347,0.787605418764167
7348,0.4534956945614367
7349,0.01191178555199441
7350,0.9615182326685203
7351,0.26809906997052296
7352,0.5245299259061481
7353,0.5877850554098869
7354,0.8542585971911688
7355,0.09620932967421808
7356,0.8303143662271788
7357,0.02774312864053872
7358,0.9129814765775146
7359,0.02179941203023941
7360,0.9260351712214253
7361,0.004870174529372802
7362,0.3405811494386314
7363,0.012993241158588029
7364,0.046336978533627754
7365,0.08974595485101138
7366,0.03575768057963238
7367,0.03978946618380193
7368,0.2708925488019861
7369,0.5370693584678972
7370,0.05636021851114959
7371,0.6972928202622077
7372,0.042658016522446496
7373,0.12761185802204011
7374,0.8852179958284037
7375,0.019480511684482803
7376,0.22574170090073464
7377,0.0401362606050149
7378,0.10135112332285032
7379,0.8633674115351946
7380,0.5806866408457158
7381,0.9031168360744399
7382,0.0076234104601679365
7383,0.8680228895632375
7384,0.05495401586774605
7385,0.966803369502437
7386,0.009893091740299526
7387,0.041309601283963576
7388,0.0029284759194136136
7389,0.09656255259553441
7390,0.8743875333504192
7391,0.846363271086994
7392,0.16039802242834536
7393,0.020119237305175376
7394,0.005344542753611486
7395,0.30258367598198993
7396,0.00369136587144167
7397,0.1747790234463454
7398,0.03586994978271474
7399,0.9288494214753695
7400,0.007971604798841923
7401,0.027397677414546986
7402,0.014632395924738157
7403,0.11558757107743671
7404,0.9722149484190764
7405,0.09979590590708887
7406,0.0033652504500188214
7407,0.022156882267976467
7408,0.05567998562769538
7409,0.005055963611147074
7410,0.01217233953535758
7411,0.014287786433351218
7412,0.041871289879458304
7413,0.012250931535652619
7414,0.01734804401348346
7415,0.02931411101126776
7416,0.007300395758229696
7417,0.08182332674714546
7418,0.3226796975567109
7419,0.008439792862216619
7420,0.10334535367549919
7421,0.018916546904088175
7422,0.1729140063330821
7423,0.01959774736675639
7424,0.04365965141387725
7425,0.047420428643333054
7426,0.014928809513787287
7427,0.4389863799939605
7428,0.008668021132894074
7429,0.8172504202832156
7430,0.1692880496347579
7431,0.8215134799900552
7432,0.04288724381703969
7433,0.8733960845332112
7434,0.9542254024413991
7435,0.04687075471584373
7436,0.0461833155899875
7437,0.6434267895107584
7438,0.8839249004968153
7439,0.9708686101177664
7440,0.9017517909888357
7441,0.09140300874237005
7442,0.5272670901133769
7443,0.9601199302449306
7444,0.009964734314834647
7445,0.011888759217201315
7446,0.043714981497906175
7447,0.060609513785249675
7448,0.06832006046492604
7449,0.23003088091184554
7450,0.0018908476341468299
7451,0.2265172549610869
7452,0.9024912297312973
7453,0.290394597221975
7454,0.003432732960803277
7455,0.2722510570717742
7456,0.013994771169873636
7457,0.4937400172329959
7458,0.024433599117335343
7459,0.010947246084122413
7460,0.010472952230656668
7461,0.8266907038404617
7462,0.11307474679938032
7463,0.15006401835252783
7464,0.05777057677997744
7465,0.040184285308994774
7466,0.9483540709770358
7467,0.004828527593619379
7468,0.42804423655750096
7469,0.060195829640293144
7470,0.02257784566472667
7471,0.0058829083468687786
7472,0.005283746739261771
7473,0.1868915731761993
7474,0.004743800238342836
7475,0.045263113808690136
7476,0.01566845636478625
7477,0.009282648939648858
7478,0.10001276824402319
7479,0.5904414439920057
7480,0.013967636077707145
7481,0.006220662911212873
7482,0.002569202084101914
7483,0.04613556886582822
7484,0.0026931737369603535
7485,0.07357520704255731
7486,0.7275920046666714
7487,0.03908196898714135
7488,0.7707844116042231
7489,0.08700146184634644
7490,0.010675578702842182
7491,0.954399871433087
7492,0.01834609367125279
7493,0.0037501249699170374
7494,0.005046323716224247
7495,0.001992516817994477
7496,0.7198661920485866
7497,0.21699015286157985
7498,0.41846250097874454
7499,0.0258806027445185
7500,0.026989392474241116
7501,0.014071256602147806
7502,0.045713385262930166
7503,0.025045543406399
7504,0.28375407886178367
7505,0.03610339980162462
7506,0.08960727373675581
7507,0.0514305040631837
7508,0.01450773034056956
7509,0.05914341207940609
7510,0.03974997330561822
7511,0.07424463211361698
7512,0.5066730439680245
7513,0.029105599411422794
7514,0.018295519948126778
7515,0.004301803357160747
7516,0.41964517476775587
7517,0.06992843485062847
7518,0.01290813801071571
7519,0.0077294124904399835
7520,0.24998217548444668
7521,0.0070489290891644334
7522,0.7930339345203824
7523,0.024129915136544992
7524,0.021765033641364447
7525,0.03369388552991866
7526,0.1674975751496392
7527,0.19834079039812294
7528,0.023649884447722133
7529,0.4654764293765088
7530,0.02512132676433225
7531,0.01940706704885209
7532,0.6588109483434198
7533,0.9436994300426409
7534,0.6827531821897515
7535,0.05970936574023849
7536,0.6232539637198582
7537,0.7918955626671845
7538,0.19180628983500675
7539,0.16116370137554148
7540,0.12962597870461684
7541,0.009153032680955242
7542,0.04495029358523675
7543,0.8044276911954115
7544,0.8519644964889663
7545,0.8678627382070571
7546,0.02606162006263611
7547,0.8831543083774389
7548,0.7645034875012879
7549,0.4702721804990707
7550,0.015509814015413684
7551,0.8252561555459674
7552,0.012428937071637954
7553,0.8871724278323995
7554,0.7437048100695606
7555,0.0028966332492604613
7556,0.5878367462758178
7557,0.6753754578318852
7558,0.03230212594832853
7559,0.05760355834277092
7560,0.5655988304110672
7561,0.8110325031417007
7562,0.011041503846990475
7563,0.027515337667338054
7564,0.410607484560448
7565,0.8640460901915845
7566,0.206446229070806
7567,0.02309072127370306
7568,0.05411782919897779
7569,0.00333503697453704
7570,0.20105330518360426
7571,0.19468135858654237
7572,0.1389835331922386
7573,0.7427760449483531
7574,0.07412250271757166
7575,0.8724574958728362
7576,0.04697661396999028
7577,0.026010007004908714
7578,0.013628901666646008
7579,0.01630653122546847
7580,0.00890925013125213
7581,0.061619307255651186
7582,0.7284959166999943
7583,0.3881994044614757
7584,0.023301833746398888
7585,0.014166267293972318
7586,0.1254410807005076
7587,0.8564664209172466
7588,0.010836340506674045
7589,0.9722571627601464
7590,0.5306312272479954
7591,0.002574932493541171
7592,0.6448128230559496
7593,0.009399939413692725
7594,0.03472798447508207
7595,0.5412339267187767
7596,0.052753453440826735
7597,0.01721405232601608
7598,0.02703177081274461
7599,0.4418544869000458
7600,0.10479031632916468
7601,0.002011570073431716
7602,0.016850363169751397
7603,0.1102196086337824
7604,0.012054548610925536
7605,0.9062461177192384
7606,0.33157009495059303
7607,0.006330365726130617
7608,0.228120056328381
7609,0.01078520330412591
7610,0.004060601936557384
7611,0.76828304975495
7612,0.8909019380781706
7613,0.2691265856138633
7614,0.1473758846622259
7615,0.1623325658369318
7616,0.14093960056991417
7617,0.015399450460727132
7618,0.03275519852842132
7619,0.04219388482509894
7620,0.0015276025028035415
7621,0.037688809833952036
7622,0.698371710979981
7623,0.8794272147864344
7624,0.8388280135338755
7625,0.05283231222661021
7626,0.05854900584560703
7627,0.021484221749043228
7628,0.0069766051643202825
7629,0.136674852910812
7630,0.015773102096136107
7631,0.5033625807090711
7632,0.4208473117698816
7633,0.00862367230058276
7634,0.005985490056329386
7635,0.018322013525148027
7636,0.1509642414410604
7637,0.5011002319489459
7638,0.0026579869054785188
7639,0.5212701982350635
7640,0.09746427396236922
7641,0.9083053893731426
7642,0.005630429390698483
7643,0.08921559889281531
7644,0.004906536171304204
7645,0.028726082055248833
7646,0.8739684265650893
7647,0.06707469428695183
7648,0.007340923019143864
7649,0.8324307703493719
7650,0.061192848732377986
7651,0.019412221348297395
7652,0.09188063196773738
7653,0.21602346235140235
7654,0.03227300026549861
7655,0.005656819771091885
7656,0.006850965751894795
7657,0.4987191871991441
7658,0.09509001958870945
7659,0.0512538945561066
7660,0.9000563150519159
7661,0.03334892105431907
7662,0.6328846958179896
7663,0.6991857168763603
7664,0.6787143452006096
7665,0.1109528735887417
7666,0.45466950882923535
7667,0.004208800088873413
7668,0.03406204640746449
7669,0.06848778854976495
7670,0.29962049172746097
7671,0.07756801750622751
7672,0.007082754926917207
7673,0.18728920756843875
7674,0.04532181573634979
7675,0.011085726828380117
7676,0.135292053147793
7677,0.03120329970313631
7678,0.18191457718505696
7679,0.4585900810613407
7680,0.020949876875076854
7681,0.09351929057208644
7682,0.15522107988792608
7683,0.35535825723839043
7684,0.008761169165600106
7685,0.2637524353331719
7686,0.013467259486537935
7687,0.044070310555814576
7688,0.879815476733159
7689,0.02639036642184246
7690,0.012055897670073763
7691,0.7486143736649159
7692,0.004094392604477357
7693,0.8892923030638216
7694,0.004144713779431477
7695,0.00833809900562717
7696,0.03948266418515861
7697,0.0071628951389701295
7698,0.8277586669710958
7699,0.9001086686663101
7700,0.02069225058616323
7701,0.6676672911515446
7702,0.008786379501784514
7703,0.09866194446300909
7704,0.06031605370066436
7705,0.010219445535928726
7706,0.01541609109108816
7707,0.04139670818874369
7708,0.054010110166180875
7709,0.5491631144819493
7710,0.3238501394416573
7711,0.004824926010720428
7712,0.7943754032744861
7713,0.8739661148395518
7714,0.4078200115894343
7715,0.09698963885172605
7716,0.9029285886191263
7717,0.06988344445042725
7718,0.014360903228020125
7719,0.22952954703319167
7720,0.3123816828445371
7721,0.5015788704135866
7722,0.07468016100683328
7723,0.014870912227494133
7724,0.027212322750734572
7725,0.03982562727204398
7726,0.19735481449230247
7727,0.7306726944854364
7728,0.024231663768892932
7729,0.01899203481183028
7730,0.5843065998449805
7731,0.05883515492098228
7732,0.003888914569119906
7733,0.01400986075463016
7734,0.8396027576040859
7735,0.9001062920291744
7736,0.8159584870142504
7737,0.01685889566709542
7738,0.020313707597371874
7739,0.5341900431839008
7740,0.3138364031680281
7741,0.003136426705018738
7742,0.005626895461526996
7743,0.7388308536835602
7744,0.01665576142211874
7745,0.5334636409472109
7746,0.39776175095683486
7747,0.02521131844185557
7748,0.048672719858277674
7749,0.7184287226831587
7750,0.6119401802149561
7751,0.06413037889002689
7752,0.017338260358496903
7753,0.0452907239810782
7754,0.8052041590212127
7755,0.020315605945960633
7756,0.31690695837119226
7757,0.8422812765446352
7758,0.2274391002855191
7759,0.19536190241562693
7760,0.024433814595294128
7761,0.10228760884158472
7762,0.6057342012203241
7763,0.17151947748887833
7764,0.0034746940178733386
7765,0.06013886946152676
7766,0.03537944097400195
7767,0.6134893703007489
7768,0.7827985082909851
7769,0.48857563728529985
7770,0.03051152014378862
7771,0.04638573752559377
7772,0.027559227944561802
7773,0.426649596824486
7774,0.6072503968660887
7775,0.017696764794584527
7776,0.04745401246752816
7777,0.10928900579614945
7778,0.01142182028472939
7779,0.9237368630413428
7780,0.02413943517348536
7781,0.008602734927310587
7782,0.01481578352147303
7783,0.32498728152525314
7784,0.324577350062325
7785,0.013935432763142961
7786,0.012649162944026935
7787,0.01651923598282481
7788,0.003935371765127118
7789,0.01563275871175736
7790,0.8364691758070483
7791,0.01471956017512575
7792,0.049433058190359404
7793,0.036624891407530794
7794,0.003827816060609911
7795,0.14025243504698467
7796,0.6773319475808073
7797,0.8506284916187874
7798,0.006432841998924111
7799,0.009971779289826566
7800,0.00992821134934856
7801,0.0025552617255967607
7802,0.0155774180804053
7803,0.00247525398841055
7804,0.12942260117417223
7805,0.9517436058821398
7806,0.2572602566808792
7807,0.07837586215162205
7808,0.01698713045009614
7809,0.8469370878491989
7810,0.032530639480473786
7811,0.11780903081494326
7812,0.8175586955760201
7813,0.05136382093812106
7814,0.15892361946602285
7815,0.011833281836147775
7816,0.9287088594503808
7817,0.010475210975737188
7818,0.5759637020705627
7819,0.7903651820014466
7820,0.8782098426177158
7821,0.04572173458130754
7822,0.7376996694593747
7823,0.03802609265418655
7824,0.04901280847399119
7825,0.00774497137042347
7826,0.01609539136909818
7827,0.023692449171978762
7828,0.44293001634040036
7829,0.020130388030346356
7830,0.022115058573959626
7831,0.9265703078515223
7832,0.022548295710040626
7833,0.07963888981139833
7834,0.004094299515508049
7835,0.4299253803270575
7836,0.3468788254146642
7837,0.7998866511682717
7838,0.1113388519911179
7839,0.03018250802855935
7840,0.021075955475000838
7841,0.04131097886100474
7842,0.49887681710512144
7843,0.8274094374519265
7844,0.009555868081161184
7845,0.0037682541451775067
7846,0.7287025324674891
7847,0.011412493159717091
7848,0.1227494301127445
7849,0.2171318525541879
7850,0.003929518897145572
7851,0.8746991354963441
7852,0.006093321375506318
7853,0.08591533522860462
7854,0.012131325398413589
7855,0.053601163567810514
7856,0.32506891790577785
7857,0.008087989095707855
7858,0.7194095115450299
7859,0.05602714361283638
7860,0.9371095242721602
7861,0.012695008107952582
7862,0.5000528390095722
7863,0.0039907928320282275
7864,0.059731649892603815
7865,0.014283528941562727
7866,0.3931080057090771
7867,0.02886801259391911
7868,0.05800979825180642
7869,0.40514275730627314
7870,0.0014534999004780689
7871,0.017160276694206902
7872,0.019807729069111966
7873,0.009581495271403825
7874,0.08691766109435352
7875,0.03531087099693611
7876,0.0507966833700175
7877,0.4705412143048044
7878,0.012093683407687498
7879,0.004621657312254521
7880,0.010216673364998255
7881,0.020209663902504584
7882,0.14268114060873735
7883,0.9497946697033388
7884,0.18609744248409357
7885,0.4809107344062145
7886,0.2481581367951311
7887,0.2871012914828002
7888,0.04338625253986199
7889,0.10217193269940046
7890,0.761119637134851
7891,0.008369461886823347
7892,0.3985881535942561
7893,0.4031458621932867
7894,0.00487928357925001
7895,0.03152570716457961
7896,0.8411619913573389
7897,0.9005782073835007
7898,0.014180164198544697
7899,0.008883039122326259
7900,0.633171403005794
7901,0.014865016989136202
7902,0.00879109858133953
7903,0.09974140752138898
7904,0.6078595255347856
7905,0.06671686571784594
7906,0.05383856501123782
7907,0.10519601157157073
7908,0.7689191635334975
7909,0.060138146817991484
7910,0.8960417944566508
7911,0.147304047492468
7912,0.027729548779455174
7913,0.016508353343842135
7914,0.3899787418207236
7915,0.006021139806633443
7916,0.9488476559220783
7917,0.4903192579707448
7918,0.03353489597095166
7919,0.014252158956426229
7920,0.05672591301606492
7921,0.0048927668597922806
7922,0.5362211029782873
7923,0.019574476450699686
7924,0.12274230855828683
7925,0.0260343016531712
7926,0.023869982519264418
7927,0.9168520245685414
7928,0.004941517611582522
7929,0.8511444105793542
7930,0.9031991248038419
7931,0.00951551512317468
7932,0.004528638431008841
7933,0.9504006536749567
7934,0.007286985752095183
7935,0.20826132364563865
7936,0.8429354352676898
7937,0.8047859983172992
7938,0.7389095567816382
7939,0.14635473697081988
7940,0.010762781693839363
7941,0.02462690240936731
7942,0.08228175663849778
7943,0.13146696446424333
7944,0.866230750829893
7945,0.005045061942833444
7946,0.0028870766497423803
7947,0.4361276873519898
7948,0.9600094005786232
7949,0.006927801091650699
7950,0.1069562967585266
7951,0.013793484522511059
7952,0.02036773185039696
7953,0.9323145429806464
7954,0.02911483834287331
7955,0.004766322789721738
7956,0.048753823180702954
7957,0.03253842724269496
7958,0.842718661535564
7959,0.33162994507301025
7960,0.18511454616865425
7961,0.016978144028897912
7962,0.8278438809040473
7963,0.025965851080848267
7964,0.1126639284263165
7965,0.010938801165020405
7966,0.00968452982193897
7967,0.004186205328290819
7968,0.0029864598298740413
7969,0.026112260960341444
7970,0.04457243424944629
7971,0.01259731344670817
7972,0.32618884420260547
7973,0.9000666612210555
7974,0.012673735839950398
7975,0.0048138412943093244
7976,0.023606589355584538
7977,0.011430171333631885
7978,0.5104556341310846
7979,0.013114741321900745
7980,0.036572145812396505
7981,0.004261283306599694
7982,0.1608752497111949
7983,0.00325111600247284
7984,0.005209754692373553
7985,0.02238691391013347
7986,0.005560033093250483
7987,0.05106004444426131
7988,0.030339931763764903
7989,0.10493720978718568
7990,0.009739010315586057
7991,0.12114001595339276
7992,0.0621714268039431
7993,0.07397924391255616
7994,0.023221578316199337
7995,0.00397058264286108
7996,0.010772763035165703
7997,0.9232881067649197
7998,0.007729143043771616
7999,0.017861514013503485
8000,0.052243480699584774
8001,0.5139914999645908
8002,0.006400597428802186
8003,0.10078545671975482
8004,0.10804148580229833
8005,0.19321864855548085
8006,0.003952195826442495
8007,0.014199358630021424
8008,0.26972781620585573
8009,0.015826804498456828
8010,0.8787974735710995
8011,0.024621179095008657
8012,0.11759940498671964
8013,0.7426857473197728
8014,0.9024040704638976
8015,0.8750055703309919
8016,0.7063441159633579
8017,0.03371077387539266
8018,0.8584791193993104
8019,0.14419049908875253
8020,0.15784230203174493
8021,0.010953354257254848
8022,0.746242689639221
8023,0.016470101795747875
8024,0.0041348377122193926
8025,0.05920792534002368
8026,0.9002901060861069
8027,0.005504355511893365
8028,0.7109494502387685
8029,0.8579620254085379
8030,0.03485978345681279
8031,0.008230278084814815
8032,0.0324115310040901
8033,0.8343409296864326
8034,0.019761964763580723
8035,0.8146636180271292
8036,0.5554427475769881
8037,0.7947289277219028
8038,0.1428590407441671
8039,0.8261726580535167
8040,0.9439371033568542
8041,0.6765851059761092
8042,0.012362120256059761
8043,0.016132068019339772
8044,0.8939240916128356
8045,0.05466478953613758
8046,0.044308636220817293
8047,0.02631101616153129
8048,0.00268669018764281
8049,0.024096040195008994
8050,0.004489261859936658
8051,0.006147676274177708
8052,0.6049352454559005
8053,0.005133153155908633
8054,0.3916619617352016
8055,0.00958781942294546
8056,0.0708285926343612
8057,0.8192286634341908
8058,0.006463455944874479
8059,0.006342387535633744
8060,0.2198222074053755
8061,0.8085140426297208
8062,0.015347329987395002
8063,0.6140873552046442
8064,0.006777791652009104
8065,0.005473717301287062
8066,0.02482972866139738
8067,0.054005580948856095
8068,0.004915584039986174
8069,0.07971597442540856
8070,0.003212204762601803
8071,0.5345418842383377
8072,0.0829523916001435
8073,0.7566604768522429
8074,0.002648878151469157
8075,0.7533908959688145
8076,0.013274530865415407
8077,0.4157008276916709
8078,0.016339619026675217
8079,0.4307093088163757
8080,0.06475792064072189
8081,0.005110648571983572
8082,0.0037050122936172886
8083,0.09872412383761756
8084,0.01567152102189054
8085,0.01842313365717952
8086,0.014457269295899028
8087,0.8737295773791102
8088,0.3517414198644632
8089,0.017807859573950927
8090,0.4451946633516243
8091,0.9593587713198245
8092,0.21452414331687003
8093,0.9263894851178964
8094,0.0647169019412485
8095,0.8546960369487225
8096,0.8218504853743258
8097,0.886845012994898
8098,0.5526416126963022
8099,0.01239498767900963
8100,0.05007624702474916
8101,0.06283766476051571
8102,0.9621249584240092
8103,0.7860705556088484
8104,0.11545111489280205
8105,0.010366799895114187
8106,0.013246632753938583
8107,0.0045773012647771505
8108,0.6973785669083363
8109,0.05590234049345662
8110,0.12575352893093458
8111,0.017353169738250313
8112,0.6115797890272103
8113,0.05357769783184253
8114,0.006173565900450376
8115,0.6527523178115084
8116,0.048051633763291246
8117,0.30200678470685005
8118,0.10648273311271167
8119,0.0047080489443222726
8120,0.1792842428134154
8121,0.029054452237113965
8122,0.8027031591402687
8123,0.013334050358166902
8124,0.025075496605259665
8125,0.7329348142621035
8126,0.01194475477207585
8127,0.8491331829704094
8128,0.8775196784203716
8129,0.3929488888456589
8130,0.8685464989519172
8131,0.0028574910208368134
8132,0.005929555307323784
8133,0.9088782964357827
8134,0.0034644490544428527
8135,0.006249375095188362
8136,0.06682289919053884
8137,0.6480219458160069
8138,0.01360901983600007
8139,0.6026071166130995
8140,0.5091592799042869
8141,0.5676328825539105
8142,0.00638379812762139
8143,0.056382428697848465
8144,0.3510290730542111
8145,0.014685706169289395
8146,0.07536824629390507
8147,0.019247287461429265
8148,0.010438370645798173
8149,0.8330139809535304
8150,0.1302621525126072
8151,0.13944356417695575
8152,0.762191256035032
8153,0.009594047151748553
8154,0.9226216344852085
8155,0.0355549174874642
8156,0.0030672435772489954
8157,0.1869296331148525
8158,0.7941605776410635
8159,0.012563277789636515
8160,0.1992626678917146
8161,0.9078040363588192
8162,0.04760681094186444
8163,0.8405586564059722
8164,0.9320821004706334
8165,0.00561125239555832
8166,0.1434643528466539
8167,0.0023742414939818533
8168,0.05855765806625926
8169,0.12461350138499884
8170,0.7880407512733293
8171,0.018267936299565232
8172,0.7048092693003626
8173,0.00418106550199028
8174,0.25262742267492033
8175,0.03637500063519486
8176,0.705288422925497
8177,0.13563067021974395
8178,0.005974408984825254
8179,0.4508741394970859
8180,0.2987986281327595
8181,0.055166022101019556
8182,0.022854024997935124
8183,0.9635602690739686
8184,0.01535102085137443
8185,0.1668784044223275
8186,0.012840355474762135
8187,0.7817808740135107
8188,0.9515479091972976
8189,0.03846052274745617
8190,0.17719226860346893
8191,0.01577991275576907
8192,0.5701442018306866
8193,0.8598209271870358
8194,0.11851871517509792
8195,0.9393966696611207
8196,0.08504337540235651
8197,0.07135107599191759
8198,0.6041478844213836
8199,0.8158878449463005
8200,0.31598180058395486
8201,0.12560007853782829
8202,0.04038054123084439
8203,0.018708481859505084
8204,0.8886545473965113
8205,0.8349394545229267
8206,0.027296731124202115
8207,0.0055826246606857565
8208,0.009625125212883534
8209,0.0658986043976417
8210,0.056809188758238496
8211,0.6839037572997337
8212,0.3810944378370073
8213,0.24148882031931881
8214,0.8108317825298127
8215,0.002526783167577433
8216,0.019844153236559515
8217,0.8139794881404842
8218,0.006460132903293878
8219,0.002608596952863075
8220,0.516859674530277
8221,0.11502693575204195
8222,0.005788370038641456
8223,0.8901023582079628
8224,0.7231003961144244
8225,0.02513071466973718
8226,0.8735649740355107
8227,0.6913781726509503
8228,0.27691933751974135
8229,0.3540416448605384
8230,0.15504228778729034
8231,0.009126923652496392
8232,0.7441320374542932
8233,0.4766783549514333
8234,0.13526911083132476
8235,0.008639062158545735
8236,0.030307064341546192
8237,0.12238004664687031
8238,0.8051703651560584
8239,0.06527933262090094
8240,0.016028806895154502
8241,0.020443864730254346
8242,0.003510153979089948
8243,0.7226499817266336
8244,0.014851056572091379
8245,0.02150528130920034
8246,0.881951871249318
8247,0.8462216889093217
8248,0.0071964508507055295
8249,0.03584690772600495
8250,0.6344451319154635
8251,0.8050903450344921
8252,0.7414598675496293
8253,0.010956256795520605
8254,0.0306923812872134
8255,0.7954772277048278
8256,0.2635057179182977
8257,0.033866688378777265
8258,0.9279979293637063
8259,0.06664159870845089
8260,0.14202175182869903
8261,0.01904515056551693
8262,0.9619370346370639
8263,0.0442716629503116
8264,0.0810660190279834
8265,0.5053057930050173
8266,0.00959558093262539
8267,0.006861944829592986
8268,0.21699837662363175
8269,0.2339406876652907
8270,0.5561339249417482
8271,0.02050746012084754
8272,0.9086122112346422
8273,0.005718114751715332
8274,0.6456541088384848
8275,0.024443046098220234
8276,0.01171967222972338
8277,0.024307635584832777
8278,0.005238591838953071
8279,0.1523224363893512
8280,0.00424184976349575
8281,0.39344047168913315
8282,0.5312997865432014
8283,0.6315198430352497
8284,0.0036841984708749905
8285,0.017141211171016822
8286,0.013683721256821095
8287,0.11880104413998613
8288,0.06228743793946155
8289,0.15915885610239655
8290,0.003920036519593819
8291,0.004553474498353976
8292,0.0055642928427242855
8293,0.680977226715381
8294,0.954112628562535
8295,0.0138621028754485
8296,0.9382729364907638
8297,0.8263338094613526
8298,0.8768070620979627
8299,0.28817206418562813
8300,0.008440841319383245
8301,0.019164446983405095
8302,0.07179427339371106
8303,0.0036574332324253024
8304,0.007712342248242306
8305,0.0026725463407216068
8306,0.007322212661543868
8307,0.027824367970014093
8308,0.004663000604423251
8309,0.761969149877465
8310,0.23369805708528835
8311,0.7090876554467214
8312,0.796672509396672
8313,0.002727367130694268
8314,0.0219764948067563
8315,0.0088192826382958
8316,0.018271982480070975
8317,0.10138339132108577
8318,0.7512254328464947
8319,0.030911709467428064
8320,0.002693169040838338
8321,0.023905856937255197
8322,0.21937808718884902
8323,0.005754213714722518
8324,0.0032645528503801873
8325,0.005279413615862603
8326,0.009702438463309414
8327,0.9007983313905414
8328,0.09307424332378347
8329,0.11469623733759952
8330,0.013609173078522989
8331,0.7719417384183446
8332,0.005354871952307562
8333,0.9698509898589233
8334,0.09955404765401366
8335,0.01627069375276266
8336,0.0961983645973988
8337,0.220543260766156
8338,0.005879207946306878
8339,0.03412986752619752
8340,0.15478555463877391
8341,0.02533798526760173
8342,0.06509406390381614
8343,0.015233838825380031
8344,0.07608212986843206
8345,0.7922518770419484
8346,0.019695986114774917
8347,0.014595046043920638
8348,0.6479581047940972
8349,0.002310520813803161
8350,0.014762045260648168
8351,0.005526038178731604
8352,0.05681185252244764
8353,0.8559583024743922
8354,0.023303994596423714
8355,0.4670557354253837
8356,0.007003085631546609
8357,0.018249385507422874
8358,0.01594521562767916
8359,0.07592047647686562
8360,0.030625646764879166
8361,0.031994528957823884
8362,0.08684676195998114
8363,0.1341880706758652
8364,0.010627899825040067
8365,0.7716412720547107
8366,0.6044814653266359
8367,0.007995688037525076
8368,0.03675791718557099
8369,0.9251401036758646
8370,0.026818835332133924
8371,0.17999967864584748
8372,0.9002294360047259
8373,0.009135364558423243
8374,0.004975304465058777
8375,0.8779058113962286
8376,0.008234617838496053
8377,0.9457655901694237
8378,0.30862981742125517
8379,0.4339860149097849
8380,0.5888600524273366
8381,0.0035847890801745707
8382,0.06253593054760233
8383,0.005751138144730644
8384,0.0040274674140840065
8385,0.10560621242114598
8386,0.016298444088722434
8387,0.03869586159145391
8388,0.03938946663790857
8389,0.897895513299237
8390,0.0330656935075251
8391,0.008916447663510789
8392,0.0558600676081747
8393,0.5498943428003189
8394,0.8573764047291035
8395,0.08822821656563451
8396,0.5475662582518
8397,0.012688648995426117
8398,0.9455762510521446
8399,0.7682311084288524
8400,0.01608242044895417
8401,0.011971845228455638
8402,0.0750639626049145
8403,0.004101269022783441
8404,0.01886814771218379
8405,0.013065738259499329
8406,0.10121196027967655
8407,0.14556667023828423
8408,0.5232851096653046
8409,0.007695598456111403
8410,0.011394165555787908
8411,0.007554239238618811
8412,0.597262647761374
8413,0.26794187812295545
8414,0.09390841352762463
8415,0.17781700844363516
8416,0.9624155351534294
8417,0.009269896646114086
8418,0.0031953633792272556
8419,0.11388575707729337
8420,0.12993837274037381
8421,0.04185818282061725
8422,0.04922854156701354
8423,0.005892051412451742
8424,0.017606265061837864
8425,0.3611461559599359
8426,0.12496189839890234
8427,0.004712584018803428
8428,0.013689514522632562
8429,0.9551938668153648
8430,0.011643316693007867
8431,0.2662270939876992
8432,0.2727142939984963
8433,0.11627901021621409
8434,0.050938900212428244
8435,0.6348790703272957
8436,0.08138916599659346
8437,0.03873164378862595
8438,0.898055285406463
8439,0.8624166242360356
8440,0.5079540661388273
8441,0.13749145516324457
8442,0.004670067842368796
8443,0.7074931981277173
8444,0.9183375022533369
8445,0.8815609957521311
8446,0.7837946623669461
8447,0.005698309957012285
8448,0.009107841061989932
8449,0.31703234147317716
8450,0.7868357130271242
8451,0.002197320881828797
8452,0.3198956772453886
8453,0.007134968549684184
8454,0.3905281339591673
8455,0.8696723280752131
8456,0.8202160951458333
8457,0.004181378101038255
8458,0.03045751723215712
8459,0.03206568374331062
8460,0.03783966083800986
8461,0.15273493427313875
8462,0.3381421870661242
8463,0.31227551463298653
8464,0.045242219348641435
8465,0.6552681182951078
8466,0.0053297014702482996
8467,0.016147756522444108
8468,0.016528030850002647
8469,0.049936104885927944
8470,0.01633904246294004
8471,0.8391162371989771
8472,0.3263427239882912
8473,0.01122737887414046
8474,0.28549535297967465
8475,0.01766741311478769
8476,0.010094963236441577
8477,0.9152372441503474
8478,0.30171566441385256
8479,0.007187458028518586
8480,0.029963732512898196
8481,0.010936563713002403
8482,0.009982122104275688
8483,0.014252513554851309
8484,0.06320348716815523
8485,0.02169772788293985
8486,0.13154592891804656
8487,0.024350011502832652
8488,0.45307404090220604
8489,0.9419872932754128
8490,0.0026364602925106123
8491,0.7660747318714998
8492,0.9581261577722306
8493,0.002579087247296186
8494,0.005730595097688694
8495,0.47201952766411415
8496,0.002132773298961199
8497,0.8998970788768333
8498,0.016309551183714657
8499,0.005501725903186601
8500,0.00550530361395914
8501,0.14440016379232237
8502,0.15136660088518275
8503,0.6162976409085584
8504,0.0081192742460058
8505,0.8514920633286034
8506,0.46456657198964346
8507,0.24771940418206212
8508,0.003650170305874487
8509,0.00805491097002133
8510,0.2062745859129605
8511,0.012666600934587933
8512,0.7765506883810646
8513,0.0036754484673067857
8514,0.009442085091999498
8515,0.9376784803062141
8516,0.1299832446600822
8517,0.0066135260479792315
8518,0.004275214154551293
8519,0.728418193882979
8520,0.14893725711867667
8521,0.6741931716237776
8522,0.596286122279118
8523,0.9351935369688358
8524,0.031443019362309955
8525,0.8957057625220365
8526,0.11409644159632223
8527,0.0020730827091204134
8528,0.0030688996342330714
8529,0.016599369455876957
8530,0.9686378491111219
8531,0.9321983438792862
8532,0.014345241327722684
8533,0.007629242715134018
8534,0.0725542181849401
8535,0.8979404872404693
8536,0.007495233650871563
8537,0.0024338474960908093
8538,0.4343807440599867
8539,0.9280392657762775
8540,0.06576234336353577
8541,0.06136748587101701
8542,0.13636507281547872
8543,0.6300806374246192
8544,0.026365631794184077
8545,0.0067118408882376746
8546,0.009434657325349097
8547,0.04038042827226176
8548,0.024394194681823186
8549,0.7666706716159293
8550,0.006628180810408582
8551,0.005414106433897565
8552,0.008150723344913015
8553,0.008301863330238246
8554,0.004845193468219097
8555,0.005578801044087994
8556,0.006079574741715256
8557,0.008833250319231727
8558,0.0411936058677103
8559,0.8833795284251073
8560,0.9023188118490356
8561,0.014310869173317236
8562,0.10851337109370564
8563,0.4912362793900398
8564,0.596893157879945
8565,0.8173601026247592
8566,0.9655200097560914
8567,0.5013055639192602
8568,0.8993913250905583
8569,0.006474304266837565
8570,0.02272083810097254
8571,0.020507902484055276
8572,0.025187143937765246
8573,0.01847250421095768
8574,0.35759185312858294
8575,0.00568628540618621
8576,0.4862900006217934
8577,0.019872597288569462
8578,0.005011868796863269
8579,0.008411968698537284
8580,0.01643310471931956
8581,0.10467298494250746
8582,0.007918922333868737
8583,0.00732498277806045
8584,0.031989853677144714
8585,0.05046669297790039
8586,0.003179004579509633
8587,0.010667160152228128
8588,0.02111255938263362
8589,0.02928259280421864
8590,0.006599311518299497
8591,0.08650497853612611
8592,0.0757154215451879
8593,0.3041060825488161
8594,0.02792527974290755
8595,0.011105841710027362
8596,0.9110597464649541
8597,0.040087451704151636
8598,0.0023594650686316054
8599,0.9067275895255085
8600,0.030809215479992928
8601,0.0730315538680807
8602,0.5198769154802882
8603,0.0096524098208363
8604,0.002816703496110815
8605,0.06955558376227741
8606,0.3994989623208289
8607,0.0067079704121156295
8608,0.009873415326874992
8609,0.8037131807771192
8610,0.8689756557563789
8611,0.003552001555468788
8612,0.8768153577195189
8613,0.3409453343046186
8614,0.04128224324600993
8615,0.21556345508461727
8616,0.13927355125688615
8617,0.007221855789208895
8618,0.232756730280393
8619,0.005497063716826661
8620,0.11508076297704113
8621,0.04391124142829983
8622,0.42945230097031956
8623,0.036876804882444644
8624,0.058928845707889976
8625,0.039418630880961876
8626,0.0068614669888985794
8627,0.023373082279338063
8628,0.019258660495650996
8629,0.761750898342702
8630,0.1659343913190917
8631,0.018210111390274477
8632,0.300509294514255
8633,0.010555518043766348
8634,0.5587096945610522
8635,0.02359664851654979
8636,0.1018922128334772
8637,0.006179759983976751
8638,0.007032624610226982
8639,0.0495596008304593
8640,0.046098164655124764
8641,0.009990449132442257
8642,0.022699075949274394
8643,0.008630615121377637
8644,0.22126312662697237
8645,0.03010591773612853
8646,0.2218628234823436
8647,0.16262359239519045
8648,0.017202624874900676
8649,0.0021149549668900624
8650,0.1071347762896665
8651,0.7925738509061158
8652,0.8041698699842705
8653,0.3959604703382549
8654,0.08272455822339735
8655,0.013846136619145081
8656,0.03302865373962572
8657,0.1058113774054913
8658,0.008741021036216606
8659,0.40256027954279683
8660,0.003351903114153646
8661,0.039171748567510524
8662,0.4459571796086228
8663,0.3383415615706128
8664,0.01144417434821295
8665,0.0021300753420419273
8666,0.6499592064631126
8667,0.5868115801933662
8668,0.004813408126965333
8669,0.9281116014442738
8670,0.30123549178543846
8671,0.03456469321663932
8672,0.007477975312505586
8673,0.007606763979588908
8674,0.050868740071865905
8675,0.9476352526776589
8676,0.7916610683632292
8677,0.007112557690632673
8678,0.006723989266839439
8679,0.007922758011886789
8680,0.4231890646999293
8681,0.840044381558677
8682,0.008856562436566334
8683,0.8792423092712656
8684,0.025004521362355932
8685,0.7501210696378713
8686,0.855737512352501
8687,0.03716154661504413
8688,0.4275983420701254
8689,0.030736349513285296
8690,0.0066593175704976765
8691,0.016622758891083472
8692,0.5873265489032286
8693,0.893785547092648
8694,0.9466307953327553
8695,0.852918407921833
8696,0.5448637428002042
8697,0.007481443135803407
8698,0.12117035715291799
8699,0.9682547217099824
8700,0.008668008875340898
8701,0.008471998523633752
8702,0.09539031205462302
8703,0.1305124703416273
8704,0.019389794417947265
8705,0.026322708422866554
8706,0.007917396692770145
8707,0.44298992178335656
8708,0.01016945331216828
8709,0.03208520315329939
8710,0.8913214552055813
8711,0.2732304758530445
8712,0.0029361732052078987
8713,0.27719501806269714
8714,0.47359466084130264
8715,0.0566451465418181
8716,0.43126012377454814
8717,0.23188767318981482
8718,0.08104084908775097
8719,0.11700368653040773
8720,0.00803750085253939
8721,0.39368578876958216
8722,0.06055989823265283
8723,0.00807740729466237
8724,0.010135279628336312
8725,0.039051789933324664
8726,0.019505133924631404
8727,0.022150109735089685
8728,0.3814475642880937
8729,0.04603499190995142
8730,0.10007297177752184
8731,0.17828330027719552
8732,0.8590584152299794
8733,0.0555442437373295
8734,0.016655020881310587
8735,0.059471199637246626
8736,0.7012903504060447
8737,0.002916479341536889
8738,0.02047569384404605
8739,0.009630242037898157
8740,0.00345113795068036
8741,0.017425278076769437
8742,0.41934348939139143
8743,0.5475194995267053
8744,0.004406056917709297
8745,0.00377470834403941
8746,0.3839673621429484
8747,0.004275886018663682
8748,0.9621560404415875
8749,0.7133640455834378
8750,0.008708204286625436
8751,0.01992681075750889
8752,0.01340995822860782
8753,0.03453976222235941
8754,0.2749671728073199
8755,0.11038975755292932
8756,0.018762199589781058
8757,0.26639108801065436
8758,0.050175375529871426
8759,0.03462765068138747
8760,0.0069312360720749635
8761,0.006359639430269565
8762,0.004727488018198045
8763,0.0020494296520109237
8764,0.005035894453499314
8765,0.01488673434839232
8766,0.017985088467069314
8767,0.005824269732722264
8768,0.0035019011080881304
8769,0.0017437633193031776
8770,0.009481441150708828
8771,0.03786889248606627
8772,0.006225664736660483
8773,0.006669020127753336
8774,0.02602888349367767
8775,0.34375889501668055
8776,0.8002865176945466
8777,0.05142476200220772
8778,0.875849575358385
8779,0.007579797222793777
8780,0.004105198393292494
8781,0.08243921990244514
8782,0.9376965170251201
8783,0.0033950834700018457
8784,0.3579500855319687
8785,0.051739930385241294
8786,0.6541395692132106
8787,0.29281187576547446
8788,0.14690252172174373
8789,0.08633809257129521
8790,0.45222000914686655
8791,0.06247324691478568
8792,0.01467309776478825
8793,0.023485737633060347
8794,0.8921578131378637
8795,0.012122338764084552
8796,0.053157667313688296
8797,0.007297031904910335
8798,0.10499938783588346
8799,0.20714351975973264
8800,0.8619492178474063
8801,0.02216050682292807
8802,0.017798834273197735
8803,0.008343229475184151
8804,0.10872509752185053
8805,0.0068557495416192524
8806,0.09333172667707987
8807,0.049488794690333425
8808,0.7389844759210962
8809,0.9666870961202869
8810,0.011132602458010793
8811,0.22558555563405613
8812,0.3022387134903929
8813,0.1494952121176899
8814,0.040955765480881236
8815,0.1476057078705664
8816,0.8888135928753993
8817,0.15129740479302764
8818,0.00539166527992702
8819,0.0069956153727806746
8820,0.013246653790289588
8821,0.060562137635853816
8822,0.017592625386787526
8823,0.005661392228607498
8824,0.03031845719639363
8825,0.007118820124295104
8826,0.006321409380764842
8827,0.04644988602867359
8828,0.07062155350093302
8829,0.020548037314291567
8830,0.4859567883032558
8831,0.0022744211084967446
8832,0.005181729453477714
8833,0.02964361200407394
8834,0.33055915693658194
8835,0.012517361911401088
8836,0.016235023692724115
8837,0.030182214363013837
8838,0.6988399659740289
8839,0.2199490143257896
8840,0.34799594435568504
8841,0.35348704577387835
8842,0.027488281688126632
8843,0.06858579462043846
8844,0.01598078293678828
8845,0.012405608704746308
8846,0.9256987766116527
8847,0.013373885553506593
8848,0.9218199249415623
8849,0.05331196595487922
8850,0.19603809302301867
8851,0.7459105289508106
8852,0.03156802588326702
8853,0.5492579264400499
8854,0.0972692571293245
8855,0.06918819708346725
8856,0.0163471290450248
8857,0.046637362213068544
8858,0.07592688112373823
8859,0.011848820413772922
8860,0.8812585221280196
8861,0.009592777368623857
8862,0.019155476201240584
8863,0.0027215336435156045
8864,0.012641405294517532
8865,0.01541535836910678
8866,0.013233973767319634
8867,0.019701903500325746
8868,0.006977820491125522
8869,0.035184578821741724
8870,0.8918090457451895
8871,0.07417182535825177
8872,0.012312226256493287
8873,0.001876191849212681
8874,0.9669721850377115
8875,0.8530633290787984
8876,0.01709450313331869
8877,0.06321442581202824
8878,0.003351377832102626
8879,0.33749805190556675
8880,0.03725840907344993
8881,0.33152062472831584
8882,0.26695989126725267
8883,0.2769683924951928
8884,0.0080662336437558
8885,0.7960585665151703
8886,0.037938965837192855
8887,0.02438950750098038
8888,0.4646555352556275
8889,0.00471367765670277
8890,0.004188138522401875
8891,0.8619443984377584
8892,0.03031771347411118
8893,0.03261333227769296
8894,0.3391058000958927
8895,0.09368491724857321
8896,0.07094306297917678
8897,0.08352536643290376
8898,0.048271158396570174
8899,0.05563946464798837
8900,0.0028044293326627448
8901,0.4610341363192495
8902,0.011910874603604864
8903,0.16968726205104784
8904,0.9489688459934922
8905,0.11430342654692954
8906,0.22071332777970726
8907,0.5227285873808337
8908,0.007072318254311731
8909,0.11194251420257524
8910,0.35770059881417754
8911,0.2008530788851518
8912,0.04933646287005537
8913,0.14446434039396805
8914,0.7930007902206848
8915,0.1566579761712443
8916,0.0028682479694178407
8917,0.009706003148939359
8918,0.027605541406232316
8919,0.4686592692397858
8920,0.1883024282939172
8921,0.08074166686060838
8922,0.9447077274893598
8923,0.040337850998019315
8924,0.1967159970959662
8925,0.19348256712327158
8926,0.9077097030724413
8927,0.2015876239482364
8928,0.4574901844680867
8929,0.005891985090069923
8930,0.04464779898707599
8931,0.0023847664204842025
8932,0.02099291158017302
8933,0.05863367074920419
8934,0.003946504341082608
8935,0.15536728928361335
8936,0.006199345486413637
8937,0.00899440128158238
8938,0.8704847798137638
8939,0.011571113164747496
8940,0.10088417496454008
8941,0.8379260072548493
8942,0.028848315343256
8943,0.09661540131134846
8944,0.9094320530630666
8945,0.009569109164739627
8946,0.014490921403113597
8947,0.06322068406401087
8948,0.8576859301046347
8949,0.0831340333118964
8950,0.005780294150579916
8951,0.02823164698648986
8952,0.021635101880974485
8953,0.7882488384702564
8954,0.00798068042657832
8955,0.9049725917197284
8956,0.11731013315665445
8957,0.8250660248510795
8958,0.022399173109369057
8959,0.2627841211931037
8960,0.33622257157805696
8961,0.8736236502225488
8962,0.03953252899259953
8963,0.24949577230536846
8964,0.038201023671078305
8965,0.7292428232822871
8966,0.007769875674925616
8967,0.11340242470066103
8968,0.9629590061229978
8969,0.14597124373706946
8970,0.0120851248554609
8971,0.021275406136196134
8972,0.031262572399680805
8973,0.9003255697437913
8974,0.9038097835048252
8975,0.020200091940211946
8976,0.7502262264360368
8977,0.0113116012378397
8978,0.16418122615821623
8979,0.0049190384158958825
8980,0.787476207703525
8981,0.0036602353109612914
8982,0.012964123996703783
8983,0.0015180866251989673
8984,0.028776301376236848
8985,0.2064863025354483
8986,0.006166775975333963
8987,0.8811906140677731
8988,0.025406581535113944
8989,0.5187464030156066
8990,0.005355859664870273
8991,0.0020489890218489256
8992,0.40137342602872444
8993,0.021576860918055992
8994,0.11387435849859336
8995,0.012728436880979454
8996,0.008056031649376785
8997,0.02608899936300965
8998,0.13535629650424202
8999,0.8904743720261239
9000,0.15739115705608353
9001,0.9273873552178391
9002,0.24149128736832984
9003,0.025604316090250923
9004,0.0032069270751344955
9005,0.6921072700733077
9006,0.046186223209820645
9007,0.2744282903911621
9008,0.17267050683634616
9009,0.04677343480455055
9010,0.003456016987079075
9011,0.024471464498497318
9012,0.7605804368642373
9013,0.5776745722901846
9014,0.043568455451242785
9015,0.014927394819177413
9016,0.027382921170505732
9017,0.7289679964114375
9018,0.02398331428025166
9019,0.028242520809888084
9020,0.04958135969728217
9021,0.14220954739623698
9022,0.26866056599457594
9023,0.028878671780351438
9024,0.007546192263355204
9025,0.023254516656521902
9026,0.4038246741099223
9027,0.0161743749398058
9028,0.528881976149411
9029,0.1743730462563118
9030,0.0058203429359259635
9031,0.1122259882709486
9032,0.32439212042228377
9033,0.015116018283932182
9034,0.002776390734120667
9035,0.017227843377134493
9036,0.013172929268247886
9037,0.07758829201024077
9038,0.9266286624584903
9039,0.2274211759823066
9040,0.022571995946902627
9041,0.005514565080383205
9042,0.8027740598041513
9043,0.005859474901036887
9044,0.008943257552844436
9045,0.002748929428159537
9046,0.03543705428976973
9047,0.0031095824999163952
9048,0.1446267174704242
9049,0.04477609044765522
9050,0.030393648416567234
9051,0.021274265144543662
9052,0.10782401585899971
9053,0.02529538615538771
9054,0.0040894731856567145
9055,0.060865302955967454
9056,0.020262727730197896
9057,0.20531098328241343
9058,0.06011995144797748
9059,0.33319918118284925
9060,0.003034305380183798
9061,0.386548510383785
9062,0.06709036348061129
9063,0.02141979930639483
9064,0.013626935253927441
9065,0.7401967072996622
9066,0.03314501321568335
9067,0.6335576813953465
9068,0.0696378174310771
9069,0.0985765842552273
9070,0.891348350603226
9071,0.12115190430263713
9072,0.10564704795623632
9073,0.01987920750832191
9074,0.010124134596777985
9075,0.02898057102664887
9076,0.0031095793558995524
9077,0.027349867644025614
9078,0.16171643444191136
9079,0.017501322970196923
9080,0.016894767304432845
9081,0.20018385535332453
9082,0.1769314894613197
9083,0.06108321818466871
9084,0.4921486798833137
9085,0.062206975839003587
9086,0.9524311409207609
9087,0.8146107954710827
9088,0.025301208500041625
9089,0.01473422982579086
9090,0.022975093023969002
9091,0.01523987178114283
9092,0.007444957457943964
9093,0.09836919713799545
9094,0.052911063399036444
9095,0.006310640448549293
9096,0.008954740968001858
9097,0.7130109139229661
9098,0.8911802861625724
9099,0.02470745376693901
9100,0.11539822859419835
9101,0.6541445620731525
9102,0.01345670252877392
9103,0.005106203314045208
9104,0.26481950266806886
9105,0.006055340645429867
9106,0.03061296286670392
9107,0.6393344813547992
9108,0.7835204609292566
9109,0.014913466297535035
9110,0.240034230751432
9111,0.01119489683469864
9112,0.007045176930338208
9113,0.39946207252028915
9114,0.024444475221615965
9115,0.022324607852109296
9116,0.645698330337602
9117,0.010049923738887974
9118,0.009210323809886423
9119,0.01995064342272244
9120,0.24264475491020948
9121,0.03304393586239829
9122,0.64090804770452
9123,0.08584514596899308
9124,0.8695506557210023
9125,0.5170393725836611
9126,0.0019251165597114054
9127,0.01026977782306374
9128,0.01670202296130575
9129,0.8444559068651102
9130,0.8703143935173596
9131,0.18653452795960412
9132,0.556184672652563
9133,0.0036273341965756805
9134,0.17312065805107768
9135,0.6648443145393178
9136,0.3581023175595761
9137,0.014632379727263183
9138,0.0037227093418718414
9139,0.014852256422096036
9140,0.09841612902477748
9141,0.9351990293955771
9142,0.24752190994627404
9143,0.0021454226917910373
9144,0.04013569728960317
9145,0.011462971430210798
9146,0.8593432532920262
9147,0.03105594912461282
9148,0.14681837236157846
9149,0.40145930309641464
9150,0.07338583960910092
9151,0.011646996507472222
9152,0.11740861689124552
9153,0.2568903175803807
9154,0.041030414744772155
9155,0.2606044357929053
9156,0.0034011915825957633
9157,0.06204319536787318
9158,0.006077317681563184
9159,0.005797096156589253
9160,0.3504798147433783
9161,0.9210629244631356
9162,0.6491743781752678
9163,0.04602722537493814
9164,0.04328328876746644
9165,0.9083585360182539
9166,0.007011258661021116
9167,0.030681102358150185
9168,0.0022794051582411576
9169,0.01976305769406558
9170,0.5557402112483694
9171,0.31711964921579305
9172,0.7155014512250437
9173,0.7566130433909546
9174,0.011027172340156785
9175,0.2641988983896529
9176,0.01818647578675121
9177,0.0981718374186228
9178,0.24427266013878499
9179,0.9537087594183871
9180,0.18207699521747786
9181,0.2922147264810309
9182,0.022244371383714483
9183,0.0013370461355584954
9184,0.6351469118580906
9185,0.3023677533630149
9186,0.04003939249744045
9187,0.05333075581272721
9188,0.030678362499590155
9189,0.22529689261042787
9190,0.3423379839437369
9191,0.7428290104956893
9192,0.9079777834802747
9193,0.9654645874913148
9194,0.01624812556410893
9195,0.7625081027038886
9196,0.703777589947676
9197,0.05528435115689323
9198,0.9549637562125537
9199,0.040407886816785685
9200,0.4744204518535457
9201,0.0031349688407974418
9202,0.0018575737695906845
9203,0.7988532136189395
9204,0.04814709414611227
9205,0.06257410895149187
9206,0.6859261590924864
9207,0.041388467116406154
9208,0.05069631137409107
9209,0.010033246427008558
9210,0.8022012446138225
9211,0.0900897012872144
9212,0.8400648559696409
9213,0.017997926623378402
9214,0.026197575308694335
9215,0.7697986924531279
9216,0.0021148916651767334
9217,0.030216217554222345
9218,0.902571126965631
9219,0.1844126646946214
9220,0.02979204390791103
9221,0.027372688752594354
9222,0.8903150200937693
9223,0.32611358454419487
9224,0.013968149684841124
9225,0.0493392618704019
9226,0.006075592031572831
9227,0.4765820308264792
9228,0.8460783207566461
9229,0.4634305070179331
9230,0.5495340588739468
9231,0.7918888098366043
9232,0.032844854527978674
9233,0.008604738208882728
9234,0.8423228238568738
9235,0.011790641401267947
9236,0.05786785054402787
9237,0.858433214248116
9238,0.00633896166737676
9239,0.013868201562697227
9240,0.04886629979820447
9241,0.16482696669552188
9242,0.05667722655798588
9243,0.5449349486758241
9244,0.4895936478882952
9245,0.043426615579515326
9246,0.8943448163151575
9247,0.14927220511972542
9248,0.020858236467278142
9249,0.8028918188019762
9250,0.20137202533189102
9251,0.008750371169315103
9252,0.31144562307373574
9253,0.016044512759132205
9254,0.004371516552299815
9255,0.025482238856956774
9256,0.03523241323455652
9257,0.01297894416607661
9258,0.8459331346346564
9259,0.018613187219364898
9260,0.1412140140567844
9261,0.9234455597082476
9262,0.007131349321818952
9263,0.4221224301106663
9264,0.0035553361406995927
9265,0.016469270397329747
9266,0.02292257800746542
9267,0.9175899371804426
9268,0.763258690967768
9269,0.0035205705324356847
9270,0.006167358596515151
9271,0.007205220444795404
9272,0.025519328619429238
9273,0.7947494862153779
9274,0.8836176859405113
9275,0.004982341002726153
9276,0.013359616874881984
9277,0.498475023004586
9278,0.056702904453509215
9279,0.026194048042824287
9280,0.002237087708413748
9281,0.7050464103234666
9282,0.18932963403183067
9283,0.9059300046235781
9284,0.015171799427177595
9285,0.013406559696430842
9286,0.0019128014925849177
9287,0.033261470422190145
9288,0.07780255074963466
9289,0.5307759527987987
9290,0.01314287706758299
9291,0.016730151977216008
9292,0.6109401185069647
9293,0.4691145159811424
9294,0.04661011713049382
9295,0.16293163160579271
9296,0.033164984030779956
9297,0.058854036347572886
9298,0.030601210302033586
9299,0.006028629391662683
9300,0.044473809481470436
9301,0.20384883261747638
9302,0.29866209102782504
9303,0.042196405671444136
9304,0.03127865433252477
9305,0.0023247046541512236
9306,0.2834159596355228
9307,0.013809200033751148
9308,0.18927161574994467
9309,0.050554038176430845
9310,0.012027792056768587
9311,0.006643210742638171
9312,0.6940727919982377
9313,0.07439202849203573
9314,0.09654500920329079
9315,0.003492522798355221
9316,0.9099401474310322
9317,0.05252312308612393
9318,0.015179652043306588
9319,0.010681416792100558
9320,0.015040373220964411
9321,0.018534121445238316
9322,0.004700828852128559
9323,0.91729160932513
9324,0.6218327463447922
9325,0.04650952516938963
9326,0.8739839881961622
9327,0.02644757921263641
9328,0.960401113867946
9329,0.009122164779618924
9330,0.022849727706695723
9331,0.6056756243494479
9332,0.012641193398874123
9333,0.016737722483979044
9334,0.40930018081145975
9335,0.0169890915179561
9336,0.06536877385552621
9337,0.0065309742149122435
9338,0.09370952754786083
9339,0.8886681354082968
9340,0.004341084583570039
9341,0.008391490408237126
9342,0.8907805252185843
9343,0.1683410913797756
9344,0.8778983927765664
9345,0.03781450886845932
9346,0.01128734688319983
9347,0.011432571990637772
9348,0.5157258790753434
9349,0.0039058839079926205
9350,0.2023778334165942
9351,0.03001174164708181
9352,0.0018916126204278725
9353,0.018913516043285263
9354,0.10061129200294482
9355,0.020514774703655092
9356,0.006723582568109558
9357,0.6673947051671326
9358,0.021335365626035344
9359,0.04720730788857089
9360,0.6992384551388868
9361,0.030033148730992155
9362,0.004831111579805513
9363,0.18792170819865847
9364,0.05198352186622874
9365,0.4701647414245912
9366,0.1083813293146908
9367,0.9326668758842911
9368,0.019405812938115885
9369,0.006809762658780184
9370,0.22948955461147733
9371,0.10433328031148693
9372,0.6248350727149364
9373,0.4682171066990153
9374,0.020697231871519995
9375,0.4559140581077828
9376,0.1637851853083339
9377,0.004879483857123688
9378,0.9183611736703708
9379,0.8887386868111298
9380,0.04679135194196311
9381,0.02176168726230323
9382,0.4662944998340776
9383,0.016856250909573905
9384,0.6774278416321411
9385,0.09488167017902555
9386,0.018288403071353126
9387,0.033945448072463115
9388,0.9064878573227761
9389,0.8816668083817985
9390,0.018619211602444584
9391,0.8341428155927891
9392,0.005330351037642695
9393,0.8560907117780536
9394,0.009407233627780877
9395,0.8629114680087127
9396,0.024540044320863943
9397,0.16081568338259822
9398,0.011628189625880647
9399,0.005263606552919116
9400,0.12004020552163175
9401,0.7470639866885105
9402,0.2878939747218629
9403,0.017916760244565528
9404,0.03309238727100224
9405,0.8001796023761957
9406,0.9534791122727604
9407,0.009628307334096954
9408,0.47779976490293197
9409,0.01186276169905816
9410,0.06901181232398446
9411,0.03656126851114897
9412,0.025089465082338315
9413,0.02550370845929083
9414,0.14727855324360237
9415,0.10891130207450246
9416,0.02426935886866602
9417,0.005928772841799105
9418,0.023006988600043007
9419,0.011993935585143623
9420,0.14225487493076783
9421,0.004615347021752747
9422,0.8531457835046761
9423,0.5510750713500698
9424,0.39298290580976614
9425,0.06613773229964741
9426,0.0030290469439115757
9427,0.739207464128542
9428,0.3651315517519066
9429,0.18728586953732168
9430,0.004766365396490299
9431,0.9285533245470126
9432,0.9005462460988134
9433,0.8005920311769084
9434,0.056046866891718616
9435,0.8054846162990905
9436,0.9164912452688962
9437,0.08494945437100458
9438,0.045845509932243816
9439,0.13797475593137348
9440,0.41636725941928693
9441,0.002904223807121305
9442,0.900944521338436
9443,0.8690134427472711
9444,0.008475063141253342
9445,0.039376830874672565
9446,0.1034886956024021
9447,0.22556586119671204
9448,0.1391937425610705
9449,0.7914600816268907
9450,0.2550078180372831
9451,0.6710662446636988
9452,0.015761716251382993
9453,0.4843744354589705
9454,0.8112801864609505
9455,0.012203480077832559
9456,0.1363808834684202
9457,0.17462632971580033
9458,0.029782140147153028
9459,0.015482665724002337
9460,0.020990718929310807
9461,0.007608277887093052
9462,0.7754805072800105
9463,0.03135241490478908
9464,0.05109277117398166
9465,0.6190148396249435
9466,0.0999701651827048
9467,0.003479446830160214
9468,0.013088091177593575
9469,0.019301650539249513
9470,0.2010756096149326
9471,0.54258392435221
9472,0.0014549838075913575
9473,0.034099688365109126
9474,0.903823236533928
9475,0.022929674586655364
9476,0.035691339657813945
9477,0.005272750405026829
9478,0.0029470829219388085
9479,0.2142055713541722
9480,0.37184425228732565
9481,0.03307499937042985
9482,0.009771399324986576
9483,0.006543011312107122
9484,0.7741726517568402
9485,0.011594754486252055
9486,0.09420995173615693
9487,0.30333496498328366
9488,0.013715080264122138
9489,0.8488765902259929
9490,0.8470301675956358
9491,0.39226147355984603
9492,0.00893659617464113
9493,0.23834093616567648
9494,0.21249108641951073
9495,0.7448581918629523
9496,0.057599116066665304
9497,0.7463462702221801
9498,0.40182229950294823
9499,0.05744606610449449
9500,0.0235439633000765
9501,0.09552521725732283
9502,0.04307550919336199
9503,0.2152103737435416
9504,0.14734702002788752
9505,0.9051985116792217
9506,0.04498660829967853
9507,0.013614827223958209
9508,0.03299547228921409
9509,0.30940600329114704
9510,0.02956396153197879
9511,0.015557338861004626
9512,0.7368238534882815
9513,0.08288317678409766
9514,0.041392685366111084
9515,0.004883295071594011
9516,0.7764403352765168
9517,0.18330884448790838
9518,0.022594757747321236
9519,0.4285701688461566
9520,0.009568411125495207
9521,0.04880269358322918
9522,0.008281108914107719
9523,0.06752812129868016
9524,0.03422410030346975
9525,0.819562423443065
9526,0.3537246264057277
9527,0.005531080767566608
9528,0.01810336420614403
9529,0.5373882711396332
9530,0.02414490064829304
9531,0.009584678978912234
9532,0.8881151368496039
9533,0.36734437948750664
9534,0.6604215332651412
9535,0.6342024212074978
9536,0.005851470455580983
9537,0.006761365031586288
9538,0.3056082858500089
9539,0.8479429853310361
9540,0.0048894053052682285
9541,0.8704616008830081
9542,0.15339694465496045
9543,0.8895720594755271
9544,0.19000600648675714
9545,0.2011981807101517
9546,0.35473078870114716
9547,0.47725320387532016
9548,0.04749437216486322
9549,0.12464541525019916
9550,0.06017346171351772
9551,0.007088735822243451
9552,0.007385113212391374
9553,0.0040337901643857175
9554,0.8102649304333847
9555,0.03914777933985455
9556,0.2318924152189405
9557,0.8454188860658491
9558,0.5916389730545406
9559,0.253966631883375
9560,0.8764691992155971
9561,0.021228396949554987
9562,0.01328303893333151
9563,0.9697338004503125
9564,0.3518704963101435
9565,0.008403137081473371
9566,0.009389039156823608
9567,0.0354080448992842
9568,0.21636545792346923
9569,0.012944367750209601
9570,0.862099994225285
9571,0.48318065275823124
9572,0.028978654162247923
9573,0.8881796347027797
9574,0.8621061740178337
9575,0.1351075889081903
9576,0.003969331807097945
9577,0.03897784670427943
9578,0.15902875645571912
9579,0.03983642213694462
9580,0.002564541445472142
9581,0.10152230632969289
9582,0.9555026016626573
9583,0.004980652172023424
9584,0.035451923404195756
9585,0.6089243837838778
9586,0.6217619655870721
9587,0.015619040580200071
9588,0.0414607486078664
9589,0.022937564011420934
9590,0.0046511165185700925
9591,0.940167182433949
9592,0.08163631213354541
9593,0.014515383903127952
9594,0.04575034060383664
9595,0.017034778862608232
9596,0.006398844561163793
9597,0.9632753004626403
9598,0.009482315707050982
9599,0.04852797225360696
9600,0.492753346446429
9601,0.005048862402950342
9602,0.09648789982712082
9603,0.6852226666589468
9604,0.0040626221648375075
9605,0.18901465232342413
9606,0.013587413827377619
9607,0.01120866555704564
9608,0.046494695623211416
9609,0.29716726160406065
9610,0.8603376803656667
9611,0.002234136218697246
9612,0.02686581057373815
9613,0.10211574838529933
9614,0.3909693280986199
9615,0.04708622432723774
9616,0.059698547679372535
9617,0.016338706431231642
9618,0.42624602115237153
9619,0.13475891517350852
9620,0.005828824455441883
9621,0.5967927570642353
9622,0.82330709710163
9623,0.8948884163022308
9624,0.0026192247540972637
9625,0.24573186752970708
9626,0.012036002280800089
9627,0.8448981877682866
9628,0.2631607983759532
9629,0.010764097962227376
9630,0.014830236457454923
9631,0.02167140382331716
9632,0.0011916475788248675
9633,0.698523292480046
9634,0.012684548663830978
9635,0.0133699604552924
9636,0.845818441138325
9637,0.015763180577076312
9638,0.0027145511878343058
9639,0.004123104298384356
9640,0.03901899889620669
9641,0.01291662672992763
9642,0.5774212828935379
9643,0.9260207378822571
9644,0.07720852857125649
9645,0.005792441287876285
9646,0.8313976961616941
9647,0.23643308324830553
9648,0.01594340009415829
9649,0.044285596411423406
9650,0.018530150784035058
9651,0.22384098155877913
9652,0.12863854580566847
9653,0.9136197165146818
9654,0.6604707864003825
9655,0.1400273973677554
9656,0.007453310365154985
9657,0.7918205428108541
9658,0.02209637929690684
9659,0.04557992899019348
9660,0.02731380230866569
9661,0.11237027841209095
9662,0.5363798092411961
9663,0.05837653463397684
9664,0.0034023999424535782
9665,0.01594770607297002
9666,0.2133232864768031
9667,0.9105738609785698
9668,0.23674605527664294
9669,0.006045418904561751
9670,0.03278221523647324
9671,0.011438846469243596
9672,0.026908912010870915
9673,0.7324459519681688
9674,0.015459201263334369
9675,0.030892498085816195
9676,0.021115617879252813
9677,0.26030206119394106
9678,0.3002182231175258
9679,0.13578190246396224
9680,0.9493202184504116
9681,0.007945864503982093
9682,0.26731417309787603
9683,0.011811419615779771
9684,0.030968428723780438
9685,0.04777642326723931
9686,0.0043699097858533684
9687,0.007731463978657434
9688,0.6715286634900149
9689,0.026141501371613224
9690,0.0715476565047096
9691,0.040311082502772565
9692,0.043488261332499834
9693,0.04232731845763635
9694,0.021021402189542727
9695,0.0409978314766849
9696,0.0073521092996464855
9697,0.017562301865640347
9698,0.9327251679962428
9699,0.014205809052278402
9700,0.3943653470202504
9701,0.021745467786243162
9702,0.0424665585331409
9703,0.004274121165785416
9704,0.02580352894779206
9705,0.14691485956104924
9706,0.03856489497373331
9707,0.0048611720742450055
9708,0.7614483400940495
9709,0.011651533008851907
9710,0.05291684761120643
9711,0.024476618682744984
9712,0.025518986417245988
9713,0.004113544703310062
9714,0.013323613297933572
9715,0.10964973099380569
9716,0.008103443976832997
9717,0.9475927185260864
9718,0.23961128985247526
9719,0.4750214740120702
9720,0.02122696381374941
9721,0.008617280470876107
9722,0.0030787544042039667
9723,0.009944728665311776
9724,0.8962109038041541
9725,0.01225878047583864
9726,0.37953517387249525
9727,0.4077873373309563
9728,0.513928970907414
9729,0.2009842746594207
9730,0.11830254139064283
9731,0.010318570231835912
9732,0.3834729114675457
9733,0.026086654377119056
9734,0.2793901150502379
9735,0.07956067392062459
9736,0.13248160703375628
9737,0.009226291603015161
9738,0.5675698940377666
9739,0.015530736173492283
9740,0.019854735373397905
9741,0.0036513237392659537
9742,0.022786678275203986
9743,0.8194820943215954
9744,0.16030334831127052
9745,0.9073477667177565
9746,0.0063099072978790825
9747,0.015460941177846481
9748,0.03225183823955421
9749,0.6675929128667777
9750,0.006373694824487862
9751,0.0935362255301376
9752,0.09056109208534147
9753,0.6995699494217396
9754,0.7225428742099222
9755,0.7173635517135153
9756,0.04755431775974146
9757,0.6505923997261467
9758,0.06855474688028769
9759,0.06021314822670107
9760,0.9016827050041644
9761,0.004001597102359572
9762,0.8182094133042788
9763,0.06597033228064991
9764,0.22779988548354468
9765,0.14727235046619036
9766,0.02358459049241038
9767,0.16076072990153029
9768,0.0028404689363202233
9769,0.4788373268857986
9770,0.00798213376664644
9771,0.006258291049176068
9772,0.46365165212641635
9773,0.9161346788728743
9774,0.06826361046158985
9775,0.009198915919627524
9776,0.8417278852843167
9777,0.14721545607306608
9778,0.1956867329328858
9779,0.00872036882917626
9780,0.021202718350480994
9781,0.0019208794586241936
9782,0.351910916431084
9783,0.6180229942365916
9784,0.008844606311901598
9785,0.02890743134953774
9786,0.18944181154043188
9787,0.22159217994122848
9788,0.3250917835790086
9789,0.8826086752931659
9790,0.0585875226060331
9791,0.008391117568882077
9792,0.014492607283463368
9793,0.04401340271780169
9794,0.00720931802485279
9795,0.018303002520197766
9796,0.8988346166262606
9797,0.7608743736283754
9798,0.7125195551494001
9799,0.20576683473078922
9800,0.002488737541999927
9801,0.019527881527480286
9802,0.0317502669447074
9803,0.3650997513434165
9804,0.9440885740838568
9805,0.04202127983594691
9806,0.43233302025782167
9807,0.009812547758816372
9808,0.33595880909259235
9809,0.0049893236668283785
9810,0.8829649696372734
9811,0.1016919827070796
9812,0.8825900456957588
9813,0.9351475540435157
9814,0.9001945083612041
9815,0.04340013717717833
9816,0.011113925190726171
9817,0.6537987730893846
9818,0.005962950009818807
9819,0.5061425019487376
9820,0.2139423484852961
9821,0.02630527373837798
9822,0.009885742094838964
9823,0.012076728587102844
9824,0.006367612522334414
9825,0.0018330210943337053
9826,0.02825410456674086
9827,0.01528719454539195
9828,0.005305184877347805
9829,0.019299583103818234
9830,0.0035897263611035465
9831,0.030738281922775043
9832,0.01093792265773282
9833,0.09830550789679313
9834,0.39474374648037636
9835,0.033753422887576046
9836,0.0470464026700151
9837,0.021800670224205503
9838,0.9570322196613656
9839,0.8429166641471694
9840,0.09243608981848976
9841,0.579903875593587
9842,0.24190802468489886
9843,0.01702372681975969
9844,0.06335784194164044
9845,0.04617694608279935
9846,0.7331096165031687
9847,0.007856259695659965
9848,0.3374922199553076
9849,0.8790194876752575
9850,0.05803265714217104
9851,0.048622005377962414
9852,0.062034330047265086
9853,0.5001528689629419
9854,0.008098099299419485
9855,0.008919313633175524
9856,0.8420906373759312
9857,0.9618685783819423
9858,0.8581608709806692
9859,0.010334143225230321
9860,0.014167986451815086
9861,0.4861694246227912
9862,0.10854335796442852
9863,0.00865897243601712
9864,0.8830693238211613
9865,0.012433452779742997
9866,0.042821455136021355
9867,0.09081060514778133
9868,0.05117607425520093
9869,0.0021782211019424737
9870,0.013077421754140617
9871,0.10749401550995101
9872,0.12440657201283198
9873,0.03158465402755567
9874,0.006602078795252547
9875,0.9681461566355137
9876,0.026817131020615385
9877,0.010549332042154488
9878,0.6428834235343507
9879,0.038258255889572185
9880,0.07858706680479345
9881,0.0026997796589462225
9882,0.007824023907224757
9883,0.004707085596884126
9884,0.055652320189527156
9885,0.2359307094396177
9886,0.543650723704344
9887,0.006627151063564506
9888,0.421830112882449
9889,0.005461185570881421
9890,0.010501781584756254
9891,0.7902723760899846
9892,0.013399320433495534
9893,0.01569426274615915
9894,0.8046616822267731
9895,0.029622858957524017
9896,0.9161674804221326
9897,0.4322815930782747
9898,0.007217089807801109
9899,0.15237915980592034
9900,0.6410581560828759
9901,0.03573242377529125
9902,0.12590436411611367
9903,0.5534393990254622
9904,0.007208776970975597
9905,0.0484449316268556
9906,0.3698028783509803
9907,0.28334911157913517
9908,0.04837266430855905
9909,0.02731702249225298
9910,0.7609616652512324
9911,0.033660245972451645
9912,0.05143768187601798
9913,0.23124627820540686
9914,0.5927024345797023
9915,0.010920287152714505
9916,0.8806618568902826
9917,0.8200266948665886
9918,0.07589894002152536
9919,0.0063163662969979596
9920,0.03951963767998621
9921,0.13591403072591426
9922,0.0212456438055335
9923,0.30077485192202413
9924,0.017925114160992524
9925,0.019893392341673397
9926,0.23640910377705435
9927,0.062435329152908836
9928,0.0069328584209820045
9929,0.007403112370721595
9930,0.005992844327826542
9931,0.006792322815175078
9932,0.004323227578224326
9933,0.020294760957254847
9934,0.00351690968552187
9935,0.2532504986293354
9936,0.021583719400602015
9937,0.01802717968166629
9938,0.03743345464918196
9939,0.013356524679767327
9940,0.0877507818920954
9941,0.26430797796458544
9942,0.016593804423108455
9943,0.027333594207195756
9944,0.22628292784280457
9945,0.5223798418884258
9946,0.15062289066587684
9947,0.08448029668411494
9948,0.017141414180455842
9949,0.012608609142552967
9950,0.008695627194599813
9951,0.2987824540848574
9952,0.21070902681083054
9953,0.5799007679462529
9954,0.9688321939618901
9955,0.8157501267719729
9956,0.5656747317581567
9957,0.0036117808532324215
9958,0.08239632161128252
9959,0.00728969104920014
9960,0.01184547095916903
9961,0.009240784725084827
9962,0.8293831421766649
9963,0.11337922584198737
9964,0.034456490282673294
9965,0.004858364475951883
9966,0.13476377252807353
9967,0.04450399254971397
9968,0.019723622100931842
9969,0.10320235651241833
9970,0.017588499300865493
9971,0.29078501700730897
9972,0.06443642009710426
9973,0.003113849624077807
9974,0.013599029565375918
9975,0.03346288057192389
9976,0.09033410486868271
9977,0.013488118036610462
9978,0.09823883690439583
9979,0.8992020033691863
9980,0.4041405799226093
9981,0.195119760142788
9982,0.00881831089191566
9983,0.7904493139499991
9984,0.19796667479479918
9985,0.004371455083101528
9986,0.4779522642432423
9987,0.1786777377508703
9988,0.005937761931260308
9989,0.0065946860227196
9990,0.1797890123250683
9991,0.9338173256880236
9992,0.004467659617896583
9993,0.011147157196083142
9994,0.05108720451641518
9995,0.07717510565551869
9996,0.0022709500009370567
9997,0.11057782033430258
9998,0.0539856341819057
9999,0.8090842361960001
10000,0.9140721860286392
10001,0.536415418574592
10002,0.010131012386719646
10003,0.3448159723371993
10004,0.005060902269638953
10005,0.01681913997159853
10006,0.9608708414081227
10007,0.712356232176654
10008,0.010002210061435151
10009,0.6720300707451357
10010,0.9688798855681698
10011,0.3135834512020719
10012,0.01246250949503874
10013,0.9434950323058174
10014,0.012799625966998174
10015,0.05301588962299316
10016,0.013581977753014559
10017,0.8030905560527923
10018,0.729229228701224
10019,0.8645407447506088
10020,0.8850262894989968
10021,0.05409849971913901
10022,0.8183665277046819
10023,0.00451986379875752
10024,0.015020886519089179
10025,0.02753156417174555
10026,0.03303649329455924
10027,0.013075049915259304
10028,0.007410942089193901
10029,0.035376055362527276
10030,0.00430419620883627
10031,0.13879086026970705
10032,0.7726065369725144
10033,0.0377181787371219
10034,0.006612892546145509
10035,0.19240689312267284
10036,0.7165860022084342
10037,0.012766766997804106
10038,0.09685157217810018
10039,0.037484937080015726
10040,0.13838304075043636
10041,0.19649786560480847
10042,0.026806744415563508
10043,0.02017709920463337
10044,0.07053753134292573
10045,0.6018632960418642
10046,0.016553032553094718
10047,0.9650118416339744
10048,0.6267815712628456
10049,0.07321715790215536
10050,0.017666588743678813
10051,0.015155541065253256
10052,0.08347939777971941
10053,0.1794747216331002
10054,0.562004752855481
10055,0.12220168192023886
10056,0.03208726273279753
10057,0.14476497639613506
10058,0.2147027212406528
10059,0.4974874626138866
10060,0.14304032243239112
10061,0.36836467961991876
10062,0.8688570088435532
10063,0.12022631639968427
10064,0.34469387188671524
10065,0.2861583703361821
10066,0.0066069266010533425
10067,0.016127783713160322
10068,0.7313120124566652
10069,0.13444116016552016
10070,0.8816534192747638
10071,0.7724270213021498
10072,0.9595988776967885
10073,0.3018489086577415
10074,0.814451336529572
10075,0.05241616860381435
10076,0.006221518055427578
10077,0.04641846730627022
10078,0.04970886611725661
10079,0.0204197748614066
10080,0.007549974534108017
10081,0.9542904107297687
10082,0.48174341718051306
10083,0.765233220622696
10084,0.007676340871459869
10085,0.7387250401272418
10086,0.24040315322039324
10087,0.0820156236852181
10088,0.21410776559184028
10089,0.03772090120407076
10090,0.07662486406555741
10091,0.015969708104952355
10092,0.18667694955924097
10093,0.03630154352165336
10094,0.14199391339622539
10095,0.10259160642697204
10096,0.7738743751576553
10097,0.18328528602524333
10098,0.005264756384567795
10099,0.018363230394497103
10100,0.008362888514563283
10101,0.00438913627641715
10102,0.04826395088812657
10103,0.49107569976208165
10104,0.003742465986283074
10105,0.0729788605535154
10106,0.36280837456623716
10107,0.47858545120780976
10108,0.05042497588799854
10109,0.050431455473709516
10110,0.8573677998483372
10111,0.7834378634896539
10112,0.008724209037352501
10113,0.03787652998551561
10114,0.02815884457287184
10115,0.8315941098791062
10116,0.02022719394061607
10117,0.7784211223300169
10118,0.4822149082756618
10119,0.6334109610454797
10120,0.005985378275967667
10121,0.7075336771173386
10122,0.005800222398929312
10123,0.007359102736386901
10124,0.10822894163986824
10125,0.8487663376486088
10126,0.005896849606330181
10127,0.14326753536031628
10128,0.7804932075146988
10129,0.006072598790749704
10130,0.02673498006467241
10131,0.053522864222638
10132,0.1294790405552878
10133,0.1301324216623114
10134,0.029695185002980948
10135,0.08443573180942865
10136,0.019395946377594314
10137,0.8269699021610942
10138,0.019517816366255852
10139,0.140697823037378
10140,0.018326312966335665
10141,0.9226921870102295
10142,0.11154802390087429
10143,0.9129189557849859
10144,0.08068743321739372
10145,0.0029899686482186194
10146,0.0061509973376438504
10147,0.9053347539115624
10148,0.021390510373793366
10149,0.009508082418828081
10150,0.23137431438872724
10151,0.35121003705161385
10152,0.05680776350195829
10153,0.0030574708283064014
10154,0.013837330117331719
10155,0.01945089363615137
10156,0.8187520232135543
10157,0.7602714785959876
10158,0.00958322382536815
10159,0.19360154271559926
10160,0.007069447911875853
10161,0.01294072440525463
10162,0.9616492056681163
10163,0.011656409540645608
10164,0.03813649177229764
10165,0.02113235700068929
10166,0.43716638271234615
10167,0.002963896391433681
10168,0.3295083442327295
10169,0.0016287605543460054
10170,0.004476654053378809
10171,0.03956279985698352
10172,0.6058590198202237
10173,0.03398091665973294
10174,0.5469192788135152
10175,0.021998582190804306
10176,0.07910194372075521
10177,0.032079935147373013
10178,0.004142882939064265
10179,0.8987811726776123
10180,0.08451227886857222
10181,0.010592528203317951
10182,0.026789925897243962
10183,0.012882248943548839
10184,0.0045346005783896874
10185,0.00911675011971622
10186,0.07380424639173641
10187,0.0747989631230168
10188,0.6252807332076598
10189,0.3836714408860833
10190,0.01040168582211224
10191,0.11189693835834898
10192,0.010245009422743078
10193,0.26458654194925985
10194,0.010312848241152882
10195,0.5037041862703445
10196,0.00927872857336573
10197,0.002753205234944728
10198,0.8188526880593274
10199,0.03919457770199766
10200,0.010202001839318409
10201,0.01028451402368932
10202,0.005841927298130392
10203,0.010123895988341607
10204,0.021511331987588662
10205,0.016818624986115596
10206,0.00871018024986238
10207,0.04283703704646425
10208,0.009640895439327613
10209,0.8786448208523499
10210,0.09593880461358728
10211,0.4155345884602992
10212,0.008194076803448127
10213,0.20238324791072265
10214,0.4475523549825697
10215,0.009552751147150818
10216,0.018914277270082065
10217,0.030321745415469704
10218,0.2563861063682294
10219,0.6994334011160099
10220,0.25332692673828583
10221,0.06570503118339033
10222,0.015750191484930946
10223,0.015939722850262877
10224,0.030379457523342538
10225,0.004309368255557941
10226,0.035327038577079216
10227,0.006981226199346592
10228,0.14797521260662483
10229,0.006301103135751681
10230,0.008904113007068566
10231,0.028033921827857047
10232,0.09097242792822298
10233,0.8319104731603335
10234,0.005173636638163689
10235,0.029838551898735004
10236,0.007876755548963159
10237,0.04234132541751194
10238,0.013703061561588651
10239,0.7589731460517397
10240,0.011250256845815463
10241,0.7225193126533807
10242,0.004936324392505719
10243,0.15255055216381255
10244,0.9134414086836513
10245,0.030971471742122544
10246,0.01004189323328409
10247,0.8846403701448744
10248,0.007982029030062551
10249,0.7108516719810734
10250,0.080650939997538
10251,0.9416127961541232
10252,0.023010870606489712
10253,0.012576267266105987
10254,0.031108116699387893
10255,0.0020257448271376135
10256,0.5400164099266823
10257,0.031556800979908484
10258,0.2907338657320381
10259,0.665330406372463
10260,0.7675631576610108
10261,0.47606067165039534
10262,0.007620704861469653
10263,0.6165893815665621
10264,0.017879278027446165
10265,0.008199137345489115
10266,0.1890944606939658
10267,0.061907215290889134
10268,0.04809349023662264
10269,0.023958569617833228
10270,0.024089555477535912
10271,0.009125233140410376
10272,0.014863542915746562
10273,0.8575646998941137
10274,0.2994958145437694
10275,0.8949356358028335
10276,0.09878748463331798
10277,0.03756230714342499
10278,0.008270581360628875
10279,0.09645407955861647
10280,0.015716120589095463
10281,0.8909813478788793
10282,0.7735091688803211
10283,0.1889099994562802
10284,0.00410576710865239
10285,0.007345970819066792
10286,0.17594399823674084
10287,0.5589808995523032
10288,0.3511929044174262
10289,0.23957116709674153
10290,0.8557801133793392
10291,0.09036193709192755
10292,0.07370214187600652
10293,0.0505264262553557
10294,0.7959429814165506
10295,0.26465774589549107
10296,0.0768878830144672
10297,0.9582057647062898
10298,0.6849868996367965
10299,0.009147159306098643
10300,0.04210240482616589
10301,0.06859743319791296
10302,0.01455131286552187
10303,0.10908163761283123
10304,0.025918508432212127
10305,0.8021481709519096
10306,0.014873924944264904
10307,0.4426423756787884
10308,0.04402044129484025
10309,0.1373879411639724
10310,0.00704141949486951
10311,0.17610121467246004
10312,0.0030626936652732293
10313,0.04868443459859492
10314,0.8891696916367373
10315,0.7802597383572809
10316,0.006259356406995485
10317,0.20618404976485508
10318,0.5811639749027973
10319,0.01348859984527486
10320,0.8759553360527189
10321,0.9056572554290903
10322,0.018605026947148228
10323,0.035263463201035114
10324,0.5994098971006713
10325,0.7339678209746074
10326,0.0027871804325185555
10327,0.004687169288627342
10328,0.44739655983891635
10329,0.03866107255464873
10330,0.05596031480594058
10331,0.023869184998449925
10332,0.8844144871411335
10333,0.7630714576289532
10334,0.009176832232890389
10335,0.4840787162421034
10336,0.7245665483211954
10337,0.06991631272163658
10338,0.6448580189949809
10339,0.08367783896698511
10340,0.020223103406878214
10341,0.09016902294311407
10342,0.02023076755903711
10343,0.038188069756504545
10344,0.05863232048166464
10345,0.08405558469965081
10346,0.19326977282361724
10347,0.031217990835136142
10348,0.006253486565356152
10349,0.016798950886831903
10350,0.005612553100046283
10351,0.2698675694728442
10352,0.009297334843329431
10353,0.06549523244866404
10354,0.05460481702384016
10355,0.03376815438832652
10356,0.9182503175354726
10357,0.40879902513171856
10358,0.5110938798010946
10359,0.014918413591824995
10360,0.024491457242066778
10361,0.7691658630097225
10362,0.014145226201182796
10363,0.09256996167529814
10364,0.11393109644754444
10365,0.018750344214774
10366,0.5065946018780898
10367,0.2808261828926004
10368,0.010127441136418464
10369,0.03239140033889306
10370,0.0331928803294851
10371,0.10895239866910345
10372,0.023413518060693674
10373,0.011918633720924634
10374,0.045443877274157
10375,0.0210641267359977
10376,0.003228192634817006
10377,0.6142836366436187
10378,0.061851548184969185
10379,0.006177255643674559
10380,0.014521199163504568
10381,0.17599184805865398
10382,0.6688122272202391
10383,0.8993291172524485
10384,0.1434561659237468
10385,0.678951421907063
10386,0.0015381661525218453
10387,0.0028958221102664584
10388,0.10692510171739525
10389,0.0033159538211370606
10390,0.04850764582217018
10391,0.03655554679896767
10392,0.5874004514887406
10393,0.03417743634875152
10394,0.3530178630976755
10395,0.8201841255568938
10396,0.19577643010887724
10397,0.7844916419653439
10398,0.009130447648233429
10399,0.42069955625156724
10400,0.0037181083861792807
10401,0.0854262969118569
10402,0.0029656481879996002
10403,0.010677073509534247
10404,0.01537378960752124
10405,0.006740120962714102
10406,0.7440511169414921
10407,0.11067962128765971
10408,0.034429599192430195
10409,0.3807652686574636
10410,0.6020640650161716
10411,0.027244799243543838
10412,0.04419447558258862
10413,0.857943222263677
10414,0.02163298375515543
10415,0.0709035205009818
10416,0.0552045589931633
10417,0.7840983266846644
10418,0.21043072541271066
10419,0.44454781853421077
10420,0.02034708535843081
10421,0.006838037175910117
10422,0.18070286770506222
10423,0.09703540284988531
10424,0.8807987526175145
10425,0.6217953990042202
10426,0.40106442390989905
10427,0.13805417338542336
10428,0.004969590716951063
10429,0.0554513050865946
10430,0.005782285325386579
10431,0.04240262598591056
10432,0.8349842731660106
10433,0.04556375403779222
10434,0.03223303879133542
10435,0.322343414293231
10436,0.3199986644891735
10437,0.0511889373139335
10438,0.8763798526649822
10439,0.6583503002509871
10440,0.27625426685657284
10441,0.2889654585882068
10442,0.006254667574972893
10443,0.7882528310889054
10444,0.007443493099143597
10445,0.14692132289298618
10446,0.02552832422052806
10447,0.0610155911422315
10448,0.007162373349855051
10449,0.019596725786954684
10450,0.18048059745719086
10451,0.0069121857475484315
10452,0.5075789607042255
10453,0.110517625309002
10454,0.0049629864472898995
10455,0.021855476088123844
10456,0.0759423921910496
10457,0.05962206364049664
10458,0.04608910940522048
10459,0.00981156763980255
10460,0.5848085577444712
10461,0.847721709485156
10462,0.018902454923568617
10463,0.03543870135407863
10464,0.9545002763193591
10465,0.561257481590197
10466,0.01978171071209002
10467,0.05045100818668935
10468,0.01601550328009901
10469,0.27940626081101017
10470,0.0036026070717443577
10471,0.008290714740181204
10472,0.00587760912231546
10473,0.3659020540841036
10474,0.003634836504459239
10475,0.10896895713588953
10476,0.13523280753942982
10477,0.28760343312067255
10478,0.02935187840027155
10479,0.09443641985668456
10480,0.03509318305961361
10481,0.1938617097471852
10482,0.23724473072600671
10483,0.031114943704704755
10484,0.003604687431349802
10485,0.0031516572369401385
10486,0.03067545500604293
10487,0.001887218464176647
10488,0.9116482003758601
10489,0.036185175675331374
10490,0.002639371995643586
10491,0.011126372873615413
10492,0.002530190166308621
10493,0.01812594395244084
10494,0.6906431287343463
10495,0.014877913242267143
10496,0.05604198315496173
10497,0.05271811685612112
10498,0.9125226783391637
10499,0.8204402912518809
10500,0.013643301020404217
10501,0.029849289529641998
10502,0.021496982619133492
10503,0.013672333669897344
10504,0.004446490270511304
10505,0.008725252651772762
10506,0.234590581570476
10507,0.5452747513699308
10508,0.673227329947185
10509,0.13501947312244753
10510,0.5453647801718828
10511,0.015548486835064945
10512,0.051458272847455834
10513,0.00423989456847481
10514,0.15076615474954685
10515,0.006906459984423632
10516,0.007731098677037253
10517,0.012305437027759186
10518,0.008531296294969425
10519,0.011917961552647204
10520,0.020262324689128242
10521,0.01339631265275592
10522,0.029942340066603967
10523,0.5495664539639442
10524,0.023307017166582844
10525,0.012605852564351011
10526,0.855543416482416
10527,0.024799933362880437
10528,0.024692672491729087
10529,0.003080028136452915
10530,0.4340130693071126
10531,0.0065973892663793105
10532,0.9651512642883295
10533,0.7703065995569852
10534,0.9193240567446622
10535,0.01949411360102926
10536,0.017131652527887543
10537,0.15066260353247674
10538,0.016968294646987098
10539,0.10986263809073149
10540,0.9626322033557642
10541,0.8589074636219411
10542,0.017804661877597116
10543,0.013740517223957669
10544,0.004282771477252678
10545,0.852541613022784
10546,0.016610940369532683
10547,0.37220607683757134
10548,0.06519366307099822
10549,0.041993797400018976
10550,0.011078432322935127
10551,0.2603465881790763
10552,0.01083590628734076
10553,0.006987241792672455
10554,0.034714055559240654
10555,0.009143330795405835
10556,0.19739188921852163
10557,0.005160321770627894
10558,0.2572216946389985
10559,0.0659619923451323
10560,0.007820395375392176
10561,0.013450461898233085
10562,0.8249556314580295
10563,0.8757304592511492
10564,0.00819279107040254
10565,0.0060067643195441285
10566,0.027706503466188928
10567,0.0070690273842341075
10568,0.3917729407548673
10569,0.06311084491576802
10570,0.0125685023904539
10571,0.015242604263389189
10572,0.017734097973931013
10573,0.007704939184752695
10574,0.008046623666506039
10575,0.022835213886103156
10576,0.7165203761438359
10577,0.07689685790097725
10578,0.8921423041665996
10579,0.005856685799667274
10580,0.6624772786311215
10581,0.33986768809473755
10582,0.029558838157582867
10583,0.8958643867633712
10584,0.9592283278584322
10585,0.05444358523910517
10586,0.4174307098646376
10587,0.2469774680188182
10588,0.036612151197489964
10589,0.5298521177626778
10590,0.9648990823965042
10591,0.032349783291694134
10592,0.014794960717585811
10593,0.05125899527254898
10594,0.004606400382053363
10595,0.09958738941786238
10596,0.013305957759049646
10597,0.01663434865148468
10598,0.03406871326841643
10599,0.19672740259391286
10600,0.0008281061647340358
10601,0.0021048373791881392
10602,0.3024857364579114
10603,0.027319790361346647
10604,0.016737667502758992
10605,0.03392690821626215
10606,0.016525961915256675
10607,0.006603590985969803
10608,0.15224795591206575
10609,0.026583129842520717
10610,0.007294818880410141
10611,0.2663760560921467
10612,0.052307085388972975
10613,0.0032627675207427967
10614,0.017376128403979195
10615,0.003990390022788033
10616,0.03011975612241633
10617,0.01347009157272858
10618,0.7867624379635244
10619,0.13351506803099486
10620,0.6487160713317804
10621,0.034957056587566766
10622,0.006351239484720246
10623,0.33338222771615733
10624,0.013611277559394059
10625,0.2867869438976658
10626,0.008669494697366083
10627,0.5430899114458143
10628,0.26360527263982914
10629,0.03515627845455618
10630,0.004976492802265197
10631,0.4135500301218435
10632,0.008213385409348298
10633,0.025428978789004564
10634,0.0020845249118127546
10635,0.7886192486515966
10636,0.10157652298877515
10637,0.7971181904644205
10638,0.01811088742775901
10639,0.3234656870632855
10640,0.008476724588079998
10641,0.009603082108562791
10642,0.04031866199066925
10643,0.8109763120341484
10644,0.045545952813165966
10645,0.8347107365538078
10646,0.012200041420423354
10647,0.6218364720130174
10648,0.4969451137137455
10649,0.006383022443996706
10650,0.9009635196243109
10651,0.9392785006953774
10652,0.8716355408903067
10653,0.8535695286072805
10654,0.05539921343984669
10655,0.008774136153489466
10656,0.19703174415035996
10657,0.017091732551848454
10658,0.021784625037258067
10659,0.007364519675922248
10660,0.007635828015240345
10661,0.8834283097641467
10662,0.005190263043041758
10663,0.023692872121576815
10664,0.08903932037270805
10665,0.17301048465859895
10666,0.4881108938340323
10667,0.2818986114181229
10668,0.12036545231787833
10669,0.01139419533446005
10670,0.0034425471423156226
10671,0.006998271582516931
10672,0.19220271854312063
10673,0.7510814967941084
10674,0.5206481892318503
10675,0.32556107850030447
10676,0.0016198508193105122
10677,0.007854708245817679
10678,0.042395802717607095
10679,0.5367390438027602
10680,0.0028683447229170085
10681,0.011432212823952263
10682,0.016039522734294046
10683,0.004306650345273535
10684,0.014027782684649779
10685,0.3475545864568418
10686,0.005941107476606673
10687,0.11364865082668299
10688,0.02489887545630689
10689,0.009827465650446832
10690,0.0046169450274350324
10691,0.05822550072473215
10692,0.021697599188531855
10693,0.9418855452864605
10694,0.048533524975690384
10695,0.9275631151486184
10696,0.8920805501008933
10697,0.06298254536622172
10698,0.7331510301025259
10699,0.8881793251521142
10700,0.04299728429280896
10701,0.2966859005787137
10702,0.010907860499482927
10703,0.006835902891962877
10704,0.007861625044004934
10705,0.5599332186718151
10706,0.44768696785977735
10707,0.008528067629491818
10708,0.07149975562821476
10709,0.11197941686938351
10710,0.5505304935201075
10711,0.0331141915882399
10712,0.0032173864559308474
10713,0.017359079867693257
10714,0.06306007394774865
10715,0.7388583815339405
10716,0.002716821374205803
10717,0.0101619436844993
10718,0.36147080349602784
10719,0.14533669681014008
10720,0.018524871582451842
10721,0.6769126960348586
10722,0.1687748967654837
10723,0.8875890195042615
10724,0.005564677627228619
10725,0.008039648876244466
10726,0.9073094660721525
10727,0.3024047785228197
10728,0.03684099359456365
10729,0.8704604069412828
10730,0.3070613762065184
10731,0.8808568789482565
10732,0.018297636193487447
10733,0.08191119292595206
10734,0.004078722109865545
10735,0.9474164860622274
10736,0.10106744685671622
10737,0.2872988643954563
10738,0.008312490867739592
10739,0.13359095071793972
10740,0.004839566470495626
10741,0.005479448366493236
10742,0.007208245393959844
10743,0.04276362538410241
10744,0.03502240846718973
10745,0.00490442539827577
10746,0.8863566468632467
10747,0.10714353988108724
10748,0.1559995498841481
10749,0.9038450620965317
10750,0.019723656598552526
10751,0.9184746364068095
10752,0.021834669819941983
10753,0.008560086953325531
10754,0.07384736647040768
10755,0.6878742059187072
10756,0.011328194592802245
10757,0.4096867142463279
10758,0.2670161401371382
10759,0.0197180303417277
10760,0.01606295531745695
10761,0.7648324028263598
10762,0.02467811150575439
10763,0.5387297451584014
10764,0.9026812789592362
10765,0.5893239421142338
10766,0.10913571486500603
10767,0.9445954454135217
10768,0.048631023842715046
10769,0.877846761114238
10770,0.00514522790561919
10771,0.005635179157314844
10772,0.013820620400485392
10773,0.021032215903373053
10774,0.06275125119123323
10775,0.01309243594090823
10776,0.010698796246539478
10777,0.04461802576482125
10778,0.01166047903782661
10779,0.01842556578794643
10780,0.005020472272970309
10781,0.002010511571140962
10782,0.12190232621416168
10783,0.03805546669360644
10784,0.00269924874221
10785,0.05440869773736216
10786,0.9592754554125681
10787,0.41593342523159615
10788,0.225789804509059
10789,0.035975143551518964
10790,0.6447285718428801
10791,0.006752543943611281
10792,0.014772552628520503
10793,0.929001286041445
10794,0.4398640568726947
10795,0.4383631566106422
10796,0.013455185249775
10797,0.0033853280484585106
10798,0.09769779878447381
10799,0.9331399324827718
10800,0.007039050668301947
10801,0.21768427876397126
10802,0.0982538541249124
10803,0.028130190364980427
10804,0.02037403665357633
10805,0.01927382258998775
10806,0.07233130301360174
10807,0.035548679855291955
10808,0.018437679020360396
10809,0.012092219438030061
10810,0.132253086326755
10811,0.03238075803744338
10812,0.01519572688716057
10813,0.07112950305568823
10814,0.8047284615308493
10815,0.5842724331686008
10816,0.1246336751690221
10817,0.008159189125898974
10818,0.5512524051646834
10819,0.9437082259194787
10820,0.03835303142598729
10821,0.5815369595248792
10822,0.7777234939704741
10823,0.3159848493952273
10824,0.004773423207600675
10825,0.003474511594838236
10826,0.027433783222640014
10827,0.1298967081613603
10828,0.009433930417606182
10829,0.0028351538729418095
10830,0.15651038794685845
10831,0.04360050687053441
10832,0.0054120560065317146
10833,0.007812790161223925
10834,0.6986803673949682
10835,0.8642657195266052
10836,0.8744893839006176
10837,0.12014030057666827
10838,0.4582166429622255
10839,0.40596409628649627
10840,0.2782335720605461
10841,0.02677789111219878
10842,0.3917765475692181
10843,0.13967603525850594
10844,0.6860932991188184
10845,0.0045923823755863605
10846,0.2844504513430061
10847,0.02523650886264974
10848,0.06502882345697138
10849,0.030885734467843453
10850,0.3427006912737455
10851,0.01720945020357431
10852,0.8437830188849296
10853,0.90993184716323
10854,0.7940430057382083
10855,0.006916933711641231
10856,0.8231428704269932
10857,0.028581363813788556
10858,0.11958010252651821
10859,0.009849603610008856
10860,0.011195005394205764
10861,0.2318495227829064
10862,0.08074046772673434
10863,0.0655873154474903
10864,0.00854486679220263
10865,0.3907818489778216
10866,0.006774776027925492
10867,0.12307953962524305
10868,0.05670064856541247
10869,0.5162995304165681
10870,0.9692089644070686
10871,0.27101081137607275
10872,0.782522031042255
10873,0.20842129570308993
10874,0.0019556228879135944
10875,0.8821816781810814
10876,0.2859745478039724
10877,0.027731012233277903
10878,0.0021380428335788255
10879,0.3656984727993811
10880,0.011306591958880778
10881,0.8108120771339922
10882,0.1809749688918415
10883,0.009804351095434725
10884,0.8918891373246628
10885,0.005954984702105005
10886,0.036338341696605624
10887,0.5167381608847094
10888,0.036579073912631266
10889,0.10461613650843683
10890,0.6174679566358329
10891,0.0071416449072988115
10892,0.03431987423887579
10893,0.0015417581971212226
10894,0.1665194312242528
10895,0.021325397986696713
10896,0.6680009841516933
10897,0.14035327615429358
10898,0.8683750335357054
10899,0.04065759030539588
10900,0.006836243301512034
10901,0.008611485998186152
10902,0.006525035218993534
10903,0.006251697681416276
10904,0.5320405967198031
10905,0.8460206600039011
10906,0.051121266000228566
10907,0.08781278725524377
10908,0.02966688198686509
10909,0.0033833264471841407
10910,0.8683532596274908
10911,0.0024849294356002493
10912,0.02744345912768289
10913,0.026448332860925718
10914,0.2898033729123956
10915,0.6932106075612516
10916,0.04888748974051305
10917,0.01682550216311129
10918,0.028800625109509734
10919,0.004991547569936119
10920,0.003796147951744746
10921,0.006054270084966552
10922,0.8955120667762049
10923,0.012621728604376577
10924,0.5526484838489237
10925,0.11569043093847678
10926,0.002279017408675562
10927,0.7906753542640723
10928,0.0035059585294608428
10929,0.7094962159304345
10930,0.9094008724886414
10931,0.006829328395890176
10932,0.30190314892377756
10933,0.05412656166173564
10934,0.1600336855353386
10935,0.41306345390702337
10936,0.0856176232789595
10937,0.00216335866335529
10938,0.7096147770850372
10939,0.040621519407798734
10940,0.002480689895645174
10941,0.8969653184818631
10942,0.04612122345519027
10943,0.8733948520039292
10944,0.007105372513196083
10945,0.04554223431759592
10946,0.0035965671260548577
10947,0.07885964940249848
10948,0.08924505450015124
10949,0.9446917722029515
10950,0.03710978122023188
10951,0.9542387160584829
10952,0.010621219742233826
10953,0.23574887100663527
10954,0.7921409338014483
10955,0.2852049954372501
10956,0.0908133413746181
10957,0.005213179538323969
10958,0.010611217024124868
10959,0.07448525271454404
10960,0.004130042817221544
10961,0.007361274418567017
10962,0.003302567905526972
10963,0.007766473597021667
10964,0.02203543792873172
10965,0.011296609184590033
10966,0.007618985789699661
10967,0.04512816468982124
10968,0.625201283393114
10969,0.008760079716353644
10970,0.6178596521202186
10971,0.40547016320175444
10972,0.4056669738721358
10973,0.026118857918765236
10974,0.0841944390542419
10975,0.005259652131623458
10976,0.8567491382421664
10977,0.015315234818668925
10978,0.1887991990248647
10979,0.08982607192646012
10980,0.06701783712029936
10981,0.016724860933916636
10982,0.008040930027635564
10983,0.003995335810569583
10984,0.007991471187325152
10985,0.05559725073719351
10986,0.025706270065092626
10987,0.04668744521243745
10988,0.010526627467211603
10989,0.22954956345255806
10990,0.2706973574527639
10991,0.04010162341523498
10992,0.0014335505718246204
10993,0.004873187679787434
10994,0.5447770295617498
10995,0.01986741868942207
10996,0.07339693628616661
10997,0.00845251608078736
10998,0.17166889805936142
10999,0.01527583529605255
11000,0.005706774486806246
11001,0.0018534911059839146
11002,0.8772877678620171
11003,0.003725675442847874
11004,0.7337537493715491
11005,0.7471021387463282
11006,0.02892096927021842
11007,0.6230156554988221
11008,0.05177059187584988
11009,0.37100951433440765
11010,0.017605395859535283
11011,0.020313839648994417
11012,0.7447518676712473
11013,0.009114968840007119
11014,0.8323074656647472
11015,0.029002766619795655
11016,0.009625124651945335
11017,0.13356199501089075
11018,0.023568080220081708
11019,0.007423701525194802
11020,0.007101604779517003
11021,0.007682203790211303
11022,0.27006202669416957
11023,0.0017087277143481958
11024,0.026112467580883026
11025,0.21754654597227374
11026,0.006839060222225057
11027,0.02740810575213371
11028,0.42752601982423066
11029,0.022795840855028567
11030,0.9574380401153091
11031,0.002549404344623767
11032,0.007329503633348937
11033,0.11323860724929452
11034,0.01529372957164844
11035,0.037049389075168734
11036,0.010281380337045853
11037,0.03328531908741226
11038,0.022448063751908717
11039,0.02263012909455795
11040,0.34670009916787226
11041,0.614497929864613
11042,0.093602520825331
11043,0.022718812809841636
11044,0.9260346573087239
11045,0.89556267138969
11046,0.8884269795221238
11047,0.007411289174674481
11048,0.08178870283079369
11049,0.005842707645496831
11050,0.0245587950042654
11051,0.06609208619081866
11052,0.05600333826501249
11053,0.005006433029419519
11054,0.008071405164484088
11055,0.008292868526703022
11056,0.1301933050718411
11057,0.00891116634325502
11058,0.04305816628298912
11059,0.019012199583705678
11060,0.00899926499406889
11061,0.4153755623854208
11062,0.24930039526491937
11063,0.037760553279626935
11064,0.01054314930728083
11065,0.3167047982329899
11066,0.8584241748370435
11067,0.024881253321518738
11068,0.025729752750097337
11069,0.01387274298430111
11070,0.0913959668228385
11071,0.0415245543376815
11072,0.005331781260907379
11073,0.9277099300180239
11074,0.38219711187135175
11075,0.8496412148497161
11076,0.42888313251661847
11077,0.9468607296458182
11078,0.7876999318684237
11079,0.2778831333796241
11080,0.25901242156587423
11081,0.08133368103563073
11082,0.02414752261655958
11083,0.874473404533006
11084,0.18725476982501202
11085,0.477592811949774
11086,0.9234733419957679
11087,0.018020471160894714
11088,0.9630803467883355
11089,0.0032280992760311336
11090,0.4485226769850551
11091,0.004068936131065499
11092,0.8362124563272582
11093,0.056934933114008754
11094,0.07272775095762732
11095,0.13320431786739162
11096,0.36429960259579514
11097,0.024575926696548105
11098,0.9081270945378912
11099,0.003191303947613199
11100,0.042138533551266684
11101,0.8604880169309466
11102,0.9574418144437282
11103,0.5547435717797191
11104,0.011083520975439182
11105,0.003187442803540698
11106,0.043425939843158894
11107,0.8098797461433446
11108,0.02645106328542983
11109,0.004354454416622544
11110,0.44491001521318974
11111,0.021704115574457505
11112,0.06251692241383063
11113,0.8193445967105972
11114,0.07213612935951018
11115,0.012438543011493716
11116,0.04617795926837333
11117,0.019553186191774093
11118,0.0034958803693998283
11119,0.004399571220196929
11120,0.00727877245274443
11121,0.10278117893731004
11122,0.04494453470400176
11123,0.0634110245781193
11124,0.005845537381762665
11125,0.2152397505181802
11126,0.3877604059741697
11127,0.10143279392698168
11128,0.053090930023752404
11129,0.061604577546191905
11130,0.9212228912448379
11131,0.869838078902432
11132,0.06432039729681768
11133,0.5934118705627759
11134,0.012709238906379004
11135,0.18023835009606695
11136,0.8982674827868427
11137,0.9184608182196875
11138,0.08242011166491389
11139,0.03927910264024065
11140,0.1703779268744903
11141,0.9423353605344186
11142,0.009010011956892248
11143,0.901538317113963
11144,0.030595710533685858
11145,0.6005076390586588
11146,0.170269611016425
11147,0.009574589800419739
11148,0.36682363036597987
11149,0.08725584858006319
11150,0.020236504868658824
11151,0.8408259737404249
11152,0.011536039771279578
11153,0.35612806077507053
11154,0.9701338488382328
11155,0.48607823967946623
11156,0.007160638799291451
11157,0.003458829779854067
11158,0.5806213966905748
11159,0.7960258928471498
11160,0.239405771235566
11161,0.0020541631929852982
11162,0.9645716800915476
11163,0.018363231738089767
11164,0.24854532240905058
11165,0.0970587607112428
11166,0.6589679446215808
11167,0.03969755363304684
11168,0.004995621006103006
11169,0.005032316071146332
11170,0.017337345530533826
11171,0.007020168184049035
11172,0.007986869971204588
11173,0.17836746217492236
11174,0.00325360509256364
11175,0.5301098148079249
11176,0.01642481755265119
11177,0.02046142103571594
11178,0.12264345251476602
11179,0.15661616564087877
11180,0.0053842377520139624
11181,0.0029930057097385847
11182,0.012038888234701872
11183,0.035082527064829554
11184,0.7026764361867632
11185,0.03176321315828662
11186,0.8964398699987576
11187,0.42467095721486336
11188,0.16389404240521308
11189,0.09437888157279557
11190,0.2827574236912946
11191,0.7527758351221363
11192,0.015384730238486542
11193,0.8062162362593026
11194,0.006552160364728968
11195,0.006445742699286305
11196,0.9532847594192755
11197,0.018830607388681978
11198,0.04173019405865121
11199,0.03709342244932183
11200,0.5835411091568109
11201,0.017218196024389384
11202,0.006632018616072084
11203,0.004514021912119283
11204,0.020333529592044642
11205,0.01864931500804876
11206,0.9266269855514083
11207,0.9399137702343443
11208,0.6322644523113445
11209,0.5467616414525375
11210,0.12089155536146616
11211,0.005363374758837154
11212,0.02977625566670873
11213,0.04832297774239977
11214,0.7930264691751612
11215,0.021750682851537785
11216,0.04050906623495482
11217,0.9226712665967931
11218,0.035818507532115164
11219,0.13434642992551737
11220,0.8304418014027231
11221,0.00643899350618835
11222,0.9560808563225704
11223,0.015742296103754813
11224,0.003201868154397374
11225,0.010780988553228142
11226,0.755169977801659
11227,0.04049603919542447
11228,0.012317464880109494
11229,0.004878307874100322
11230,0.027881384466092476
11231,0.006334870215518747
11232,0.0033827261546255133
11233,0.5525502411859453
11234,0.038223218860612126
11235,0.0127428581865893
11236,0.6321324863613764
11237,0.614229787887616
11238,0.8278430882470676
11239,0.17066961499025346
11240,0.006279185277960158
11241,0.04832262236298485
11242,0.012808527244523544
11243,0.7749792870808492
11244,0.5744293533940315
11245,0.12261996170716266
11246,0.08941873853197485
11247,0.18651714934683716
11248,0.007190299358973899
11249,0.4708663191648936
11250,0.006793184680869635
11251,0.732924560628483
11252,0.012441030828175633
11253,0.5584768133653194
11254,0.003733642014343538
11255,0.020498086268810178
11256,0.2777604751773584
11257,0.006122518832258627
11258,0.006397087281970643
11259,0.08737545929184803
11260,0.33238028134407066
11261,0.908017081274965
11262,0.15631059254959817
11263,0.046538044353398283
11264,0.03767257045564202
11265,0.0036091857382503003
11266,0.06646471711036236
11267,0.010918048441642987
11268,0.03272125671318309
11269,0.08236748686685066
11270,0.013558784931619546
11271,0.6743806350907771
11272,0.0022597878481473007
11273,0.9327905060750293
11274,0.008345729752546847
11275,0.008288683113186502
11276,0.26024954505155246
11277,0.828968204830733
11278,0.8576535092529465
11279,0.04780041654762891
11280,0.17052154318843063
11281,0.1308601704481985
11282,0.2935915043581954
11283,0.793611485357943
11284,0.671111270334049
11285,0.5180389385720385
11286,0.019008859662002393
11287,0.005321898005088041
11288,0.010850704111276413
11289,0.0052296378706421336
11290,0.12353012704259944
11291,0.022165946708781456
11292,0.4820639853206521
11293,0.08188633735811876
11294,0.005597974094886928
11295,0.009143056080326282
11296,0.5457530298337975
11297,0.036645106678919945
11298,0.046430242342484634
11299,0.4665367989812348
11300,0.10371816147049022
11301,0.9021856794172681
11302,0.8993265752658051
11303,0.0049448986323900315
11304,0.10057281197876652
11305,0.30974367942456565
11306,0.006679400736616514
11307,0.1992131491100271
11308,0.041577413752870926
11309,0.1415153534939272
11310,0.04752174418607195
11311,0.015378713839019814
11312,0.029462281442313134
11313,0.6559950962807422
11314,0.1325817203130544
11315,0.006690346285325885
11316,0.004964514708157579
11317,0.007422271263327442
11318,0.5262038533119374
11319,0.007288550102566268
11320,0.008964307747511864
11321,0.08462478326076084
11322,0.2991762836841658
11323,0.7593358404564083
11324,0.00510505161902038
11325,0.059218823702039555
11326,0.8479666580759251
11327,0.027172671474921837
11328,0.5401150048470824
11329,0.5842555727739445
11330,0.7399264470229012
11331,0.25794197813248637
11332,0.8858067524564788
11333,0.066678519133238
11334,0.005337602722829713
11335,0.1981589590226443
11336,0.002089015991545639
11337,0.7981851385430984
11338,0.7350171471438534
11339,0.00792287945913525
11340,0.037331922067260236
11341,0.8090193334030772
11342,0.0032905384252735243
11343,0.04263426821634068
11344,0.013065006628406541
11345,0.10118330327426305
11346,0.011536795409528419
11347,0.08248542153338423
11348,0.00502620998844861
11349,0.22280725670959606
11350,0.008356829047828425
11351,0.753518493455509
11352,0.2939398672106269
11353,0.16473299768321242
11354,0.08059193228728272
11355,0.017507406954640824
11356,0.007730638426952443
11357,0.43223661016075066
11358,0.9246024208121268
11359,0.9104458146587922
11360,0.7188984418903105
11361,0.06491928386105296
11362,0.021721790665477272
11363,0.6516316051067828
11364,0.007788377338331499
11365,0.04882741109720019
11366,0.3179650193757634
11367,0.0330325873863538
11368,0.6004699478840908
11369,0.29477014767816956
11370,0.008229895779697436
11371,0.22211236755204755
11372,0.9495589591655162
11373,0.009044021932154492
11374,0.02074590276871345
11375,0.004627064653344933
11376,0.03798865839957218
11377,0.9618896138149073
11378,0.007355491548097809
11379,0.028949294907231242
11380,0.010164079229505466
11381,0.3248424833068133
11382,0.03499315810432497
11383,0.10910772061293131
11384,0.0139690374242511
11385,0.9170014558846449
11386,0.010099447039584486
11387,0.11498070874693764
11388,0.04809521372378467
11389,0.7657434131025804
11390,0.022452166521936025
11391,0.012407450713452993
11392,0.027803330935308734
11393,0.006349013994341151
11394,0.03600441106881354
11395,0.629930971881303
11396,0.06435770019543624
11397,0.08714381521055607
11398,0.6795754365033776
11399,0.0019624037098136676
11400,0.7408868674069973
11401,0.08490294271022313
11402,0.8709727324426391
11403,0.49093450541654504
11404,0.003701785140242508
11405,0.0076628100263738536
11406,0.6752204999869991
11407,0.005763465195386378
11408,0.7968146832437428
11409,0.47266515586008695
11410,0.8351203971068456
11411,0.7964322529895971
11412,0.015000200688841041
11413,0.05038539308766608
11414,0.023349553028932296
11415,0.04840802049154421
11416,0.025379334762488638
11417,0.01823300393461288
11418,0.005850889197046494
11419,0.041177979374464824
11420,0.5583555072358724
11421,0.02805788354067546
11422,0.0034298355002858037
11423,0.965175198847572
11424,0.013723751984925127
11425,0.0017701295494276302
11426,0.010356406641842763
11427,0.9446519986103388
11428,0.12488187580597448
11429,0.022811565510677825
11430,0.17897815801498002
11431,0.6093678245742453
11432,0.8319417853289824
11433,0.6517229225153093
11434,0.9573971587160064
11435,0.13325228759233326
11436,0.012353360866839897
11437,0.0170201523958138
11438,0.21872212230247695
11439,0.08618101575664558
11440,0.8831532704414089
11441,0.15445873137834462
11442,0.1703280256104492
11443,0.01380005708653365
11444,0.7483391953586098
11445,0.0008507613006193178
11446,0.006864899032615451
11447,0.5239344978876124
11448,0.6449446626610079
11449,0.01067817131907783
11450,0.00488071384045757
11451,0.022224667807819738
11452,0.07415693567025193
11453,0.0032439412683096035
11454,0.010643985761798477
11455,0.03211033008506623
11456,0.1623879089490078
11457,0.022406419104457474
11458,0.7317424538185002
11459,0.08058562661530312
11460,0.011487549534475965
11461,0.3210766654532233
11462,0.046146635509248655
11463,0.1581320288434816
11464,0.02167752231693735
11465,0.02175245486198456
11466,0.0067808281441058185
11467,0.024136386642872657
11468,0.43997142793191446
11469,0.00906431731205012
11470,0.039340935124188445
11471,0.05637025557143217
11472,0.01377463940454082
11473,0.5508018858665076
11474,0.006705874817640076
11475,0.003278176183698544
11476,0.03228485678801583
11477,0.0018321509452255674
11478,0.02561831658902685
11479,0.02953643458075308
11480,0.9355902517733385
11481,0.007686780301756515
11482,0.30032078959004194
11483,0.005557691611176947
11484,0.006015694994091377
11485,0.003957230049321754
11486,0.1808877637508095
11487,0.04475754479354012
11488,0.7143011494224273
11489,0.7279873437671167
11490,0.004898806109078197
11491,0.00851187209239272
11492,0.27400821076259146
11493,0.016644396239117516
11494,0.003616320305683794
11495,0.020912166247862247
11496,0.008744060528816726
11497,0.1047702630910809
11498,0.006242598796928424
11499,0.005980514286491621
11500,0.5593906873601482
11501,0.017726669136504572
11502,0.0035964287620464373
11503,0.008997774679436096
11504,0.028503429493232955
11505,0.48122087781063244
11506,0.01222141446382492
11507,0.0075993464273678545
11508,0.9579410165699532
11509,0.9424758098916437
11510,0.012504111758315534
11511,0.09448874642107061
11512,0.007991262423226266
11513,0.07196162632382419
11514,0.5751677518811341
11515,0.3021913107651244
11516,0.786882951417994
11517,0.9213089342721326
11518,0.6666561413158528
11519,0.1854084387405543
11520,0.024284922093126243
11521,0.0037083373802934633
11522,0.25831156030319224
11523,0.7318585896418468
11524,0.059825297788440715
11525,0.04868525600234057
11526,0.7911555070825453
11527,0.006454722652328385
11528,0.0034640682048727566
11529,0.3274148296279614
11530,0.011276018780523684
11531,0.048669349770691775
11532,0.011557769532031833
11533,0.1982683280589075
11534,0.7094314662074512
11535,0.7430220361151049
11536,0.3579059719491283
11537,0.03213636992592177
11538,0.4260571537121343
11539,0.747624765423776
11540,0.005809099275119556
11541,0.515002862583695
11542,0.009031655526044364
11543,0.005016271380069272
11544,0.0060939490855481315
11545,0.9122453930854626
11546,0.007843147832695586
11547,0.003670699315326668
11548,0.005834638446948388
11549,0.0022563970520173616
11550,0.006280609786982196
11551,0.008069017238095548
11552,0.6071089052871221
11553,0.266850148218326
11554,0.018832082559958985
11555,0.035361093675370506
11556,0.5423312118139415
11557,0.20976117385920062
11558,0.6272771321604333
11559,0.0833160219139544
11560,0.012976406019289888
11561,0.04112566278304566
11562,0.7214287651048856
11563,0.07183254510761075
11564,0.9475166927138032
11565,0.959096311154372
11566,0.5790105984413296
11567,0.012409154429840846
11568,0.007413022182844273
11569,0.9313361081865508
11570,0.018338719285686922
11571,0.2677412250061566
11572,0.6451297170553923
11573,0.004673369898485118
11574,0.8128032697209464
11575,0.9442977053787793
11576,0.052831200952364335
11577,0.057584938351068315
11578,0.5213358031581379
11579,0.016988986975299103
11580,0.03847186859388145
11581,0.011265292729204653
11582,0.0020642000236304435
11583,0.12835378209775553
11584,0.4917688686502388
11585,0.0030754800633267265
11586,0.007937711124458654
11587,0.017354135890063432
11588,0.0229960691786878
11589,0.6308186761789168
11590,0.8432134374941569
11591,0.011974233921561857
11592,0.0031949688195567127
11593,0.07717183370891806
11594,0.0024462866343717823
11595,0.011308632010611412
11596,0.002117009856057369
11597,0.9097548067576573
11598,0.031090561097261483
11599,0.5262626774490408
11600,0.012079936652011486
11601,0.009142956619299192
11602,0.06057245462312636
11603,0.020071414794124484
11604,0.021583417895154163
11605,0.8680050678837394
11606,0.04355384694528909
11607,0.010348706331613193
11608,0.015962144525316937
11609,0.8100111897285613
11610,0.0158447222411766
11611,0.6562570703345767
11612,0.009768837769426594
11613,0.18752936403292397
11614,0.026856869770315234
11615,0.9702279734129466
11616,0.0041445097823214015
11617,0.0169062683004692
11618,0.23495777369709006
11619,0.003761842814476024
11620,0.9652530053752303
11621,0.012882897573991942
11622,0.003569705488516215
11623,0.9332012059604953
11624,0.15474169193650592
11625,0.0036162222894633817
11626,0.0019242169853996537
11627,0.0044049291076198645
11628,0.002437042378869309
11629,0.7710634704404675
11630,0.05587515737055318
11631,0.09685376336222218
11632,0.048130820658969065
11633,0.012738485861523655
11634,0.04842660457794312
11635,0.04764062596089466
11636,0.005230930911940655
11637,0.012943342381117901
11638,0.0156635529589132
11639,0.011508422887305178
11640,0.00967222115732913
11641,0.005474267406190474
11642,0.8304960397465702
11643,0.07500009115858405
11644,0.16386727393983727
11645,0.7907354690536977
11646,0.0036197602624726843
11647,0.9188600756236485
11648,0.5010215425973292
11649,0.0073360325007091045
11650,0.9272919998383594
11651,0.0037585681464832295
11652,0.06831679358451653
11653,0.0010945721690978412
11654,0.005396449093694206
11655,0.017748833560267078
11656,0.34885095891516443
11657,0.013538991786732648
11658,0.13882484170760034
11659,0.6796154392581304
11660,0.1211869435422489
11661,0.6410873310616241
11662,0.012182791955511908
11663,0.7843682311047953
11664,0.06125895828986877
11665,0.054166314890625865
11666,0.06144634797184206
11667,0.0235150163508433
11668,0.5079517540910089
11669,0.47624866558591905
11670,0.5834900321405858
11671,0.9168445299062291
11672,0.014877815545973573
11673,0.015093064484878552
11674,0.0029529017005114288
11675,0.27261194728615223
11676,0.03432753927339381
11677,0.7882018051989566
11678,0.027041120982946098
11679,0.0015886201831983042
11680,0.929916597848488
11681,0.018152828642079403
11682,0.874589996138097
11683,0.1319908670990208
11684,0.04688760217184726
11685,0.00746455524997422
11686,0.3372206302075419
11687,0.0026725251890791406
11688,0.02491852444151973
11689,0.04548086621691273
11690,0.8998796507958484
11691,0.16366340617083044
11692,0.06487183194744098
11693,0.0057097289859462125
11694,0.05070330014464017
11695,0.003110683732444779
11696,0.022427040375766257
11697,0.8399896181140629
11698,0.6610762809734443
11699,0.0999404389591909
11700,0.5647922512325778
11701,0.009272459620777005
11702,0.035917953801891896
11703,0.01993815045225101
11704,0.8363518393806804
11705,0.3208554065006959
11706,0.7929417292692693
11707,0.010275801675467773
11708,0.2822466185322724
11709,0.3204690126303198
11710,0.010132078760871167
11711,0.00986557969522565
11712,0.17547614858428628
11713,0.3337438083991272
11714,0.19439456652079082
11715,0.3625375321864688
11716,0.6925005657001417
11717,0.027511851184091808
11718,0.007408027376015097
11719,0.07525470101632585
11720,0.08490742807519126
11721,0.002761427529897088
11722,0.00697573539728592
11723,0.9071108866012803
11724,0.17528098776793014
11725,0.6230377744833866
11726,0.06819503507124547
11727,0.2432937199643309
11728,0.004290356203088078
11729,0.14939923291137835
11730,0.9122731228421274
11731,0.9226226959769457
11732,0.005772609395865562
11733,0.003930745297257375
11734,0.9426237196324245
11735,0.02288796179515014
11736,0.13440621586174623
11737,0.0034297286113792423
11738,0.6809835707326872
11739,0.02000748295075769
11740,0.009440184543352303
11741,0.20950540476554186
11742,0.5244825877427524
11743,0.031883442232838156
11744,0.04138117443580999
11745,0.2976127799634111
11746,0.020720302986486194
11747,0.03523382608612282
11748,0.04001547959243636
11749,0.23893923127055658
11750,0.032871365981533375
11751,0.0033066471617244743
11752,0.05255068047671636
11753,0.005076357713664147
11754,0.020631978307223506
11755,0.5323052199698476
11756,0.04653554889258608
11757,0.016588705865175937
11758,0.9018011556177261
11759,0.42402477078869416
11760,0.02491519617605207
11761,0.72498950033516
11762,0.007220250602313533
11763,0.05296206086392775
11764,0.011079965423336852
11765,0.36307442122051237
11766,0.06263215183781357
11767,0.9440160795569383
11768,0.11513708305152043
11769,0.8760508542962238
11770,0.02920456630369513
11771,0.01376881530200766
11772,0.029329497182126615
11773,0.11770912921510933
11774,0.006865369491189901
11775,0.1301714397134929
11776,0.004609898034330067
11777,0.0027944365330328513
11778,0.9305801014524033
11779,0.913908048522535
11780,0.004552739546448632
11781,0.6571284706974472
11782,0.1282961009687407
11783,0.40542892999259955
11784,0.7605771150310757
11785,0.01209442546867102
11786,0.2316301311930491
11787,0.08052005963057189
11788,0.3436360889454467
11789,0.43180289116343795
11790,0.6557516625371427
11791,0.041193519443977096
11792,0.6932749621687266
11793,0.016035946985904416
11794,0.05955794020665328
11795,0.7732452944227088
11796,0.7670313825957009
11797,0.007312103807840732
11798,0.40304229399855085
11799,0.7387250453507195
11800,0.013921039789277041
11801,0.01686516044836545
11802,0.1423876279440881
11803,0.9282066581956232
11804,0.03279299920699633
11805,0.08856628895338485
11806,0.012601833109711014
11807,0.7772590891859728
11808,0.15894421802417205
11809,0.004370814957839245
11810,0.01890526652247746
11811,0.05094741886298453
11812,0.14342783579494214
11813,0.006883869230885413
11814,0.0031946589474313152
11815,0.8734468255297468
11816,0.8027779365397247
11817,0.9500033638238291
11818,0.643894071898
11819,0.2343986148343622
11820,0.8077205565541794
11821,0.034760611146115665
11822,0.04214526302568483
11823,0.05169548210221596
11824,0.08778808293222934
11825,0.008428325477653249
11826,0.021910636016625743
11827,0.03853089319726633
11828,0.018781206872928318
11829,0.006816799602011019
11830,0.019321630954950937
11831,0.18121538475422477
11832,0.7031833051502572
11833,0.01817786312604232
11834,0.16450843226130668
11835,0.706488081392303
11836,0.00537819581705839
11837,0.731564553195883
11838,0.09586381926761829
11839,0.23137233630273668
11840,0.6844846438569434
11841,0.7345798736954425
11842,0.0013951874277191927
11843,0.05087622490607757
11844,0.007999815161729316
11845,0.0014958211082643975
11846,0.002150311640535505
11847,0.26351677231112725
11848,0.001933282052166377
11849,0.2216328351333756
11850,0.015014617804258387
11851,0.08790290754742794
11852,0.9117051752323975
11853,0.5728386159690528
11854,0.012717740845171117
11855,0.018322411585783124
11856,0.10857713290440482
11857,0.009360919184940305
11858,0.8158382855623545
11859,0.03869351453502205
11860,0.19724245217194117
11861,0.03690122402114163
11862,0.004686587090974118
11863,0.17072077864243362
11864,0.008919336125946895
11865,0.015947208671393348
11866,0.6126242165945698
11867,0.014573393216332659
11868,0.8682648024076587
11869,0.003791683572231895
11870,0.008538522570992477
11871,0.26491607851546706
11872,0.019789501898523226
11873,0.007854531808244967
11874,0.014935156414261323
11875,0.7124835638228766
11876,0.6963936984652631
11877,0.0695012632826165
11878,0.007313593505916172
11879,0.003270920892657933
11880,0.00574404064415784
11881,0.004238894433506148
11882,0.4557869001038515
11883,0.06730964921753019
11884,0.004036044032857013
11885,0.014677793756538044
11886,0.07609098538599181
11887,0.007763247082206882
11888,0.8467061055205642
11889,0.07102822100069715
11890,0.039125267966975824
11891,0.0045002378810759126
11892,0.462725929956234
11893,0.6041183797560495
11894,0.013481652041678806
11895,0.8330405657800417
11896,0.41021675594314033
11897,0.15057666825695656
11898,0.4750335290140212
11899,0.11871491034206047
11900,0.030978772981093118
11901,0.8932525979890571
11902,0.0045092209117158335
11903,0.8431244050011023
11904,0.7123712598513159
11905,0.6172128251505882
11906,0.004252125939676968
11907,0.10589025454078643
11908,0.09245253935865222
11909,0.038080425308265935
11910,0.11046518101418705
11911,0.004570377789244123
11912,0.010509392206170788
11913,0.853651240686136
11914,0.5366819335964352
11915,0.3068308073225199
11916,0.1463546923471936
11917,0.9054883904905033
11918,0.7911142318018455
11919,0.011135237144241575
11920,0.08102055450902061
11921,0.007440805359089705
11922,0.0031174570125107244
11923,0.010659777796895671
11924,0.0027990062627780933
11925,0.04804097024976842
11926,0.09401406857532299
11927,0.007716167250259697
11928,0.3984263258876663
11929,0.008554373173807642
11930,0.17761824680018917
11931,0.0744483712306714
11932,0.004777583816940314
11933,0.007177856866411664
11934,0.13554879211184967
11935,0.11621415398393536
11936,0.005211456923609843
11937,0.0017563184428638064
11938,0.6096431241818379
11939,0.007385968804999797
11940,0.20057235224974682
11941,0.008219103418441268
11942,0.016901427998763516
11943,0.20914351899431957
11944,0.2641727033598435
11945,0.3851294904772028
11946,0.17506273278292458
11947,0.8852549821096805
11948,0.098384991053509
11949,0.0037019676305766686
11950,0.04553312703120886
11951,0.6138162173869753
11952,0.9409724306050948
11953,0.01671157601360783
11954,0.8739057757800033
11955,0.8817514313586757
11956,0.020236475014746656
11957,0.015359010561184366
11958,0.06511052423568149
11959,0.022948979659397212
11960,0.015479255411822978
11961,0.04662950145612725
11962,0.11766504855850737
11963,0.7444917909510448
11964,0.049633448006181545
11965,0.0011337626356450066
11966,0.5998730328641687
11967,0.892401821586905
11968,0.10847218331172997
11969,0.6733382577805899
11970,0.151508693733022
11971,0.0105014961297272
11972,0.01596218067327297
11973,0.02833074063932979
11974,0.04297561779364519
11975,0.015268732954483527
11976,0.09110616052191257
11977,0.9026238505238164
11978,0.005168866091643553
11979,0.04728820035452465
11980,0.9238218506268582
11981,0.09527033342738678
11982,0.01654426863707189
11983,0.02856902359373866
11984,0.018542215990357405
11985,0.3258345640899203
11986,0.4296246340988201
11987,0.007507492336352107
11988,0.930799350876894
11989,0.004655378031129339
11990,0.8066286074823343
11991,0.14524577020792184
11992,0.021516943197015474
11993,0.9204775463601422
11994,0.021400722953034183
11995,0.06741862425257206
11996,0.7376560424486127
11997,0.8186664337952568
11998,0.025973770038660627
11999,0.33551786754405477
12000,0.019103997336568684
12001,0.0048062573048723006
12002,0.01548227680852888
12003,0.007883421780031343
12004,0.016202135260331638
12005,0.08867024478552736
12006,0.8249257849813605
12007,0.21793531544626135
12008,0.003461521618930685
12009,0.0061769802389403765
12010,0.06969232511131114
12011,0.0026102925652397987
12012,0.6257128159551568
12013,0.8843542022557564
12014,0.046812590218327475
12015,0.2774967308564886
12016,0.13934605538174336
12017,0.131057084141473
12018,0.023035105550530566
12019,0.2632460963920461
12020,0.020642823688300015
12021,0.22528993147095774
12022,0.08572279265228917
12023,0.01800545738442742
12024,0.007026378766689505
12025,0.03636001137871621
12026,0.029526030081049058
12027,0.005261330045491554
12028,0.8590093753619341
12029,0.9299765305272489
12030,0.011867288380621304
12031,0.7312086184329283
12032,0.6098482760985772
12033,0.002030265927284635
12034,0.01339835327604442
12035,0.05094748052067047
12036,0.8922299645223395
12037,0.7840004384318133
12038,0.10851932623816826
12039,0.18010557699905438
12040,0.039830716533940325
12041,0.0027962464447959566
12042,0.003999098770986557
12043,0.21482168221585862
12044,0.003993824756124468
12045,0.03338264490723579
12046,0.15277337359906001
12047,0.01209740384324342
12048,0.3531851967800689
12049,0.024687075581412463
12050,0.8274898864538329
12051,0.8589234048313795
12052,0.6001957420061905
12053,0.15234415960147218
12054,0.4766848671915017
12055,0.021783703403077125
12056,0.052096864765392964
12057,0.00560695947512249
12058,0.11006949756780914
12059,0.6434894784128489
12060,0.00947742432845312
12061,0.0070577833682093786
12062,0.004069119983871804
12063,0.008877032319532949
12064,0.8892320091014065
12065,0.06311117279678624
12066,0.009348418104435983
12067,0.03506392924496613
12068,0.2764806259250733
12069,0.021939788817581834
12070,0.007810440604730528
12071,0.05394737505254497
12072,0.035297864419056066
12073,0.011682588364734845
12074,0.4838406484851443
12075,0.004380730369370681
12076,0.9668913295610337
12077,0.011254482992135198
12078,0.0037309487115356407
12079,0.04163402956565467
12080,0.017822277345837845
12081,0.7560859523774789
12082,0.020458037161157443
12083,0.41120850805498077
12084,0.2737082378746868
12085,0.016119796121880785
12086,0.27780854923169757
12087,0.005551491935953992
12088,0.016756649312422132
12089,0.8611051950608581
12090,0.4526803216023902
12091,0.3412417871194028
12092,0.017073680282500076
12093,0.9081145169612916
12094,0.0952903279813632
12095,0.9626318506740367
12096,0.004049439489235156
12097,0.0038741426191505396
12098,0.0070622793537809285
12099,0.5112622721409812
12100,0.035866553805446025
12101,0.03424484719910322
12102,0.59925915307127
12103,0.3530671688075469
12104,0.012712429267898196
12105,0.1280769697550698
12106,0.008424499743003489
12107,0.006500254346933526
12108,0.9145174137670559
12109,0.8292423281330307
12110,0.04148657226806552
12111,0.841692985307245
12112,0.09818060829149916
12113,0.008395042426816542
12114,0.9466460300393315
12115,0.09039249938941203
12116,0.0025498570985188875
12117,0.11591516440603117
12118,0.021228070443532268
12119,0.0013798918655318058
12120,0.004460850449304886
12121,0.005479205932418481
12122,0.04191003932425654
12123,0.16660774121240804
12124,0.0737907486655208
12125,0.015372353407155759
12126,0.023116371864566904
12127,0.008657683270890183
12128,0.002814839044079381
12129,0.16584538351610556
12130,0.1263162103927486
12131,0.00786428944954034
12132,0.9549393775576396
12133,0.7259586932538886
12134,0.6858826795470392
12135,0.37531085264723824
12136,0.003879752810443045
12137,0.006614253708592194
12138,0.9293751507764861
12139,0.4342208599972733
12140,0.0314266527285618
12141,0.017293221842116208
12142,0.9624637570867479
12143,0.960238276532232
12144,0.06894616968847969
12145,0.9007488686299614
12146,0.01372035989399274
12147,0.022239657451052004
12148,0.026920380400030773
12149,0.002973403666984774
12150,0.03141747634785001
12151,0.9402405571920276
12152,0.005168722297939443
12153,0.004676263102064374
12154,0.010184721294246284
12155,0.014654170264423842
12156,0.008454115762108852
12157,0.020878885870796615
12158,0.9688990444222827
12159,0.014289869720998216
12160,0.3852618894520677
12161,0.018768958782870056
12162,0.00513420581307667
12163,0.07084813262297494
12164,0.051209852989528536
12165,0.7221315531942462
12166,0.9178954232884873
12167,0.030849287715932146
12168,0.011181907587823295
12169,0.014319454704897096
12170,0.014851747422034838
12171,0.011091277811820763
12172,0.002037795236718115
12173,0.44779883522078445
12174,0.010350879299124705
12175,0.07947040625521656
12176,0.4223007717460703
12177,0.00996549003753631
12178,0.6963738768111805
12179,0.3450796215623797
12180,0.7648602364832658
12181,0.3262611842580012
12182,0.016903878221833035
12183,0.7496880917412618
12184,0.11504092651410422
12185,0.0052688958896038255
12186,0.014269772435006193
12187,0.06605329017432175
12188,0.0054335904923521455
12189,0.02034516024303455
12190,0.15096755827327019
12191,0.8771443511020595
12192,0.3711554727840251
12193,0.005577337198076648
12194,0.005314700630821163
12195,0.15074237044941927
12196,0.050981917675402846
12197,0.048985213778301236
12198,0.0047552286669561355
12199,0.9057124341575776
12200,0.01341698820788587
12201,0.008143347298494624
12202,0.6202719855158179
12203,0.006356918932523433
12204,0.039604051115405076
12205,0.004316804063893025
12206,0.8943545625115129
12207,0.15897167307314702
12208,0.8905428033058213
12209,0.06157044034817531
12210,0.004679433500207103
12211,0.26494422716394794
12212,0.048674576234853814
12213,0.21882450308572057
12214,0.016268632576187485
12215,0.014386813786192864
12216,0.027402843225891912
12217,0.012568867551012664
12218,0.019698270986484325
12219,0.02113373423518499
12220,0.014335965485204273
12221,0.8300827218222573
12222,0.8586321188620365
12223,0.028863245223361905
12224,0.13477175643384157
12225,0.7848889995330851
12226,0.014223743740851398
12227,0.7836971439866747
12228,0.03781595941837052
12229,0.6746141086679164
12230,0.9123372379597179
12231,0.00597481833658446
12232,0.9528738460720741
12233,0.871983410775659
12234,0.003373046908091199
12235,0.0031098129277214474
12236,0.033717434562405675
12237,0.5228849023017557
12238,0.04989305725053428
12239,0.015464704172874764
12240,0.5258452798648363
12241,0.0023363185187332365
12242,0.03214761327654462
12243,0.015071984592076726
12244,0.035327562684215
12245,0.18370199525657094
12246,0.006379701142783008
12247,0.012020833914156238
12248,0.011386152864576568
12249,0.03825438924998784
12250,0.10509878880636984
12251,0.011039807428782104
12252,0.9675686351869108
12253,0.06347808824015884
12254,0.007488644061292635
12255,0.3881961391003053
12256,0.6434708627622759
12257,0.055766166269313674
12258,0.006101866275265931
12259,0.8480218371094844
12260,0.8090244381947735
12261,0.24137804642826236
12262,0.41035491206020536
12263,0.14137216427004065
12264,0.006602705956437676
12265,0.6084221035392365
12266,0.07718689807341221
12267,0.0086870192084332
12268,0.005090164305533629
12269,0.005274750411885277
12270,0.028283615983101074
12271,0.047345072480758664
12272,0.9051308487038665
12273,0.002824612760675435
12274,0.0474511125873394
12275,0.008458538308653618
12276,0.037497384139397155
12277,0.02901610814525233
12278,0.047106142603104854
12279,0.015192726255134917
12280,0.04530527144606465
12281,0.008377850053218335
12282,0.07907212015077897
12283,0.13428348709432766
12284,0.8937786246327188
12285,0.8990879366827622
12286,0.014371404154518232
12287,0.5654162551014197
12288,0.01625866390066552
12289,0.04011775317725582
12290,0.02393331114694647
12291,0.010533164717611527
12292,0.444585169863137
12293,0.1751004136513573
12294,0.007109888686005132
12295,0.8744805072948785
12296,0.5382341219539258
12297,0.03988228953083954
12298,0.2696961371537296
12299,0.6297067510580046
12300,0.0019857395544284435
12301,0.11422466425176436
12302,0.015243695251240384
12303,0.04712437926706808
12304,0.5372408234289787
12305,0.22868961847610336
12306,0.045268649584785436
12307,0.009608099488224187
12308,0.0047845294803049694
12309,0.0017809980099670732
12310,0.6770835422922279
12311,0.005690932020197036
12312,0.005737086483974064
12313,0.7874745427922449
12314,0.0032421194559359694
12315,0.03747055815905712
12316,0.16332818451490036
12317,0.13982939612304243
12318,0.022024610136548415
12319,0.004616712320265899
12320,0.0012524010991289752
12321,0.0860280819480966
12322,0.051775361185434125
12323,0.2815230497867892
12324,0.007143545297835769
12325,0.7423932426689532
12326,0.0018251192460332598
12327,0.8965078170511662
12328,0.8471789301746226
12329,0.0038895817821790945
12330,0.022497487675915966
12331,0.01135661218171326
12332,0.011814698569452532
12333,0.7042529975676513
12334,0.7620896617014099
12335,0.08503314270089296
12336,0.0067709095743652935
12337,0.014548953599290261
12338,0.002547895672975265
12339,0.9415931126745127
12340,0.6891278823019921
12341,0.0075822978273113895
12342,0.048550505140031494
12343,0.006705383748662389
12344,0.8081850001292595
12345,0.030700684635731293
12346,0.0731576795385266
12347,0.0025093243213008425
12348,0.060116711751754315
12349,0.02973789139432313
12350,0.5596502699613737
12351,0.10825670574341377
12352,0.0035770972872748567
12353,0.48772262061161714
12354,0.09365528213993451
12355,0.059243388239134845
12356,0.010652627389256545
12357,0.3325925855785027
12358,0.041202586910886116
12359,0.02932945828560998
12360,0.010993999280356043
12361,0.001896833452538306
12362,0.0038138129707227957
12363,0.024027823385837695
12364,0.00791580375669318
12365,0.4612234636437574
12366,0.027627688438858697
12367,0.064528382454798
12368,0.3805108778693658
12369,0.007966325103235833
12370,0.002962758162881847
12371,0.15544033989739758
12372,0.0508055995939518
12373,0.034820158949867765
12374,0.0047329446515098714
12375,0.007632443126097791
12376,0.01984286740558176
12377,0.06182306741453568
12378,0.8894422784558289
12379,0.8798898629567184
12380,0.0025257140570983205
12381,0.008406964163343302
12382,0.009410436937729286
12383,0.01441156353232461
12384,0.0372653612289374
12385,0.04351393852007238
12386,0.016188322259533434
12387,0.008081765755706283
12388,0.9412328731851569
12389,0.06713662745989193
12390,0.8528445630152853
12391,0.06291735040070767
12392,0.6921798728841646
12393,0.01773108578032006
12394,0.004079941195280912
12395,0.05286911093168629
12396,0.042763857398627876
12397,0.003252276731765612
12398,0.012626260928124222
12399,0.003502550528606905
12400,0.259225573743444
12401,0.7309072266496667
12402,0.38868112704682
12403,0.008058499193810376
12404,0.09278306717126988
12405,0.7720784968444662
12406,0.8103268332014029
12407,0.21239776942994182
12408,0.012894514124820667
12409,0.0141987739348729
12410,0.013295366163393389
12411,0.024983961200931982
12412,0.892451316636699
12413,0.09107494313141365
12414,0.1090913377064987
12415,0.0043433325178895525
12416,0.0030006252379851913
12417,0.7753337890110914
12418,0.02720567324968412
12419,0.042513419170882465
12420,0.014655704167638074
12421,0.04578063832110266
12422,0.006643801769602572
12423,0.009195219517138135
12424,0.014955396334930482
12425,0.8950764927928525
12426,0.4252369540230868
12427,0.14188590354498917
12428,0.09015600825921619
12429,0.0031752017808230463
12430,0.033787728843038836
12431,0.16901894960525374
12432,0.8237615696766059
12433,0.02930594929712148
12434,0.09626069576269905
12435,0.45365883870625096
12436,0.0028546996652787475
12437,0.0023382149186777826
12438,0.5972440384143656
12439,0.005706990496417342
12440,0.03543604002918306
12441,0.15595281463267044
12442,0.7285783715019849
12443,0.8172119630043306
12444,0.8894077234052675
12445,0.04046594408704704
12446,0.027495555242429567
12447,0.5323081847706845
12448,0.0038729154155784243
12449,0.0945666831106113
12450,0.9155101001870198
12451,0.0053828839263135725
12452,0.00274985247556555
12453,0.7770979859624758
12454,0.004393992186606114
12455,0.007710713927862444
12456,0.8243064769280275
12457,0.003814419174201452
12458,0.16150094637592588
12459,0.02671796856894807
12460,0.09373057392550961
12461,0.6130789771373204
12462,0.4241711131837313
12463,0.7229080211041357
12464,0.6908529092362398
12465,0.017768271318447527
12466,0.31903614270412956
12467,0.10038397434302837
12468,0.0321634963936938
12469,0.008494426258891493
12470,0.8988577444114195
12471,0.0014131758860308923
12472,0.9097952854452477
12473,0.006550415151779061
12474,0.00293293513240745
12475,0.49422613623310185
12476,0.943198657442134
12477,0.028000822603496244
12478,0.01844104054555194
12479,0.010346443056574575
12480,0.08569608379130983
12481,0.11176380768008516
12482,0.006395611943734452
12483,0.005315019588481772
12484,0.8725650458959182
12485,0.01693820857106876
12486,0.9058226372083027
12487,0.09077537705763931
12488,0.0038304893670314728
12489,0.012590195226615716
12490,0.11527158828340381
12491,0.007972940028129155
12492,0.17561361742208853
12493,0.8637269864966111
12494,0.9226250021052484
12495,0.8631974119925716
12496,0.012936398309711512
12497,0.3922810775766252
12498,0.0023252860557860973
12499,0.012108012032710565
12500,0.24861005778285
12501,0.012374633014970866
12502,0.011769485448489849
12503,0.04734027865386865
12504,0.0051066611403788415
12505,0.023851478495239067
12506,0.018784157334571505
12507,0.14471705070634353
12508,0.0015846681522453563
12509,0.02106875563578214
12510,0.08215642330386257
12511,0.16994131604011786
12512,0.00420647120289073
12513,0.0020247912835415632
12514,0.00610503660945385
12515,0.1540097198287961
12516,0.0188917232274937
12517,0.00698367102414494
12518,0.14169280025222764
12519,0.678201688983552
12520,0.004066798876311128
12521,0.8142043903852021
12522,0.020946747238460763
12523,0.8032418592939855
12524,0.02688598925124844
12525,0.007905734814099681
12526,0.21180412244319596
12527,0.0029485923272961133
12528,0.010459594897211558
12529,0.011032193763578934
12530,0.11258708281793864
12531,0.7842138111480532
12532,0.0846703105761667
12533,0.9212298262523091
12534,0.17878412800879934
12535,0.043483016702988556
12536,0.07380490522271892
12537,0.8396391802229137
12538,0.9042095817175038
12539,0.08062521380170916
12540,0.09399367355516203
12541,0.006267679533121652
12542,0.005274977738931058
12543,0.8241776424600081
12544,0.10299556807585245
12545,0.14283459228885348
12546,0.008218510210457676
12547,0.005579846235279802
12548,0.03365000538460198
12549,0.0029555778749359683
12550,0.5441231588471296
12551,0.010572317682470765
12552,0.2790281573214216
12553,0.014920773212765427
12554,0.20164415627888574
12555,0.012687601258155809
12556,0.006374641411291473
12557,0.8989775029509914
12558,0.8974746323369244
12559,0.8297327563173063
12560,0.049214380304362246
12561,0.44167920665540267
12562,0.8979879859561748
12563,0.42875659552405787
12564,0.4186306503005548
12565,0.2051492725182354
12566,0.009247759678960684
12567,0.1351946751733016
12568,0.8800331536083964
12569,0.019864518516429557
12570,0.03195957673530043
12571,0.015012174605853511
12572,0.00592839641753458
12573,0.005205380664391251
12574,0.28009744345226467
12575,0.28663373496909017
12576,0.08974622659717685
12577,0.011343887461532295
12578,0.00847115422861429
12579,0.07675405285180834
12580,0.9032691093754135
12581,0.15593168288032652
12582,0.1694390374677663
12583,0.9048760179028428
12584,0.0014929464374338285
12585,0.0034376055164169615
12586,0.05402352285015528
12587,0.015306292210171466
12588,0.03008255179028333
12589,0.9020061048179894
12590,0.031902112064953844
12591,0.7822753280686998
12592,0.154113193562248
12593,0.002620690136621263
12594,0.007067651811277563
12595,0.0016327984320565977
12596,0.600571314596617
12597,0.9213213305028376
12598,0.8421887832172936
12599,0.18718088243762424
12600,0.00963325475352933
12601,0.7092182447473373
12602,0.05534278276318763
12603,0.004577397090741275
12604,0.012111869529651462
12605,0.48328000956202494
12606,0.005634525809061647
12607,0.05979000486759349
12608,0.2061975316517532
12609,0.0020942161639294797
12610,0.2800737794697412
12611,0.032162980218812226
12612,0.010757577447270794
12613,0.024336726040136876
12614,0.002985534772818593
12615,0.02671492734293276
12616,0.0021960013507370184
12617,0.003858916255401664
12618,0.001839932413466429
12619,0.47046303704439596
12620,0.007880909595586906
12621,0.007638486993621694
12622,0.006856726627784383
12623,0.7560968458279942
12624,0.16000811947084906
12625,0.07537166374422383
12626,0.9351078403523372
12627,0.21754147284402753
12628,0.9338336625981397
12629,0.01002439723315358
12630,0.4112233713386949
12631,0.11008437774879223
12632,0.5906822772447147
12633,0.019881656638814752
12634,0.008383256804839947
12635,0.005888750596118413
12636,0.20065349783713543
12637,0.883570035117268
12638,0.005522207846233823
12639,0.14977314502755906
12640,0.5571534233046668
12641,0.03134809934879085
12642,0.04881777910589739
12643,0.3640142270996729
12644,0.08339685766296126
12645,0.0024405540750946867
12646,0.04278316335129355
12647,0.004379662347459482
12648,0.016154168586145427
12649,0.009398081311921803
12650,0.0013153686096727824
12651,0.43526538598073905
12652,0.08537531358260411
12653,0.003080129004105078
12654,0.05974658909619142
12655,0.014776373378657262
12656,0.0054351382572326475
12657,0.6969786839198011
12658,0.07517670383665048
12659,0.018596179491991983
12660,0.10587356889429689
12661,0.008740391777252709
12662,0.0026987711568211693
12663,0.5044401847852001
12664,0.026663313862549616
12665,0.009639895055176515
12666,0.04592455168188378
12667,0.029437052119789565
12668,0.07401328586454385
12669,0.043860455065079976
12670,0.1309390971705838
12671,0.0652911907940349
12672,0.11722300728817181
12673,0.01163064656284143
12674,0.8609696712938473
12675,0.6541689441630085
12676,0.0171345930066323
12677,0.7376072840165852
12678,0.9381474149061693
12679,0.0041842219235443895
12680,0.04310747109426028
12681,0.015467443481637925
12682,0.00454000276821409
12683,0.012072304175496137
12684,0.8929125638305825
12685,0.008196734007966411
12686,0.8688599693036235
12687,0.004383468651498611
12688,0.16743057646157203
12689,0.03362190226367334
12690,0.0022168610606156875
12691,0.005599393194279091
12692,0.027356591230716768
12693,0.6259693599726529
12694,0.03566203910755573
12695,0.23094894743562153
12696,0.04755269057343908
12697,0.20578376118526304
12698,0.12648427376835658
12699,0.003854986316010959
12700,0.017477378378440236
12701,0.9709572289774542
12702,0.10877945397762896
12703,0.03373537685161444
12704,0.8467449350406432
12705,0.08304732232813287
12706,0.03143327719105063
12707,0.004196553582774124
12708,0.8502607305199634
12709,0.3278793993917807
12710,0.5187546727240294
12711,0.01931374421680888
12712,0.9479900384790485
12713,0.02556082630455802
12714,0.06334497166579027
12715,0.021250165519190185
12716,0.05639407554313343
12717,0.41301195464801355
12718,0.16474728727951232
12719,0.4169036338226918
12720,0.14862635802167448
12721,0.6928537564909969
12722,0.20016853517001953
12723,0.6043395486515185
12724,0.006512272329142876
12725,0.8378817272785544
12726,0.04052083411686725
12727,0.07988886666269875
12728,0.017856490311544647
12729,0.006611614758111872
12730,0.020465940683273127
12731,0.7227506081756588
12732,0.9587145546878086
12733,0.4413885955261787
12734,0.5037026723767439
12735,0.028808615617652574
12736,0.7812431385774765
12737,0.011916337544174076
12738,0.033215217202806534
12739,0.003283381788150962
12740,0.04897282632624979
12741,0.7650073782946706
12742,0.23996464730092099
12743,0.006429490560586919
12744,0.020298527068154864
12745,0.018554473507706226
12746,0.004919921932499915
12747,0.435536036156555
12748,0.4227010290742343
12749,0.4749424404310474
12750,0.0630989787208415
12751,0.008664527038310273
12752,0.01745936759589859
12753,0.004026210932837602
12754,0.5737856791659259
12755,0.019459899941535453
12756,0.25994644754274576
12757,0.0017618218710245092
12758,0.006290088174193513
12759,0.8686754383280528
12760,0.1990493260216066
12761,0.9521078125340126
12762,0.010718394251167447
12763,0.002173641884287079
12764,0.1425152932467102
12765,0.00807848648942315
12766,0.04039997609890365
12767,0.05626542235213154
12768,0.10751737396341722
12769,0.014537530579520133
12770,0.005887167618994798
12771,0.02602212804943867
12772,0.5752587255319597
12773,0.05019526904565485
12774,0.1287073061989818
12775,0.014630600038654948
12776,0.22873795650969148
12777,0.2172865853369285
12778,0.03623497853440902
12779,0.713211739363691
12780,0.46043294031593895
12781,0.045285653886460324
12782,0.022852849967123553
12783,0.006076579746301828
12784,0.27842860101577505
12785,0.08290981822782262
12786,0.0027835430353836807
12787,0.5483893644854443
12788,0.07308265168263979
12789,0.010364668689520042
12790,0.37770050176383896
12791,0.04442131734412638
12792,0.002499922912832665
12793,0.4034331177938448
12794,0.9592000640723336
12795,0.8956627667385422
12796,0.009106714393258743
12797,0.0287414971545335
12798,0.4212425160165987
12799,0.12779591841233384
12800,0.024482275719719504
12801,0.0017137746161330887
12802,0.13606251591823781
12803,0.001407598654962292
12804,0.005777009221659265
12805,0.003337405746008846
12806,0.8270900181578872
12807,0.01857684376276096
12808,0.502116948622318
12809,0.022821601095873566
12810,0.830904583112309
12811,0.03493575144941021
12812,0.023330004570088242
12813,0.008607626600780724
12814,0.8965242712752828
12815,0.027953099128561597
12816,0.008816332607021284
12817,0.024311884771108155
12818,0.010632050161514603
12819,0.024989270162331614
12820,0.7331079151920032
12821,0.9339744474824975
12822,0.9691881760125812
12823,0.9370810664129592
12824,0.01638252326859873
12825,0.45941160413627213
12826,0.06766546223598523
12827,0.0020189382343230988
12828,0.013692077216833722
12829,0.6487891316458749
12830,0.011426354279526905
12831,0.26792077375042894
12832,0.04502697454073516
12833,0.01959876293746891
12834,0.0046745601510738526
12835,0.8573880849924009
12836,0.74615495176712
12837,0.03803336109101978
12838,0.01990406348296893
12839,0.8466773228477684
12840,0.02008456796720111
12841,0.006374601839370265
12842,0.3172027612097577
12843,0.8486593818933054
12844,0.007993506709150546
12845,0.08296732230858797
12846,0.09475053359068816
12847,0.0034555994727283306
12848,0.02111356916352838
12849,0.07125828792429537
12850,0.21399554252048464
12851,0.8434999947402599
12852,0.0038802762753238555
12853,0.033644440534480256
12854,0.012896401206683398
12855,0.02572983818922349
12856,0.009159315733672471
12857,0.2702115129860817
12858,0.4745575043300473
12859,0.0022389460401688074
12860,0.009466263350554885
12861,0.2851751888284255
12862,0.8026352065928346
12863,0.20625885151991216
12864,0.13031725822097023
12865,0.7535670262407155
12866,0.21551859262629985
12867,0.81799300089229
12868,0.007855999880118258
12869,0.8077272508314624
12870,0.024749265593953688
12871,0.005008983145318365
12872,0.01181653028646556
12873,0.003143212692304159
12874,0.06712600473520687
12875,0.8067271231914468
12876,0.6556570834286817
12877,0.14970098424838546
12878,0.37483154388229123
12879,0.0029456287564856003
12880,0.7253165064422383
12881,0.43799144769503023
12882,0.14723387892521395
12883,0.04221284346298493
12884,0.10538314230423115
12885,0.006163977452320754
12886,0.2365765662688914
12887,0.9007423522024443
12888,0.4298834580648843
12889,0.27747348899287716
12890,0.12793830910220463
12891,0.01038242199416256
12892,0.015074317317854476
12893,0.8395390055373622
12894,0.7014149694466498
12895,0.01228093138731902
12896,0.04190251321525671
12897,0.023802245495303697
12898,0.713254611976812
12899,0.27731095808520895
12900,0.17034902425637283
12901,0.5968742640692908
12902,0.5650865055581961
12903,0.6716240252494659
12904,0.025226591774560297
12905,0.09649976543751267
12906,0.03482197566941317
12907,0.12147025030507479
12908,0.07421886494165164
12909,0.5551902120196546
12910,0.01824736624149562
12911,0.02538303247971342
12912,0.015860117744375016
12913,0.8691653420284757
12914,0.04520942110317663
12915,0.33839276149571046
12916,0.005067167561254363
12917,0.0063306078406880064
12918,0.004893101646660898
12919,0.8081547243849048
12920,0.1316287850211809
12921,0.2817119727991423
12922,0.5840918814072205
12923,0.9609492337270756
12924,0.009084857013042454
12925,0.31734000793258677
12926,0.0026957611049583906
12927,0.15314323526365078
12928,0.3300230899444878
12929,0.7165959366028808
12930,0.008129035199179513
12931,0.006799512301193206
12932,0.019551017382563148
12933,0.012666622079650955
12934,0.006969691931720589
12935,0.2919241476674703
12936,0.054928330953213554
12937,0.01144265729226775
12938,0.006921615457312489
12939,0.14947147695722177
12940,0.011939267434301955
12941,0.06653968021701523
12942,0.01333814287283828
12943,0.8571340359036415
12944,0.01300957146769279
12945,0.026175879763587345
12946,0.8804703318475948
12947,0.6185285886431064
12948,0.16562502845029967
12949,0.017172289388009982
12950,0.34178685698659955
12951,0.0017283897750045426
12952,0.005470149062523103
12953,0.00844593670172869
12954,0.010762248226565845
12955,0.0024090273641475942
12956,0.44794514922308315
12957,0.8781087252754239
12958,0.012181293101555012
12959,0.006075806754412585
12960,0.12428892975661035
12961,0.26009937984087733
12962,0.005909538046262159
12963,0.0547998805541489
12964,0.007831854960853202
12965,0.06364489076213688
12966,0.0048815952129582394
12967,0.48387494005700915
12968,0.021787865144425156
12969,0.3485430784456389
12970,0.012402074870700955
12971,0.009442976716463481
12972,0.07661296871479789
12973,0.005872877734916499
12974,0.008530073399752904
12975,0.008903362625463445
12976,0.004513096352639188
12977,0.907381061220041
12978,0.7859220238374317
12979,0.013397814731544753
12980,0.5414601005499367
12981,0.9685116773875576
12982,0.42943314840842617
12983,0.33372732641432407
12984,0.022604508963681803
12985,0.00532549355371753
12986,0.6438518032841367
12987,0.06296481590886054
12988,0.014792508294181264
12989,0.9338148431896409
12990,0.7463835350464909
12991,0.10833807686306376
12992,0.01866677899087245
12993,0.4459102416451671
12994,0.01410156909127697
12995,0.900619394371123
12996,0.013089268332633573
12997,0.8930762095177285
12998,0.06114806766330231
12999,0.061539898312836135
13000,0.9664672770789826
13001,0.028648583606552886
13002,0.861165986059524
13003,0.06864534584363849
13004,0.0017176751791823158
13005,0.016259201410000194
13006,0.6569205955727262
13007,0.4157057610402225
13008,0.24618106454403238
13009,0.04685694525757853
13010,0.003681352368234424
13011,0.003865441835239886
13012,0.042301483908742166
13013,0.3808612671391682
13014,0.8578431657560786
13015,0.771789893893625
13016,0.0027390149967407894
13017,0.08082558281132955
13018,0.015675705397067884
13019,0.014278940699452557
13020,0.11201082074815466
13021,0.832672227910112
13022,0.0027568131647268323
13023,0.8174409340650943
13024,0.08786232742856719
13025,0.005600783494447479
13026,0.003219619182813491
13027,0.013192417286091615
13028,0.5228315232036921
13029,0.0072270934542949875
13030,0.4513392576859975
13031,0.005677044183906426
13032,0.6111292775610305
13033,0.09433021035000302
13034,0.1079307372458769
13035,0.009907296366846499
13036,0.021398699404077324
13037,0.034991982148997174
13038,0.006455730882076693
13039,0.07814061985046089
13040,0.004549328575946876
13041,0.10438249387557769
13042,0.04109498277487615
13043,0.8533266400972439
13044,0.871488714336009
13045,0.010303631569508634
13046,0.2245887093259201
13047,0.24765753097853194
13048,0.2092543545251066
13049,0.022928930851838048
13050,0.8431238078917405
13051,0.002188877839053384
13052,0.051886118866954704
13053,0.06975392964402186
13054,0.202967095861113
13055,0.23671104033997709
13056,0.022785551496005592
13057,0.0017651321969087295
13058,0.16613163781126833
13059,0.9002904484614336
13060,0.028716452018098942
13061,0.4683438175488754
13062,0.04407326339579344
13063,0.008862059043905352
13064,0.003963654726414644
13065,0.00880202928966352
13066,0.010299194315844027
13067,0.08183419696537687
13068,0.011905747383121395
13069,0.4890757182771614
13070,0.0061492556915568805
13071,0.009061688110999201
13072,0.003953964385170376
13073,0.9407414524395609
13074,0.02372007406630556
13075,0.01336367843099582
13076,0.01880499541058463
13077,0.8112236519584921
13078,0.0020087697836329555
13079,0.021922667226740633
13080,0.008565848966163032
13081,0.03096253414991753
13082,0.880790408777322
13083,0.008329204280619779
13084,0.007182548730161947
13085,0.01098780466230711
13086,0.0026007279822964414
13087,0.003425093374739259
13088,0.011953102991518222
13089,0.7760716494902463
13090,0.020661981209374097
13091,0.7649493241153469
13092,0.016337217260046465
13093,0.04756107871752549
13094,0.09445462866649847
13095,0.3424433133734948
13096,0.011392775330940168
13097,0.010508035510129073
13098,0.8637633970363066
13099,0.006085531987244425
13100,0.24251976541317297
13101,0.015350178410316103
13102,0.06567238755866998
13103,0.0083006648040252
13104,0.8848082069091224
13105,0.02507063375213565
13106,0.7816379418908321
13107,0.9528036395903242
13108,0.017922010617402864
13109,0.22600689684580033
13110,0.4604936721591852
13111,0.008134258863645057
13112,0.8059668364862236
13113,0.8175510151747027
13114,0.0062585216079105895
13115,0.008985399722176188
13116,0.9541914331921855
13117,0.9227579881262353
13118,0.8416070888398167
13119,0.885605116684111
13120,0.8040171283606299
13121,0.006566258091283591
13122,0.8193217616989745
13123,0.037189609519633515
13124,0.0025776691169803728
13125,0.019088056554573078
13126,0.0030441772568705642
13127,0.012967456888802159
13128,0.6933495221937864
13129,0.3246375066523106
13130,0.3025584559634643
13131,0.022055437416741035
13132,0.012272772812555715
13133,0.01829200722208568
13134,0.007323239586523365
13135,0.12184276606610736
13136,0.0576707734634106
13137,0.010918868468492753
13138,0.056635788791306485
13139,0.8525072471491904
13140,0.07595403437065336
13141,0.005808247078502852
13142,0.3436230988365871
13143,0.0059395904206151744
13144,0.004517230988767456
13145,0.24941999141345716
13146,0.006698471863954688
13147,0.004594443853717835
13148,0.026555410716910675
13149,0.7251058446998028
13150,0.19676114878786258
13151,0.007761218050609095
13152,0.03149584038103411
13153,0.16333945811948322
13154,0.054135709880548014
13155,0.05434063322461118
13156,0.3080714492180966
13157,0.009756704381913417
13158,0.03801499050653329
13159,0.006441276821941947
13160,0.01750850809933173
13161,0.00882787427544749
13162,0.03118613636204822
13163,0.009361692613225562
13164,0.6843618221078622
13165,0.00397688127135958
13166,0.041399590461055805
13167,0.005472879046269362
13168,0.11230980381547663
13169,0.17793063460750497
13170,0.004002231707467622
13171,0.014385243563186951
13172,0.003654960573118049
13173,0.0033074617107474377
13174,0.10249076973183834
13175,0.008256723799556106
13176,0.011443138265737953
13177,0.012485243964025075
13178,0.8454961712256486
13179,0.002970098971650494
13180,0.011625721677260555
13181,0.01639933354304656
13182,0.5069492710026092
13183,0.90494492093553
13184,0.004336021418735446
13185,0.01148547511367197
13186,0.05734961795251891
13187,0.941482188595701
13188,0.03215187375396095
13189,0.011973711840131733
13190,0.2951213987570205
13191,0.003188233318850624
13192,0.5174676324585509
13193,0.43946021125213874
13194,0.0285347739713832
13195,0.005644260858401044
13196,0.002669285588618077
13197,0.0022925952211721263
13198,0.4904998438757346
13199,0.011275910428391711
13200,0.012383012897503947
13201,0.0029301025108398808
13202,0.01421094619840423
13203,0.9224243455960015
13204,0.9227761038561776
13205,0.006955862362305709
13206,0.7530185564785475
13207,0.014676587931985004
13208,0.8340525171860336
13209,0.0055473077159189175
13210,0.015373885801130716
13211,0.009400370937590432
13212,0.057559039439080285
13213,0.14835752971447602
13214,0.0022244541559114307
13215,0.06857937240261569
13216,0.007126733700931095
13217,0.022473313284176483
13218,0.5374243076121138
13219,0.009368523642947312
13220,0.28682306510917
13221,0.5422989228131432
13222,0.6434569851044418
13223,0.016293036514354205
13224,0.16397174150134539
13225,0.00424050752545037
13226,0.10493655936219648
13227,0.12045700565915926
13228,0.07011727795990298
13229,0.8138847025065812
13230,0.016318258577774775
13231,0.004548736107413745
13232,0.29362605202262315
13233,0.3709688177781002
13234,0.008485087673612036
13235,0.04530881583449014
13236,0.0031049312943497486
13237,0.014997194736224968
13238,0.7123814974469788
13239,0.020903093201629953
13240,0.05322992250614223
13241,0.6474071212134836
13242,0.022334488677035625
13243,0.39089568906718786
13244,0.0124834857711548
13245,0.01879690389353753
13246,0.0029610495513915673
13247,0.9374148769697883
13248,0.00880703200184728
13249,0.10615139357446299
13250,0.6295724094799033
13251,0.014461212446251924
13252,0.2987048131241373
13253,0.003043301544065485
13254,0.8739822579071622
13255,0.9712209910135048
13256,0.13314491248776966
13257,0.025987973901772116
13258,0.008537832143922402
13259,0.002093658204728295
13260,0.8965935521081082
13261,0.09759615877550365
13262,0.12641424676250573
13263,0.8605018150257409
13264,0.004255365471885492
13265,0.0035934862602425384
13266,0.015496633494357133
13267,0.09152342614367728
13268,0.015569799462203174
13269,0.003829735504653746
13270,0.5813994211365998
13271,0.013662835034541538
13272,0.014759838783336823
13273,0.05352528519690197
13274,0.04465206761225448
13275,0.7421101137484944
13276,0.5619617138230949
13277,0.12075914094132807
13278,0.8981919019469733
13279,0.009844969686057557
13280,0.007261370890527795
13281,0.044586053645915745
13282,0.031423997976798033
13283,0.012989114973614126
13284,0.0024267191097229334
13285,0.01755959104754337
13286,0.8409927774753663
13287,0.11610647106274291
13288,0.008117038935292966
13289,0.04584226607099905
13290,0.9199837256492809
13291,0.15371869168260685
13292,0.012118677880831359
13293,0.00996972042727712
13294,0.005783226796182836
13295,0.9065592602446568
13296,0.01230732836687264
13297,0.6187885427822472
13298,0.004274232405607514
13299,0.10186510913572226
13300,0.5156658624503975
13301,0.001486132226577089
13302,0.005915924704404811
13303,0.3340187635033739
13304,0.8787102696181166
13305,0.031376646621856054
13306,0.0217137761857441
13307,0.9327961805858553
13308,0.02106463688967004
13309,0.004418010087454204
13310,0.04967359540968762
13311,0.007901649044683
13312,0.0025851756247249964
13313,0.5568744172929216
13314,0.010109451191932657
13315,0.04150196937230811
13316,0.9296835950192273
13317,0.008702234636501825
13318,0.857244430304605
13319,0.08712269444627764
13320,0.8173899494381713
13321,0.025134157940108776
13322,0.9112403694037523
13323,0.9508176534900799
13324,0.015384509692907378
13325,0.06601307809929499
13326,0.04159587109848286
13327,0.013815497164031413
13328,0.6523151533095706
13329,0.2729699684261774
13330,0.9013655578204405
13331,0.008414969215734024
13332,0.004755933923159094
13333,0.18874306052643944
13334,0.8906686471318315
13335,0.045787011177482094
13336,0.08082999850423932
13337,0.003298589123193175
13338,0.00305665220259035
13339,0.018365550680483452
13340,0.053610018738364164
13341,0.41281216716014024
13342,0.5947440615656144
13343,0.8320508882684535
13344,0.753810023283219
13345,0.013246603711556676
13346,0.7142454505772426
13347,0.03097022151889445
13348,0.48597924458964903
13349,0.017454098831494493
13350,0.027891991308607367
13351,0.8113806102432415
13352,0.6857702585901144
13353,0.0016596845242098628
13354,0.0731196366508158
13355,0.4793076435661452
13356,0.06371082459373838
13357,0.2450027561285293
13358,0.02023293693631411
13359,0.7422691821086164
13360,0.6978941748267429
13361,0.7835009041260803
13362,0.0017933439303389077
13363,0.6106400674690563
13364,0.01119118645808441
13365,0.12651313519561277
13366,0.008698436404859974
13367,0.010148534010764963
13368,0.00983392539961765
13369,0.8997876551255122
13370,0.9078770233076849
13371,0.0025657796930216906
13372,0.005938515981913886
13373,0.22565231153671964
13374,0.017121430901716916
13375,0.0022958704200496966
13376,0.011916467263787405
13377,0.009039183121496406
13378,0.048358147339471025
13379,0.5189830750454933
13380,0.08627222961839476
13381,0.33905578159924665
13382,0.6431375122505132
13383,0.5001371071909219
13384,0.14172111896978462
13385,0.006722519500529781
13386,0.013129449161380573
13387,0.5422709821459955
13388,0.00866545410220679
13389,0.7618900989165946
13390,0.8037312062311914
13391,0.017981915596156604
13392,0.004230379902156056
13393,0.17434381982004632
13394,0.44292403828566773
13395,0.23407170747568504
13396,0.1907715905428587
13397,0.0017544238317423206
13398,0.6839836821418253
13399,0.002217067688933558
13400,0.011954788794988958
13401,0.012466372421804527
13402,0.7597056628582936
13403,0.4687617980984702
13404,0.007810241805587486
13405,0.7253657895428481
13406,0.016125853103285473
13407,0.8991007347805711
13408,0.5720554344741029
13409,0.0021340099351781945
13410,0.6467670149484315
13411,0.004101434963644642
13412,0.8764873374591924
13413,0.09014789966513613
13414,0.04129275911911443
13415,0.9461367272793835
13416,0.850119109132426
13417,0.9315475382246698
13418,0.053596849358021524
13419,0.0018460010383087103
13420,0.615899370127367
13421,0.03238766972720233
13422,0.19595124593307636
13423,0.02025720994486504
13424,0.282073728433423
13425,0.459200226602162
13426,0.8068469214514831
13427,0.0035673613364436904
13428,0.7987750059999921
13429,0.8903124499435662
13430,0.6228042063933308
13431,0.019328582673017427
13432,0.6210090929280189
13433,0.6673456882650513
13434,0.011071019307254926
13435,0.17108657864331644
13436,0.003016470768400223
13437,0.28298059154952193
13438,0.9392231241361101
13439,0.9583852000899129
13440,0.5079072367377299
13441,0.19677747355590117
13442,0.1393930738394665
13443,0.17846616614311708
13444,0.044922045519222874
13445,0.0023698727714958176
13446,0.8877025598146604
13447,0.35755668184400113
13448,0.0033753757934051475
13449,0.009261976184184213
13450,0.003514343823315513
13451,0.5639693955002827
13452,0.0062180793883511365
13453,0.03583426078907434
13454,0.030148260507099414
13455,0.007553091559405061
13456,0.03755216255523415
13457,0.004488582542462898
13458,0.01562893061596122
13459,0.005859103888833024
13460,0.0055058926031137986
13461,0.0034322779673164245
13462,0.7702663075451955
13463,0.036620080538556865
13464,0.015992774782692572
13465,0.060262024910805435
13466,0.007397696908853321
13467,0.005192116828440732
13468,0.4805972695158745
13469,0.8937933613827838
13470,0.3201425643687928
13471,0.005616822094191919
13472,0.03575972133647828
13473,0.013935762426915202
13474,0.6038836314914086
13475,0.003780236238670286
13476,0.2553496520223366
13477,0.007548749424075054
13478,0.06841909144078141
13479,0.05506939059305831
13480,0.0017436368139065468
13481,0.22836434896313126
13482,0.053687942810050376
13483,0.007565542813026745
13484,0.5150861748728481
13485,0.8414102905316386
13486,0.14676042463456185
13487,0.010280906498611592
13488,0.19826607112945704
13489,0.8478482060997169
13490,0.7723976921327245
13491,0.9529377878804682
13492,0.001970434396047278
13493,0.006295878794734174
13494,0.02708424697483995
13495,0.9192043299660023
13496,0.02090962249688696
13497,0.7594313071421205
13498,0.1116447204555073
13499,0.03771756099032554
13500,0.03524619953339835
13501,0.23268957074484703
13502,0.0008388496082035799
13503,0.005047962645495719
13504,0.2403239569055008
13505,0.0032375964976684318
13506,0.0254285160833219
13507,0.8820569291139502
13508,0.3403834753930337
13509,0.023537223105737488
13510,0.013629515522668237
13511,0.02095068913789033
13512,0.005587624746859921
13513,0.010488788676210942
13514,0.05964809056393996
13515,0.6746041702972745
13516,0.696831754951039
13517,0.5938346988846372
13518,0.7903669790367898
13519,0.017671215292289367
13520,0.007588346054271729
13521,0.011055565795668545
13522,0.15389379861111777
13523,0.16500749080633242
13524,0.016579628885926
13525,0.8907409124252528
13526,0.7216516595620329
13527,0.2250071166220437
13528,0.00684230261827851
13529,0.7468834422903936
13530,0.0076347343759800256
13531,0.03532458926916841
13532,0.012965162894665608
13533,0.02793224913574539
13534,0.7721903051084711
13535,0.8711554240246593
13536,0.13085279650858
13537,0.01803860000752851
13538,0.014401195112038068
13539,0.463238960723598
13540,0.9551222846231467
13541,0.014919477676996376
13542,0.006038659163326197
13543,0.0696914233877659
13544,0.009576766647914835
13545,0.006448146043520949
13546,0.40112973637887545
13547,0.04799691753283291
13548,0.0062376017796400545
13549,0.0035530341362627815
13550,0.23420497874360197
13551,0.08357774063376723
13552,0.012644958398859093
13553,0.9098268264193781
13554,0.10248331755249243
13555,0.7349135440687513
13556,0.7691437830651184
13557,0.8268143392125893
13558,0.014037470913648915
13559,0.07649132099333227
13560,0.024833003455448952
13561,0.002995471950199079
13562,0.10730077556258596
13563,0.010409063614114675
13564,0.012929976176817778
13565,0.043594903727980666
13566,0.1034541747951521
13567,0.003926821271179587
13568,0.03301926013088062
13569,0.9081215734792832
13570,0.05312456568166762
13571,0.23475393827360364
13572,0.0620891702824249
13573,0.15331680408950749
13574,0.7582242732625705
13575,0.07535654602520783
13576,0.86656663752113
13577,0.26934201926349843
13578,0.30964731690956027
13579,0.008279368908981611
13580,0.11253619353121089
13581,0.00175856692653756
13582,0.8972137671314562
13583,0.054562065272204405
13584,0.09775200434618848
13585,0.6164982329954036
13586,0.15823053638677073
13587,0.7076986356354824
13588,0.8179285052159361
13589,0.19825086236899603
13590,0.00743414791691708
13591,0.017385641192139045
13592,0.4445662872926448
13593,0.036755709705604836
13594,0.07250038817191726
13595,0.5674136218983786
13596,0.0657818366844579
13597,0.01162914202033489
13598,0.0038508825296239353
13599,0.8341695150209376
13600,0.011209570353229364
13601,0.1607590329556455
13602,0.4521313200340476
13603,0.05673398418297622
13604,0.05123399358052447
13605,0.11729550505597731
13606,0.43481859722025745
13607,0.004141284908707292
13608,0.084168885233084
13609,0.01833943215973895
13610,0.01610960438499424
13611,0.08969878037940715
13612,0.24099901538689922
13613,0.12362520257864049
13614,0.9510704104848255
13615,0.0011564690990063342
13616,0.938595492312696
13617,0.007524102351908905
13618,0.757870242585236
13619,0.012606829097119316
13620,0.005295021732410826
13621,0.6729592808141671
13622,0.010156802406920528
13623,0.11716589380418407
13624,0.11657471807257935
13625,0.005183777781158181
13626,0.022903804563730933
13627,0.016174495667276644
13628,0.9104147741826671
13629,0.047070324568230466
13630,0.037319849734506125
13631,0.04498352511721521
13632,0.8734146921100168
13633,0.005614387070834874
13634,0.19265166719002053
13635,0.06304793225905764
13636,0.10246027620285551
13637,0.005704694735407306
13638,0.7961173712116001
13639,0.0030620249057454994
13640,0.3527334395193845
13641,0.8837575563952851
13642,0.26924922760806924
13643,0.03444557770875449
13644,0.9097089698015313
13645,0.16497574491605613
13646,0.0018371527109442406
13647,0.4725532592848689
13648,0.011058350007606136
13649,0.5525541712264364
13650,0.010065771155149292
13651,0.0808596439612234
13652,0.9306739100116231
13653,0.12795477408051914
13654,0.6337182775469542
13655,0.010690122729159085
13656,0.1621413780241207
13657,0.3829619994742999
13658,0.8596569904794353
13659,0.9597441509144982
13660,0.013071446424042513
13661,0.053883447854294206
13662,0.05388827311875731
13663,0.36091824451070964
13664,0.1829276244062484
13665,0.05018018924429546
13666,0.5997540985193156
13667,0.0037607434513233368
13668,0.921715456976518
13669,0.3523724112487386
13670,0.19289262146456998
13671,0.7669354135472177
13672,0.1178276482016352
13673,0.007505223503801388
13674,0.030687544067516524
13675,0.08141511397202975
13676,0.07242798325949022
13677,0.03624131093511165
13678,0.12448088369050354
13679,0.05915753482537252
13680,0.0341120712814613
13681,0.9614061553834328
13682,0.029724677709462802
13683,0.018461173825389837
13684,0.9206468813049729
13685,0.005116623982952884
13686,0.8299254501237386
13687,0.1357831463989185
13688,0.11700020462604604
13689,0.006449421238090752
13690,0.7435152589135069
13691,0.023251778005933865
13692,0.08447749004600821
13693,0.18343215057002782
13694,0.003204546552713242
13695,0.04548169918433014
13696,0.04391717409763585
13697,0.08249585075903869
13698,0.6014442880338294
13699,0.01664599407437897
13700,0.030995047260605497
13701,0.003177369656977173
13702,0.03810745881259179
13703,0.0017333729099115154
13704,0.8994025419731873
13705,0.04616111561544458
13706,0.58124801154278
13707,0.8681712007012055
13708,0.04782654038743266
13709,0.8693244774765652
13710,0.06901052207628265
13711,0.0693652939548789
13712,0.00334415198663545
13713,0.8942691373512446
13714,0.01952879080395904
13715,0.012411360565302326
13716,0.006450286743928617
13717,0.9230392633549296
13718,0.009145059001085719
13719,0.005596990342805185
13720,0.21042033387306952
13721,0.7664926383888708
13722,0.0020354725966900645
13723,0.00517405407916419
13724,0.08136885567399776
13725,0.3227940400600825
13726,0.46592838554090865
13727,0.011651338992510736
13728,0.8584211164971933
13729,0.21946456697723196
13730,0.7697693885273414
13731,0.6657210097229485
13732,0.08311251365190404
13733,0.006403561590461798
13734,0.6337380435692155
13735,0.009032169507939003
13736,0.0028328486779298054
13737,0.25446524575974344
13738,0.03760855583789507
13739,0.08265025531908832
13740,0.8840482292878185
13741,0.14853502633207344
13742,0.009004910774415228
13743,0.2497554270128623
13744,0.022896601279538978
13745,0.006536614630491869
13746,0.002682177340980624
13747,0.009822165738156762
13748,0.009193314616389255
13749,0.4356298567799428
13750,0.03570394770181694
13751,0.7455410556448931
13752,0.799997288061092
13753,0.3879036635818396
13754,0.053482489743296655
13755,0.7220697397391677
13756,0.8704518918042352
13757,0.13075664885788651
13758,0.004111591949754877
13759,0.11237202192102845
13760,0.09503222085907921
13761,0.916647771347234
13762,0.00860032336292978
13763,0.8565022890907371
13764,0.4975652501877973
13765,0.5034367396037088
13766,0.15089116611144188
13767,0.011121916989388534
13768,0.01798453254362714
13769,0.11367289367971255
13770,0.11702585704108345
13771,0.0222243909950557
13772,0.9694409422089841
13773,0.036568025759772034
13774,0.04378824676778505
13775,0.04008607864156274
13776,0.0031738711745323265
13777,0.020499031859669396
13778,0.5123334741335785
13779,0.022139989125223518
13780,0.8944232723881862
13781,0.01968027380307727
13782,0.5680677037518692
13783,0.01601198921254843
13784,0.2388293095958064
13785,0.9291005096255089
13786,0.8785555840055843
13787,0.13046222025405085
13788,0.9356323141785485
13789,0.045424898881125955
13790,0.084480060888007
13791,0.01024168184403874
13792,0.03583368480925894
13793,0.011226137441802208
13794,0.040054328483587726
13795,0.012944348186314222
13796,0.018945599168915923
13797,0.12448429901137721
13798,0.005931087185347925
13799,0.1344769076763625
13800,0.22780635086049006
13801,0.5520408100827789
13802,0.9636279379277731
13803,0.20357153683415102
13804,0.1778182041909771
13805,0.7973186673670212
13806,0.0318870763021781
13807,0.006825658047570972
13808,0.13092880520883973
13809,0.08023997340512838
13810,0.005112113835491228
13811,0.12733960530277932
13812,0.015383420484158564
13813,0.5974584778330512
13814,0.9121128019821303
13815,0.17134137016670647
13816,0.004075783675842698
13817,0.33774447990451295
13818,0.8680078869966839
13819,0.20994763203924086
13820,0.39189183045415016
13821,0.15717237098592052
13822,0.011781389973117189
13823,0.017458649599873984
13824,0.030227736558645198
13825,0.010547600063161962
13826,0.14214204555674528
13827,0.07182000904271157
13828,0.007042513011638671
13829,0.046947841151735656
13830,0.07888281469853511
13831,0.8708402729994229
13832,0.19136649876309422
13833,0.2577293276017986
13834,0.004339587952956164
13835,0.7329123514553215
13836,0.02919301579160559
13837,0.03489427332429459
13838,0.0031905222711244834
13839,0.018526672093141412
13840,0.1211562479160153
13841,0.8695071040758424
13842,0.19318115982677542
13843,0.2568346322641537
13844,0.409260546575732
13845,0.14829274634179715
13846,0.28305373856476906
13847,0.0016855354427493898
13848,0.3936019145421994
13849,0.012556287884715666
13850,0.021607188790643977
13851,0.6226280597626783
13852,0.0025905591378105833
13853,0.9508880549046839
13854,0.29798791787111906
13855,0.6331500382399246
13856,0.006185227889757873
13857,0.004388811098021732
13858,0.08289093518058736
13859,0.8577450290901971
13860,0.031762107709703
13861,0.724484748373347
13862,0.015391407231089584
13863,0.23968362468563642
13864,0.00538826935865077
13865,0.18624879711089284
13866,0.08051219324546936
13867,0.40140776707943404
13868,0.016495180109075597
13869,0.01213168577160882
13870,0.022166575452911192
13871,0.3222802140257565
13872,0.07860646964242368
13873,0.005390162476283704
13874,0.3677595955850843
13875,0.025663315386159326
13876,0.05632021627553314
13877,0.6468730891137195
13878,0.09195079450224826
13879,0.0917331298650793
13880,0.003588691841559521
13881,0.7879662044566058
13882,0.2781757459129097
13883,0.011053550428121822
13884,0.05507577682087358
13885,0.8211517728640266
13886,0.9238103158680473
13887,0.022452545184901824
13888,0.04850486734815002
13889,0.9405707450537006
13890,0.006965063728831104
13891,0.8470323598788547
13892,0.12842860526165334
13893,0.9190086985755034
13894,0.2229205453729492
13895,0.015000808441207759
13896,0.03521817124608238
13897,0.02245195842604914
13898,0.03448240845116626
13899,0.3115197574382598
13900,0.0386996036574102
13901,0.013676611788081699
13902,0.1646996430677581
13903,0.710066366837871
13904,0.2501946809317431
13905,0.007160977756311391
13906,0.018803829511233324
13907,0.07419435743543591
13908,0.0029115682386803535
13909,0.0032353121258736892
13910,0.39428256000586537
13911,0.03695553709959874
13912,0.1102739625519579
13913,0.29468914475782104
13914,0.020747966412204402
13915,0.03149809810612129
13916,0.8210705019199134
13917,0.011339558768618
13918,0.004233863045051928
13919,0.6351945044466607
13920,0.7864670569806298
13921,0.5024064406976789
13922,0.2801531259139841
13923,0.9135094174821192
13924,0.9481725047439282
13925,0.0676081487688135
13926,0.8873374126890319
13927,0.7923063653090376
13928,0.01932996868188716
13929,0.19228915823871143
13930,0.6180673675131959
13931,0.5503070320497803
13932,0.7063069924742498
13933,0.06447186340738349
13934,0.28454657315746446
13935,0.008758643216750307
13936,0.02040982648390389
13937,0.6551261322162794
13938,0.0022221520392395654
13939,0.045990889057518254
13940,0.008802039252191918
13941,0.485337861758804
13942,0.9261281015117087
13943,0.1296945188222608
13944,0.02069652486048174
13945,0.19664311507197282
13946,0.12106561450022256
13947,0.010418946709864891
13948,0.10992889439997293
13949,0.007680129039915872
13950,0.003637077814259128
13951,0.6369442519737682
13952,0.15570046348986288
13953,0.0067651702978166
13954,0.04106769402429453
13955,0.03825669040568889
13956,0.9092453217873356
13957,0.04600304718992844
13958,0.01021778647108238
13959,0.9213882223374374
13960,0.01653024117951805
13961,0.020613664027065905
13962,0.06517302140856908
13963,0.9449706980275407
13964,0.01736652707552447
13965,0.35690391729072163
13966,0.2654304191369223
13967,0.1277603948206757
13968,0.004645962302164973
13969,0.6369910339224308
13970,0.15602672703446013
13971,0.008467113722585894
13972,0.006289488178470847
13973,0.21001882986258463
13974,0.9061835683120133
13975,0.030229692601365696
13976,0.12123940024161106
13977,0.09151844305665707
13978,0.31785272500762685
13979,0.8144764113697994
13980,0.003955645843555302
13981,0.01098200898941882
13982,0.26346697167395294
13983,0.012896119464728812
13984,0.024145550396502097
13985,0.012893051107956608
13986,0.02791417963637403
13987,0.009367985322710659
13988,0.2407610969538223
13989,0.005261558103777888
13990,0.004092891575010101
13991,0.17943371602723587
13992,0.8610876447289639
13993,0.0012619374497870486
13994,0.2643250626293435
13995,0.012309600104987424
13996,0.625090902709701
13997,0.8976834218597425
13998,0.9623868031185375
13999,0.9390392944867452
14000,0.03287274314762102
14001,0.008993574765356449
14002,0.02548912450146787
14003,0.5343734152585238
14004,0.02524935335499639
14005,0.8426162688664232
14006,0.008341240322235596
14007,0.005743872230318106
14008,0.7780419658891634
14009,0.6951894564425098
14010,0.0781425737792992
14011,0.017705774959970874
14012,0.01974747697024253
14013,0.6358157648817487
14014,0.0077897568856654395
14015,0.4985420013024255
14016,0.03004926192430692
14017,0.008239744556160994
14018,0.005164142177145353
14019,0.04992715509363838
14020,0.05070836304990496
14021,0.2621228190725128
14022,0.1607575831016922
14023,0.07781883545986239
14024,0.004583504695171268
14025,0.025097057838974795
14026,0.2658864744128796
14027,0.0066122782707032516
14028,0.0018057288191174535
14029,0.006223150892686355
14030,0.7808839335308304
14031,0.011139086806792802
14032,0.025579125353912924
14033,0.009955020231489326
14034,0.5597686651208633
14035,0.17271348536993109
14036,0.007138024710200557
14037,0.03804230589804544
14038,0.006653325521131812
14039,0.9257655370788265
14040,0.08449473170813245
14041,0.21403475953723428
14042,0.1408647260915114
14043,0.4686953936150672
14044,0.008661389443476343
14045,0.017051184084695022
14046,0.030060438732224082
14047,0.07965718895350703
14048,0.006901332770000761
14049,0.579275903210745
14050,0.07857348258016557
14051,0.06706267046195133
14052,0.11240097163009277
14053,0.9596827467259427
14054,0.009706554980819748
14055,0.03998448140624269
14056,0.05187047519635821
14057,0.007701687836811713
14058,0.6915250796975994
14059,0.5628887257986862
14060,0.0016893319115047906
14061,0.2697578641331489
14062,0.0032615052005218704
14063,0.009601670006091316
14064,0.001884733914317229
14065,0.018971983030124172
14066,0.004718498414296489
14067,0.00861048270760276
14068,0.01620127597198353
14069,0.010966442684036678
14070,0.13113536342863213
14071,0.058289845240737756
14072,0.02599229967966205
14073,0.2464222481786708
14074,0.037764565366821747
14075,0.8136518215488768
14076,0.016968595368123132
14077,0.001721328067751465
14078,0.3535644950421815
14079,0.01004925187223392
14080,0.265797273254895
14081,0.9158432314562501
14082,0.8384249093094406
14083,0.003332459603046813
14084,0.14693072436727284
14085,0.20850140580896187
14086,0.05893252891747655
14087,0.27334620043160185
14088,0.9469180201908813
14089,0.05373789522570166
14090,0.08749966566545156
14091,0.029383730977685468
14092,0.0085029593297011
14093,0.3039801713995176
14094,0.006084047239647406
14095,0.10674268619242513
14096,0.0016849219660838794
14097,0.012735195312910704
14098,0.02131300361332957
14099,0.9275970696324578
14100,0.005964579643678381
14101,0.014809973802125932
14102,0.012370473703536427
14103,0.565172901330335
14104,0.05933267263185949
14105,0.26323617319531395
14106,0.20143109971688372
14107,0.0037290173327368835
14108,0.30699774388703804
14109,0.004931628128253773
14110,0.10274767913260244
14111,0.006900246422322973
14112,0.009827206157302423
14113,0.736107234850232
14114,0.524372207177523
14115,0.41414541104947417
14116,0.001411158441981172
14117,0.6171589343456565
14118,0.7958300022596356
14119,0.027115022683250202
14120,0.013128419560227046
14121,0.8531902723809373
14122,0.022871090844402996
14123,0.002632318806891837
14124,0.04110063052488774
14125,0.020464835486816702
14126,0.10773967461590132
14127,0.19168552424267388
14128,0.837722112943133
14129,0.6699621193690087
14130,0.607760961793036
14131,0.011997416933504134
14132,0.294209690115913
14133,0.010575301483339574
14134,0.007299829683565642
14135,0.017197931787933
14136,0.7097313284697323
14137,0.08699230413866851
14138,0.1978893007421748
14139,0.005119904685105185
14140,0.6207449745864518
14141,0.5163821433450465
14142,0.08502992221190116
14143,0.8364386430230546
14144,0.18484056769173593
14145,0.03964749687677172
14146,0.16730663044010943
14147,0.02961603802276682
14148,0.08263013063050349
14149,0.917921238812317
14150,0.9518018263331688
14151,0.8125258246698619
14152,0.7991128721860237
14153,0.0030910089575205356
14154,0.0058723216432369175
14155,0.005818425150651919
14156,0.12797908827825097
14157,0.01029387835889162
14158,0.01511342530901481
14159,0.15487743758094275
14160,0.010292293062360847
14161,0.023852952925486053
14162,0.14364816928566052
14163,0.011749096193336103
14164,0.02408158051993629
14165,0.06480275966219334
14166,0.010640120522642344
14167,0.03914788728240132
14168,0.016718743407610755
14169,0.9411685003372756
14170,0.9099091547206013
14171,0.028686999658302736
14172,0.02364209116133227
14173,0.43769684156734984
14174,0.014303847209749327
14175,0.02758003138461839
14176,0.829526532153506
14177,0.16671101408835193
14178,0.015500720668209365
14179,0.2032404166873351
14180,0.008441128704132241
14181,0.5062608083697199
14182,0.8928293670559373
14183,0.9385435533210231
14184,0.9543200448617243
14185,0.018494579908361373
14186,0.003828614049557643
14187,0.030795085759862884
14188,0.41215105345467473
14189,0.037366546786505785
14190,0.154707040558802
14191,0.8311572122504407
14192,0.5116544001634779
14193,0.002920883572809096
14194,0.00846320592419984
14195,0.00871171791424261
14196,0.9652522499076301
14197,0.025225191407308563
14198,0.9509722454941927
14199,0.0682533677784923
14200,0.01372523212134656
14201,0.01641081701333719
14202,0.9132636449455787
14203,0.9249966619735888
14204,0.0071270068688722744
14205,0.008999338473602262
14206,0.022367207978297048
14207,0.11862839803414725
14208,0.07446969636587358
14209,0.028755235979901664
14210,0.006826051409299662
14211,0.14828637251589497
14212,0.5338576784991862
14213,0.8738990193592402
14214,0.8150267152023725
14215,0.6693318500110332
14216,0.017157203878083907
14217,0.004022904898864698
14218,0.6918130251611259
14219,0.7578251928817525
14220,0.23789606701470076
14221,0.010704823225171026
14222,0.0059803120920147385
14223,0.03979348024889567
14224,0.007661465018049743
14225,0.8070791683201368
14226,0.5750987349170762
14227,0.1985110905906903
14228,0.6975582814397212
14229,0.030561852523666586
14230,0.843147024644865
14231,0.12942592423097038
14232,0.8401211526207053
14233,0.21653068424278246
14234,0.00927738120796493
14235,0.841277314331642
14236,0.039326355273086096
14237,0.7130518533130118
14238,0.027367691901080606
14239,0.49268566926425084
14240,0.08344978351971619
14241,0.9518874122676
14242,0.05746449722132685
14243,0.011132068359830357
14244,0.738648007381717
14245,0.005278848243057155
14246,0.8682089389077805
14247,0.2510786094500515
14248,0.010041852951237629
14249,0.8788436904831263
14250,0.17716606727798823
14251,0.010165469195147415
14252,0.8100432080895803
14253,0.06502140280224777
14254,0.7061417743563961
14255,0.10832161579373281
14256,0.003542013592124434
14257,0.0198500597052388
14258,0.03364304960268577
14259,0.03991166043589106
14260,0.025226181811465215
14261,0.02805182818137634
14262,0.007649188893197294
14263,0.04120997290291077
14264,0.0020434080213256834
14265,0.1368982654498542
14266,0.8218878302640248
14267,0.8309829570356502
14268,0.3713315878887087
14269,0.9257360314640914
14270,0.2434694593321695
14271,0.008628047196613151
14272,0.023395093114845947
14273,0.04030727289021599
14274,0.9022927931608655
14275,0.03147368934767819
14276,0.7313288126677315
14277,0.24606492567444133
14278,0.009057654161746068
14279,0.008363156847897834
14280,0.005862167235791196
14281,0.47817238629981784
14282,0.5732796586975275
14283,0.009354715711670476
14284,0.0036927160023436075
14285,0.011599839267515056
14286,0.04839473572917514
14287,0.9057559734008505
14288,0.004904999119445625
14289,0.03964240366217866
14290,0.09723389679762805
14291,0.29728037451565914
14292,0.7918782293536721
14293,0.014825089453612054
14294,0.34878984481759406
14295,0.02728245490362414
14296,0.13583250763872284
14297,0.8346966518039243
14298,0.01740265922374775
14299,0.5226552497088205
14300,0.041896966083944616
14301,0.4227983748160993
14302,0.03277379391570626
14303,0.3867671420180486
14304,0.32416193053012204
14305,0.0220244110059008
14306,0.001764416524437245
14307,0.17210170997491472
14308,0.7188186282864495
14309,0.003302615194098287
14310,0.13258754655234792
14311,0.047395156250295625
14312,0.010291930975304259
14313,0.04109629051929749
14314,0.12465161135458075
14315,0.8782825037561314
14316,0.008931514989086245
14317,0.9398857482112896
14318,0.008057677183886974
14319,0.06517077081878585
14320,0.030342324189969894
14321,0.1028374929732074
14322,0.1930401030795959
14323,0.08994379855687892
14324,0.8228380182406022
14325,0.004702746690616386
14326,0.01160659034823195
14327,0.8575388041282512
14328,0.015405665820212789
14329,0.8133634485199472
14330,0.2775239773781638
14331,0.14884299520532532
14332,0.41016535352126193
14333,0.021082477386952136
14334,0.9435357073418948
14335,0.0053990460989343896
14336,0.009607107352758605
14337,0.011516906045226264
14338,0.867435977607843
14339,0.9528678456944802
14340,0.9057054813979062
14341,0.6830781024063152
14342,0.01595882161234386
14343,0.1382790597538032
14344,0.9044623778058068
14345,0.046692056132667026
14346,0.9334465739316539
14347,0.08491807427926007
14348,0.5843176262245162
14349,0.024877781555177517
14350,0.002145665723809348
14351,0.006194910606364372
14352,0.020786809245447208
14353,0.05625679279852905
14354,0.9002137643964421
14355,0.3129899511892609
14356,0.009548567479545772
14357,0.874685747612542
14358,0.0056824418952543775
14359,0.7485031870362436
14360,0.12457979353452985
14361,0.004330288996281843
14362,0.01145695568449977
14363,0.01138500931524764
14364,0.06518549875353737
14365,0.11004849702771183
14366,0.0212378114033599
14367,0.016601865803261395
14368,0.12383536091761223
14369,0.5472945517610811
14370,0.1252112661567368
14371,0.40805639506768554
14372,0.8910696667352176
14373,0.18000580444348985
14374,0.10160242481161957
14375,0.030769789649239203
14376,0.1750998613059379
14377,0.0035782981191046243
14378,0.829992296171395
14379,0.0025884144085498036
14380,0.48466698793654606
14381,0.04099937997234084
14382,0.022815425054417447
14383,0.0019860392591227794
14384,0.01895079387815936
14385,0.15788462398188857
14386,0.7674973951108046
14387,0.4648453935738891
14388,0.07726089804608798
14389,0.007436216838593923
14390,0.13583433860544603
14391,0.3763604790659492
14392,0.4759138138634691
14393,0.10049751900094911
14394,0.0664335148077934
14395,0.9020620322206805
14396,0.005874105587858095
14397,0.022386378205447824
14398,0.023440527776725943
14399,0.603293369851696
14400,0.4322316647133383
14401,0.08855509879863485
14402,0.16750020761064854
14403,0.02215015325591399
14404,0.006523834251553223
14405,0.08841041459298528
14406,0.03461555309740138
14407,0.0520873814612298
14408,0.0032128545588858766
14409,0.9121156363497572
14410,0.8965050971716857
14411,0.009647019296186355
14412,0.07803006679099121
14413,0.8564983077407327
14414,0.8106754603032666
14415,0.9637983666972242
14416,0.4008999482196753
14417,0.01136777494307385
14418,0.17750064826242007
14419,0.047833154089732564
14420,0.2780638465786645
14421,0.012845031411078178
14422,0.7000462939740242
14423,0.014392869394656293
14424,0.4614833667968221
14425,0.018070275707735096
14426,0.3770609839675178
14427,0.019509281093426353
14428,0.09420008360456762
14429,0.016646952632155883
14430,0.015649376119123117
14431,0.8588580634070037
14432,0.05831205774265193
14433,0.008823102729632791
14434,0.008492449835192747
14435,0.022550231165785445
14436,0.004160275650759364
14437,0.8617804883438771
14438,0.0020534071852366296
14439,0.559046893071553
14440,0.023837625275326565
14441,0.0031190817065525718
14442,0.030510811557506852
14443,0.01884343962574027
14444,0.013587510980785799
14445,0.044901211466009686
14446,0.23053658895607498
14447,0.06753093152696901
14448,0.9022999806987788
14449,0.0045429615732363315
14450,0.04217448364525988
14451,0.0052995313421929785
14452,0.012068990802667214
14453,0.11306304836511485
14454,0.0034442324184676913
14455,0.024113640026239953
14456,0.008046559518820834
14457,0.0057734915905050775
14458,0.907214839040135
14459,0.8383642355061698
14460,0.05250229220613349
14461,0.014234492116393119
14462,0.5675949765860168
14463,0.00660912108237944
14464,0.05637629995887383
14465,0.8561427043271631
14466,0.01140586006475377
14467,0.09750104877762633
14468,0.0695567720628711
14469,0.4213442074274346
14470,0.30009730893023256
14471,0.4649675960912411
14472,0.020759634366754987
14473,0.006486406979595236
14474,0.058934418335428757
14475,0.21025451861189395
14476,0.01253949099064794
14477,0.12445484736463683
14478,0.8495562891338229
14479,0.6550314114045717
14480,0.008621850844552232
14481,0.023099947800803856
14482,0.008314508517660451
14483,0.7847709845933846
14484,0.044085557903840694
14485,0.3238135166857484
14486,0.25043903042935217
14487,0.9163478572570576
14488,0.8994077546773211
14489,0.09571794508706666
14490,0.001484541893535896
14491,0.0037694574141161606
14492,0.0021817980509934746
14493,0.021496035098153923
14494,0.10229527386156645
14495,0.801821321879322
14496,0.0174007999868682
14497,0.03708531786576541
14498,0.8176428790728417
14499,0.922981465239242
14500,0.005188663814736429
14501,0.0035208889480814964
14502,0.01237269491245074
14503,0.23677354062139308
14504,0.004916627519329985
14505,0.23115522277453604
14506,0.1267629299053802
14507,0.055899345452683824
14508,0.027719082720297158
14509,0.006519729479540382
14510,0.07244716461721634
14511,0.0064268752995623
14512,0.02031832795236521
14513,0.0035310487210724814
14514,0.0059112410238788115
14515,0.8340189637466663
14516,0.058600477310795214
14517,0.013531590692306986
14518,0.08231997392016022
14519,0.1406793915445261
14520,0.008062486738088988
14521,0.3767678698544473
14522,0.045402394425800956
14523,0.11755276461499253
14524,0.007443199548350763
14525,0.0073053812782216026
14526,0.8552184775818935
14527,0.007408333352162174
14528,0.0543554180812761
14529,0.1093518957747574
14530,0.011976089477908965
14531,0.0023754073997910388
14532,0.7925183588522162
14533,0.012783211724822939
14534,0.12208177148224135
14535,0.03383063437098388
14536,0.0045492618771115715
14537,0.10806969189915688
14538,0.022952738302420932
14539,0.21002850571641984
14540,0.008265113309314037
14541,0.09883016617673081
14542,0.008194881389586949
14543,0.7277766611487823
14544,0.010307308182902238
14545,0.015497125710385997
14546,0.2853531518884953
14547,0.028018173305253323
14548,0.007371986078212509
14549,0.2950844477185284
14550,0.005417654097841265
14551,0.05122215942970455
14552,0.012658515749273371
14553,0.010120384870410436
14554,0.004234256543033119
14555,0.008894744960040809
14556,0.004916740704890662
14557,0.00327421414920206
14558,0.004301839719640833
14559,0.09913708988509666
14560,0.2454995286123526
14561,0.04217296265783634
14562,0.7506000849292276
14563,0.007201500584882361
14564,0.0056496699381554044
14565,0.00874530642178568
14566,0.14764376916060928
14567,0.021595054765914258
14568,0.022694720707609698
14569,0.2828308567703521
14570,0.42783239401676776
14571,0.8978410094615867
14572,0.13271368991271415
14573,0.5566572002630629
14574,0.4934230324302071
14575,0.04683601082819802
14576,0.035346843813571026
14577,0.9014379880613128
14578,0.00782553051874409
14579,0.0792924941742082
14580,0.4255720237024805
14581,0.033688139207763486
14582,0.49094392509535967
14583,0.19813286446023104
14584,0.10697553461273432
14585,0.014096517628073908
14586,0.07514367111702645
14587,0.2875778024507185
14588,0.09762580781298873
14589,0.41924476399370536
14590,0.038932160514809674
14591,0.03398206505198561
14592,0.1262881928250899
14593,0.011654329928498536
14594,0.39008963710893774
14595,0.003046603649346467
14596,0.7211389719393502
14597,0.18749478061282282
14598,0.16691100815151938
14599,0.08401900637575599
14600,0.2437406413853332
14601,0.02071447923744111
14602,0.09737242867391384
14603,0.02830796007757006
14604,0.8428789948663362
14605,0.21223169055141644
14606,0.8333966029730498
14607,0.6145268585297297
14608,0.01732882335516119
14609,0.0260354572234998
14610,0.006708891389041724
14611,0.3528752481375249
14612,0.029644982076298575
14613,0.9123189887052296
14614,0.003134705973972586
14615,0.002999650329708721
14616,0.07201397534340476
14617,0.6490783803269233
14618,0.008855701686748936
14619,0.005090166786356796
14620,0.003910620534150858
14621,0.17196816469883527
14622,0.7878116487727047
14623,0.08441977807314824
14624,0.9264393542240335
14625,0.010699674244720512
14626,0.05794414708502884
14627,0.04066441906487743
14628,0.005209032810632473
14629,0.9419391335007962
14630,0.00788718028801352
14631,0.18171952257429855
14632,0.00993226685285342
14633,0.016106390594540977
14634,0.2352881397025429
14635,0.006355072569704744
14636,0.003372750225823007
14637,0.8800447144789358
14638,0.2634406621041825
14639,0.002191602688383424
14640,0.7259700822692619
14641,0.7738062945217555
14642,0.28919799382756406
14643,0.015469968753750321
14644,0.0023802588673811067
14645,0.034791424941472346
14646,0.025876097819049478
14647,0.005778164419180526
14648,0.07545307258318538
14649,0.26051408216312905
14650,0.03339031667705285
14651,0.8835952341695814
14652,0.7015137588240766
14653,0.16465600629731608
14654,0.03858640856041131
14655,0.09397230528523634
14656,0.715741342081582
14657,0.03601189278507787
14658,0.4030376307626762
14659,0.0029169926841196075
14660,0.14828589975566725
14661,0.03753755385299054
14662,0.011250247340377738
14663,0.018848185281847736
14664,0.10802283283220127
14665,0.8640195354499658
14666,0.010529906805555853
14667,0.7497534532860015
14668,0.01895900700204209
14669,0.5332728494632683
14670,0.004339876326373892
14671,0.4596035249138674
14672,0.003954441574711342
14673,0.23051332733180907
14674,0.0609417378449362
14675,0.004828576488434071
14676,0.8487460655848723
14677,0.015438319052077452
14678,0.017990341349563194
14679,0.39026521833844247
14680,0.014698628621111055
14681,0.011289596325345205
14682,0.22410952899069733
14683,0.08508173592439236
14684,0.0019813719520364033
14685,0.15083419254445463
14686,0.029839349891849557
14687,0.16341174688716242
14688,0.11888273704448621
14689,0.01089596568717642
14690,0.8841827009083975
14691,0.003816131492425962
14692,0.8850520212224673
14693,0.09093993668157671
14694,0.14460651543716657
14695,0.22421640851645808
14696,0.23748794106863502
14697,0.14596988077554413
14698,0.1017529454174027
14699,0.006100463108743646
14700,0.6633838499570605
14701,0.004776583862776152
14702,0.018939882044231113
14703,0.003922803576090752
14704,0.045796367425818545
14705,0.031295538904786716
14706,0.01865405096799905
14707,0.41993087811919216
14708,0.06513471759190029
14709,0.009532207382393586
14710,0.03792569877187357
14711,0.015423126547376853
14712,0.7683234153988993
14713,0.3556944523179752
14714,0.23872399213353734
14715,0.009219397488245407
14716,0.6840031452536347
14717,0.26070600531865346
14718,0.014840612685766912
14719,0.025062991433836175
14720,0.020858373484968662
14721,0.006461720687533896
14722,0.9477018532089146
14723,0.8775557300278346
14724,0.47256449194654715
14725,0.9080956187274183
14726,0.08887498913561495
14727,0.06719165993200077
14728,0.025582370284884165
14729,0.008452200142618696
14730,0.03269978565956137
14731,0.02199436492413601
14732,0.8294071169443393
14733,0.02204371852992967
14734,0.05563276482368834
14735,0.011805163576400666
14736,0.014422425815567994
14737,0.20828590816449696
14738,0.027635070705758213
14739,0.07921352490881978
14740,0.026394766244271423
14741,0.4774657543178168
14742,0.012760930029111675
14743,0.942882545553986
14744,0.6863641134885017
14745,0.0033963079126095703
14746,0.007686895253101849
14747,0.025101256718934685
14748,0.5668273797129811
14749,0.2956310807500144
14750,0.26558743406268676
14751,0.004084316274933505
14752,0.03534130789884453
14753,0.004323812406541368
14754,0.005709969352583158
14755,0.018755842050519167
14756,0.08326295243993206
14757,0.008720085662525596
14758,0.023251843376385316
14759,0.00864327798675151
14760,0.2578023390674664
14761,0.009481231323381053
14762,0.10144121999691619
14763,0.18978072942764942
14764,0.08090979581563155
14765,0.006293491886295808
14766,0.18042174323189164
14767,0.004524886198393532
14768,0.0016628264155252612
14769,0.1348946565666819
14770,0.04613278890780431
14771,0.023337936021217018
14772,0.9431356584513164
14773,0.014552348772704539
14774,0.013470421679232205
14775,0.0020816392484309817
14776,0.0018128979312880852
14777,0.0912726390950104
14778,0.9166621105651181
14779,0.5968552656128382
14780,0.018920916865959952
14781,0.011432794077432576
14782,0.42972488501731543
14783,0.005744190339951308
14784,0.4434198122095485
14785,0.7698206467482638
14786,0.005524400118074429
14787,0.9088645843808587
14788,0.015614209973576789
14789,0.2859415658715959
14790,0.002526449759270429
14791,0.007338235696961485
14792,0.004111758481106662
14793,0.07661467346212174
14794,0.025912886294999556
14795,0.8952709136868736
14796,0.3771309188774752
14797,0.006181586514838352
14798,0.002305801694733576
14799,0.15394565860770298
14800,0.010728236661868933
14801,0.9146148260855704
14802,0.011634319925891588
14803,0.0216318296745429
14804,0.7743474331879154
14805,0.7621806687790386
14806,0.059061798109409445
14807,0.03525965995400705
14808,0.28533021329100017
14809,0.0023745271790703688
14810,0.8919044917268804
14811,0.29543913537407707
14812,0.10318085634242008
14813,0.02465346699479675
14814,0.17170534571852025
14815,0.40734112041329806
14816,0.1055488211161979
14817,0.016941816114372264
14818,0.3415629748305195
14819,0.031306420803820886
14820,0.034458643483818385
14821,0.005359968832739507
14822,0.009123084116476766
14823,0.21774827248940354
14824,0.9201701311674677
14825,0.006118260599432674
14826,0.05839807482227888
14827,0.005855635453415897
14828,0.006956118559822561
14829,0.009317393443916822
14830,0.004270626552397906
14831,0.08829322953754704
14832,0.024124297502740845
14833,0.10620745995988025
14834,0.9535330577307515
14835,0.19434891439169527
14836,0.013348832005380526
14837,0.1384472315184154
14838,0.8232771012762541
14839,0.010069907780332567
14840,0.003941300757076553
14841,0.6024111745798797
14842,0.03633550734448663
14843,0.006277748968119106
14844,0.13237446245180187
14845,0.005895957325454259
14846,0.056382363105447406
14847,0.6221197578220365
14848,0.835115648237778
14849,0.006175892818712568
14850,0.0033952741304486118
14851,0.14811795580870435
14852,0.02337385512277461
14853,0.05134545018709334
14854,0.003085204620478591
14855,0.008373282014548764
14856,0.011146842767032308
14857,0.8857010490241073
14858,0.8777612009505877
14859,0.009517904626480956
14860,0.050926364796374635
14861,0.1797166148693585
14862,0.5689244417755244
14863,0.4336544349552343
14864,0.23067073529226167
14865,0.8944961522104015
14866,0.014288768324835364
14867,0.06779613979269784
14868,0.8032149916130056
14869,0.8283674046023539
14870,0.14369387341209905
14871,0.923109588405415
14872,0.0029867497053635344
14873,0.7253789701109781
14874,0.018124993895754282
14875,0.007608355658063962
14876,0.8887002310016419
14877,0.48033340401534375
14878,0.5535932872681412
14879,0.04799541312270318
14880,0.8288055766010538
14881,0.6321039199588725
14882,0.062161710235898615
14883,0.8354599060409227
14884,0.02874473989305611
14885,0.0033543853603487084
14886,0.03238096086772416
14887,0.006329838144454848
14888,0.5477122977020974
14889,0.0018043081676500936
14890,0.00971191876941354
14891,0.014293245413768267
14892,0.4288945475180831
14893,0.7558785994975514
14894,0.06684015958587643
14895,0.848636421228113
14896,0.8049514235522669
14897,0.02508248826695802
14898,0.1543530676449381
14899,0.023336334976291038
14900,0.8688173880607001
14901,0.7770855471071949
14902,0.06249142609622097
14903,0.501347602479114
14904,0.10180988016601326
14905,0.0037032768953112537
14906,0.028748110364508875
14907,0.005976513905469794
14908,0.0012319213448999053
14909,0.8125092365469714
14910,0.7919341959609056
14911,0.6850178536245852
14912,0.8616041019289467
14913,0.020773134849477664
14914,0.06167362708666581
14915,0.15449234262735392
14916,0.8419446226315463
14917,0.10932150064971694
14918,0.00801225411547336
14919,0.7081276597023178
14920,0.48269720863507415
14921,0.8245286200976589
14922,0.0036332164736710866
14923,0.11897689851367699
14924,0.40991880558998933
14925,0.9460021703851127
14926,0.05203641004066503
14927,0.00792476232626256
14928,0.03884254802531823
14929,0.40808445813022304
14930,0.02827139488768573
14931,0.006800592018630849
14932,0.046832792057056205
14933,0.43877940076033817
14934,0.016159693751085998
14935,0.03419226049776159
14936,0.03492323222341269
14937,0.004228865571728265
14938,0.007712203695728037
14939,0.002330929265637424
14940,0.23180483547406897
14941,0.8549220193981615
14942,0.3749761484675458
14943,0.0678247383087805
14944,0.016413485242004644
14945,0.8191333259927764
14946,0.010103546743414557
14947,0.0022237523944514475
14948,0.8930657160042272
14949,0.006183859947228774
14950,0.15059845483248707
14951,0.02704069875232374
14952,0.27661706802152985
14953,0.015556585618461606
14954,0.43384224164084517
14955,0.031178969515969733
14956,0.004436657586048609
14957,0.003604977936948087
14958,0.48072180253993446
14959,0.6177867759624804
14960,0.06415206733444992
14961,0.011596401941274431
14962,0.8911968515127533
14963,0.03906893713506053
14964,0.15504042945687582
14965,0.07066313087313092
14966,0.05008563837126056
14967,0.008726788697827795
14968,0.3800257853169384
14969,0.04120213277650402
14970,0.399151475105445
14971,0.05070462783924491
14972,0.0050300381173655545
14973,0.0050449777214934145
14974,0.6051449508479062
14975,0.6758020144171109
14976,0.8664130283813166
14977,0.011090320220663731
14978,0.019234887474143158
14979,0.7080339527315999
14980,0.04633525137514019
14981,0.7669372274179835
14982,0.820094502631312
14983,0.004895557937609235
14984,0.029835935501952102
14985,0.011034493059404047
14986,0.9007438324137869
14987,0.6108351061994777
14988,0.006093462736002892
14989,0.010547014866181384
14990,0.83401873905498
14991,0.8563238487685942
14992,0.0088442453864825
14993,0.12764906314742538
14994,0.03557323544305424
14995,0.04665624701205333
14996,0.543734403911179
14997,0.0034484711789291096
14998,0.02614310113650913
14999,0.2276731120070683
15000,0.009175760093383944
15001,0.0027210546874401964
15002,0.003592837051489016
15003,0.005174656118223973
15004,0.8003428092496181
15005,0.8760120074738751
15006,0.01746028699063079
15007,0.047352371338723304
15008,0.004719803237586632
15009,0.0024381382060131114
15010,0.002028946473934766
15011,0.14257032634286432
15012,0.033560248071622396
15013,0.15167015725013455
15014,0.003654058673569238
15015,0.0037162688841119
15016,0.15112240610136102
15017,0.019642834317689213
15018,0.0025328371753173713
15019,0.0018822989320681402
15020,0.0035667639563319456
15021,0.12060725673180107
15022,0.0039991597896486125
15023,0.8891169518937755
15024,0.00673087318409274
15025,0.11108539077864933
15026,0.02003450031549743
15027,0.5261020058619293
15028,0.005328657758411102
15029,0.22580016441872577
15030,0.008098511404532693
15031,0.07215910185670442
15032,0.02074958159975285
15033,0.006186864444915822
15034,0.09915964991186428
15035,0.008045403180942929
15036,0.713207909812293
15037,0.004147958391636204
15038,0.003927165707844241
15039,0.03309161550121436
15040,0.09935669614332664
15041,0.003711635359055024
15042,0.021769674815056015
15043,0.5632763228339615
15044,0.0035497435139976285
15045,0.0030684718457987363
15046,0.7366478217639447
15047,0.758129390460782
15048,0.6166124886480874
15049,0.0033375365596940818
15050,0.15435379118998313
15051,0.2582772520027706
15052,0.7652730658437925
15053,0.11078127187661102
15054,0.004636950487296062
15055,0.8427057034758971
15056,0.02728861378293636
15057,0.041644798034646324
15058,0.9367661624910436
15059,0.0038196610604882214
15060,0.7547228647184939
15061,0.003983916970883211
15062,0.4846901931541556
15063,0.06784588784469434
15064,0.8696685232381702
15065,0.045326968823359064
15066,0.4277217310362228
15067,0.005562781434951499
15068,0.004589397354174198
15069,0.0012850251485366133
15070,0.017015711273538063
15071,0.013690509566997206
15072,0.001462962658107003
15073,0.0176970798607141
15074,0.06987041148485736
15075,0.9533365232161333
15076,0.007975639858613822
15077,0.022409846758620636
15078,0.09185930763058053
15079,0.22034685134507662
15080,0.018384319471629128
15081,0.014394711367330221
15082,0.009566614614396165
15083,0.017579422222012073
15084,0.050975548064961136
15085,0.025376058516774595
15086,0.12523447687088857
15087,0.012240061528218861
15088,0.014570015457754581
15089,0.8292337270810877
15090,0.00738232907999426
15091,0.050570556207827216
15092,0.00232551651650714
15093,0.504662482061735
15094,0.006560908527831111
15095,0.043646758990001984
15096,0.01616210527878177
15097,0.014882407617943837
15098,0.5842613439863109
15099,0.04239418365379545
15100,0.020060310799820163
15101,0.8937937006524479
15102,0.04467246600036008
15103,0.028740958507505958
15104,0.8951330313551644
15105,0.07371376398051173
15106,0.022178096269247456
15107,0.021404746457124285
15108,0.06632385295621232
15109,0.09197691096557764
15110,0.6736819052636731
15111,0.04548589896254043
15112,0.024264897149778555
15113,0.027264529704014922
15114,0.010410716934647861
15115,0.7219832956053072
15116,0.0020079366206298423
15117,0.10730450416406924
15118,0.8723321704611089
15119,0.6309721362061665
15120,0.06987635815931194
15121,0.015287454105696397
15122,0.06042332561619751
15123,0.5037287037987912
15124,0.8154562298793155
15125,0.008476320860146961
15126,0.0226684496348742
15127,0.677858977202983
15128,0.002849389249612353
15129,0.016261186869278667
15130,0.019776784538831995
15131,0.010630561219449025
15132,0.9293588832639715
15133,0.00502419141642828
15134,0.34381797612170195
15135,0.8981877378204219
15136,0.7488514335691547
15137,0.10645626427471128
15138,0.024014512468847674
15139,0.008311623820114522
15140,0.05466617119336538
15141,0.022419038381682924
15142,0.7315009955367715
15143,0.01600910203887639
15144,0.14522409488064492
15145,0.01111137194309411
15146,0.03724547898756676
15147,0.002284300049573945
15148,0.037289254092181034
15149,0.22802400773960269
15150,0.06285055596441154
15151,0.6464259903103632
15152,0.9633098967508626
15153,0.08163641097529258
15154,0.004373758338761062
15155,0.0891214515658278
15156,0.6030202719834327
15157,0.3939919440418095
15158,0.1319720124021733
15159,0.09740712078768014
15160,0.01031955440301806
15161,0.0021488535289202566
15162,0.01163716246318513
15163,0.006567858843147421
15164,0.06085848536726568
15165,0.27476270001648856
15166,0.10096488847396451
15167,0.10475870572480428
15168,0.0072121040400487816
15169,0.021372928499563924
15170,0.016084674669078595
15171,0.02099238638246006
15172,0.9251280639905182
15173,0.006496273585137098
15174,0.19663942715104427
15175,0.017719357300674952
15176,0.02348277852422375
15177,0.03943523731663813
15178,0.031117549483211097
15179,0.004747486774304643
15180,0.05982133146703666
15181,0.009565758529936848
15182,0.06600755307212172
15183,0.7005856928545411
15184,0.7532170667889817
15185,0.0033399396932000864
15186,0.24767451139271718
15187,0.02835605252374549
15188,0.011998672972682582
15189,0.02888874149901269
15190,0.023791658807321963
15191,0.12208238184507654
15192,0.23710744061375127
15193,0.12660672123801386
15194,0.8737382359872954
15195,0.04401075926594406
15196,0.6634293645131448
15197,0.07167620558847215
15198,0.8257116501922708
15199,0.514190159676516
15200,0.004046893947531381
15201,0.01595272513044175
15202,0.09143013423830347
15203,0.016009389131482192
15204,0.8700864927395242
15205,0.7554575198837297
15206,0.016131021402986338
15207,0.005344004955877271
15208,0.058206637844127454
15209,0.010882108966784449
15210,0.04738544507464456
15211,0.3791555542880528
15212,0.2710318182139584
15213,0.8881245858294358
15214,0.007497289446161039
15215,0.008412980003019838
15216,0.028170228561593583
15217,0.03654204396696996
15218,0.9686228310302043
15219,0.9521129822439239
15220,0.003859559680827409
15221,0.014403924761027257
15222,0.18054038987272214
15223,0.9158066038500206
15224,0.8975294195881651
15225,0.020797845148071686
15226,0.8967669780310281
15227,0.0037799591330728017
15228,0.009506928401196105
15229,0.12056854537756931
15230,0.91247072464643
15231,0.02362267201606184
15232,0.013857883211558612
15233,0.10878043138051326
15234,0.9168012807906545
15235,0.21773562502064875
15236,0.04543587790885526
15237,0.015070106570625075
15238,0.0040333325389028864
15239,0.1593633247679526
15240,0.3883753362659705
15241,0.011705342995152088
15242,0.9013819170253221
15243,0.07861034365421342
15244,0.9672698310739342
15245,0.011261347831121543
15246,0.009837950687437605
15247,0.868697222398833
15248,0.013701412082162941
15249,0.0061071058635479725
15250,0.05939401138825298
15251,0.408786957985113
15252,0.004676422375830284
15253,0.006868607720101817
15254,0.0026958516633717087
15255,0.02089104635506641
15256,0.29824034220603174
15257,0.021340292866196466
15258,0.008414936186480277
15259,0.40954430671348285
15260,0.8374001317412484
15261,0.9627451528851483
15262,0.009217452459859882
15263,0.8548771344303939
15264,0.002647362839952893
15265,0.06179287401990252
15266,0.018685810455381865
15267,0.5104148220612896
15268,0.3406555941539325
15269,0.2048252765660893
15270,0.021794688822552723
15271,0.781129136643014
15272,0.6486382210466902
15273,0.8881453241847571
15274,0.24240930460886317
15275,0.006014156689466849
15276,0.6584715005265014
15277,0.16858441910594277
15278,0.005401783118124119
15279,0.3913127297026447
15280,0.006811170515590334
15281,0.006080919810163363
15282,0.019188880197270268
15283,0.0019190284898923577
15284,0.16393341105944645
15285,0.877603192901939
15286,0.8522748085221019
15287,0.021115403552748928
15288,0.010349047265343315
15289,0.5878776603709212
15290,0.0020105903964030263
15291,0.14757619365676083
15292,0.3842290981436841
15293,0.02789340044992144
15294,0.165920311845324
15295,0.03470123247920022
15296,0.003083964483982838
15297,0.012350808832158
15298,0.05278690143938388
15299,0.7847560442894439
15300,0.013554922905501563
15301,0.10620066895331826
15302,0.6281412078050158
15303,0.0066239280342687765
15304,0.021683459279163535
15305,0.003752168624467964
15306,0.052167154561272557
15307,0.002027611340232498
15308,0.06295555818688005
15309,0.011300305461011802
15310,0.007018341484231584
15311,0.9042787095298119
15312,0.004493056547183973
15313,0.011929212496433118
15314,0.8925097829625894
15315,0.24402500029348947
15316,0.9287290005212723
15317,0.01736344499753914
15318,0.02255801374420875
15319,0.9130580030763086
15320,0.034562145873879346
15321,0.8306765244901515
15322,0.7177341692485463
15323,0.8650090699556411
15324,0.6777368617218835
15325,0.01413650517958012
15326,0.015057795393915127
15327,0.007765768048263348
15328,0.008888186893659247
15329,0.0675694086623859
15330,0.2908976165769997
15331,0.09505703863570383
15332,0.3051261641596317
15333,0.023405112052905984
15334,0.011975460609112698
15335,0.4798008833846766
15336,0.0018450026263818783
15337,0.23032528018167697
15338,0.017037298787200103
15339,0.006417391610265409
15340,0.007748275913694053
15341,0.9339224468931135
15342,0.6148903653972341
15343,0.01022332137427422
15344,0.07820818343758444
15345,0.01866614467511877
15346,0.0046149663815151275
15347,0.2634436886673822
15348,0.2344577079206644
15349,0.007538132943091154
15350,0.5584801988160514
15351,0.03547992316686442
15352,0.5806231583523929
15353,0.01845530335421217
15354,0.01699551754104015
15355,0.7528022444903358
15356,0.00758068317934206
15357,0.9185849284678855
15358,0.044724868588711594
15359,0.011047604694178282
15360,0.01322173965145115
15361,0.6003316059462117
15362,0.36437982076133446
15363,0.5627915381067939
15364,0.08761358554340208
15365,0.7920627245460966
15366,0.004043751323743611
15367,0.012359468154301334
15368,0.029207466041954608
15369,0.12965557906583539
15370,0.0061055982687805935
15371,0.5220163249024904
15372,0.006143064124957316
15373,0.002274854965568654
15374,0.31357707001213614
15375,0.03360676109538152
15376,0.8411989675223782
15377,0.049057468437833554
15378,0.8075463447769542
15379,0.01648421016705153
15380,0.01000392577382103
15381,0.02130461398275441
15382,0.028283786077040626
15383,0.008321578829544384
15384,0.06258310468869603
15385,0.0011028772488222928
15386,0.09859024518567602
15387,0.8269272645721357
15388,0.9674557312839354
15389,0.8370070907262945
15390,0.004228441936604332
15391,0.9514679870256799
15392,0.9300040335694842
15393,0.592428840763413
15394,0.1528269209198223
15395,0.012268245183505725
15396,0.19381464366558857
15397,0.002522845443878082
15398,0.11155962484509281
15399,0.4938195615087283
15400,0.8047375302346331
15401,0.3405620499605712
15402,0.009952831619789361
15403,0.05832157544427502
15404,0.007162155405170513
15405,0.08111379372420147
15406,0.2564670160755659
15407,0.012754020762903277
15408,0.45016872835662936
15409,0.8290135523474159
15410,0.004333150656942646
15411,0.00968628753868437
15412,0.8928209755266528
15413,0.08760132877866653
15414,0.7450582219364336
15415,0.5151664769862196
15416,0.8710292916861286
15417,0.018014687797371854
15418,0.012674817318973651
15419,0.8571538869552631
15420,0.03238432140314919
15421,0.008445251079319867
15422,0.023617118425766383
15423,0.19033873249719896
15424,0.834510735856206
15425,0.7545063856087537
15426,0.18062497211974546
15427,0.008939397788745217
15428,0.0021105605229679624
15429,0.06524326695498572
15430,0.008760309951487919
15431,0.0012028052210421346
15432,0.033683197974648874
15433,0.8930233027473373
15434,0.265286315546834
15435,0.005344732061101889
15436,0.04474556524856607
15437,0.6565880695901999
15438,0.00846712894282945
15439,0.01577404109535136
15440,0.07266458356931496
15441,0.003908594480325871
15442,0.0036896696760400595
15443,0.010330847496399925
15444,0.01105702825180645
15445,0.054649435399764766
15446,0.00483464539680711
15447,0.0049007968639185545
15448,0.4593241040591114
15449,0.014296438211944389
15450,0.20014655882962634
15451,0.8688240201771422
15452,0.010564715364444671
15453,0.02019669561966939
15454,0.010883825952334808
15455,0.008713510949498009
15456,0.8524094649258467
15457,0.021549264538085675
15458,0.0018518105291497264
15459,0.01558798550141783
15460,0.020377903153601478
15461,0.19761167101568725
15462,0.0315951379398104
15463,0.01984459628108121
15464,0.05635465557885539
15465,0.8061731417439133
15466,0.5028267683510441
15467,0.2747442630420886
15468,0.8246190848707577
15469,0.0713738095507861
15470,0.3673089957658859
15471,0.8968627552857178
15472,0.03124458464589714
15473,0.012321941989400443
15474,0.41075239574076633
15475,0.8079263442441801
15476,0.5564915943447402
15477,0.01951886454665694
15478,0.009184164592417434
15479,0.009177992546412276
15480,0.06183624419799072
15481,0.010040731729086868
15482,0.007619555198271267
15483,0.7394122403666735
15484,0.6055656565856917
15485,0.20340345913966662
15486,0.22680031008995333
15487,0.0017929619998226837
15488,0.3501705636580145
15489,0.9228527906673488
15490,0.012807366555914386
15491,0.00883535353054569
15492,0.0035568365271013407
15493,0.013155139500978776
15494,0.0017573154853179726
15495,0.24659932747010488
15496,0.2217213647916375
15497,0.0023356404935002675
15498,0.11439903494460069
15499,0.833466787820504
15500,0.004301344337470892
15501,0.8145160576182786
15502,0.4041927259180501
15503,0.004377706347395461
15504,0.023236980646985414
15505,0.8697651464373186
15506,0.03661175581350373
15507,0.9225192756802205
15508,0.025913822061231807
15509,0.007755966430040661
15510,0.00752453276963414
15511,0.008155331478834892
15512,0.014329929152116701
15513,0.10026170942065565
15514,0.0342147558119258
15515,0.5202557652849813
15516,0.01019147639076422
15517,0.9010082307298788
15518,0.02332140777691838
15519,0.03729814883945613
15520,0.0814635851439115
15521,0.4522460513579892
15522,0.03648186406239447
15523,0.14223120094693584
15524,0.004412591502381096
15525,0.0047136180354179985
15526,0.008880742546532032
15527,0.05406363035831567
15528,0.844802382843512
15529,0.12340856289492927
15530,0.11688133354373975
15531,0.012518361579373666
15532,0.08694992204525541
15533,0.005888102027824462
15534,0.8324754563052538
15535,0.33179583326518247
15536,0.028468260858089074
15537,0.892466484850549
15538,0.7681574384346694
15539,0.6627153680638297
15540,0.010476083741135322
15541,0.062059005090152115
15542,0.10144262114753907
15543,0.12147636639401299
15544,0.004093863382461385
15545,0.07847259454330203
15546,0.003982798935560737
15547,0.0030357263992723377
15548,0.5253913048594939
15549,0.13516212090065813
15550,0.31345052137121554
15551,0.03595710929383456
15552,0.017865019348998687
15553,0.02981538670241883
15554,0.8715002447261334
15555,0.01436713311462387
15556,0.003634585992260807
15557,0.22932423957745096
15558,0.011481519143093708
15559,0.8030491965877289
15560,0.8094847497093614
15561,0.0282548761469311
15562,0.047270766583779544
15563,0.014501084615226614
15564,0.006646560640090671
15565,0.8537713081041443
15566,0.0666563968949099
15567,0.10913225557059442
15568,0.019484938140628093
15569,0.00405301826978139
15570,0.004800793019615274
15571,0.006813857325812653
15572,0.16073220353851445
15573,0.7865467635821523
15574,0.009417392626654121
15575,0.010349791456966802
15576,0.32518525351163985
15577,0.0031689853637609415
15578,0.019425853580615507
15579,0.5667675477567634
15580,0.8289004297023268
15581,0.3558307854623689
15582,0.3031593812690335
15583,0.002674496487505431
15584,0.005445693522886778
15585,0.01960706450652455
15586,0.01714628194887965
15587,0.0054677750763841675
15588,0.008215766228796589
15589,0.3841580680228994
15590,0.03511893403030574
15591,0.0059633581961517305
15592,0.025428743148389034
15593,0.8431557347794167
15594,0.2840824540255964
15595,0.03322808979157154
15596,0.15296766859871502
15597,0.04788496103551847
15598,0.007718499331706227
15599,0.05936659348339035
15600,0.35375210680872093
15601,0.022787968592319154
15602,0.006371080021751617
15603,0.7579481990280204
15604,0.006234071267659058
15605,0.26743026481537324
15606,0.07942065365783489
15607,0.007566816793703288
15608,0.518653063762806
15609,0.8329733998462333
15610,0.017691743761939008
15611,0.00386513343290636
15612,0.632963378916733
15613,0.09071213414449664
15614,0.005589429314393206
15615,0.023807486505037043
15616,0.008099692389374982
15617,0.01620688334236425
15618,0.009980140848811752
15619,0.5684210023739323
15620,0.7148977418592299
15621,0.026617057270280596
15622,0.038317043227870815
15623,0.8515671818192472
15624,0.4754923996028371
15625,0.27251548810135556
15626,0.051381334469564666
15627,0.09333942813299913
15628,0.7208260142922794
15629,0.01596433331521459
15630,0.2120500717017751
15631,0.028035038959365922
15632,0.019284597230806808
15633,0.03137382437762185
15634,0.19792231576287406
15635,0.05702467321916011
15636,0.01935954665840111
15637,0.0024775538870722836
15638,0.07510454406541227
15639,0.5076961444823174
15640,0.037742896901916734
15641,0.005621770413910285
15642,0.025548549117791027
15643,0.17570919087800446
15644,0.016479639857451885
15645,0.019859723814441725
15646,0.027305868925467068
15647,0.14851655569264052
15648,0.022582942580959057
15649,0.0060331354768487005
15650,0.015564625295704767
15651,0.21397428859571205
15652,0.7635985403961179
15653,0.9372090104501014
15654,0.015025956691866228
15655,0.10070733503555053
15656,0.34356610548135985
15657,0.004892760062592714
15658,0.03037614312088667
15659,0.053847534094990886
15660,0.004796679671977775
15661,0.023309730940582148
15662,0.002547602748323703
15663,0.8902066988719963
15664,0.10756857677821967
15665,0.184145577097762
15666,0.005794294145071318
15667,0.009410975844803193
15668,0.023496036671169934
15669,0.8963363348909189
15670,0.010885775126390107
15671,0.5688956912224679
15672,0.025024216958359474
15673,0.05272487177462086
15674,0.013078682765141283
15675,0.8406402387545349
15676,0.08363871331557501
15677,0.011332581475436294
15678,0.8850752112371957
15679,0.021990825832872464
15680,0.02023159335393366
15681,0.016451070391955765
15682,0.0338979465664095
15683,0.3611248471137822
15684,0.8716387793980802
15685,0.00541496653772694
15686,0.02686216263832321
15687,0.024552387946996664
15688,0.7544388485237219
15689,0.020720658763209446
15690,0.7162715009879533
15691,0.007373099464416666
15692,0.7562529053877072
15693,0.09901030992065551
15694,0.006584320612594839
15695,0.8335796321132785
15696,0.7885357764371225
15697,0.7816987700471094
15698,0.01402486895352615
15699,0.29756998716253064
15700,0.8902884882176014
15701,0.002988261279867211
15702,0.8222935561284277
15703,0.8910029319770375
15704,0.9174164463438674
15705,0.01990958250071976
15706,0.010235214663261773
15707,0.002704873455689537
15708,0.01775913944108588
15709,0.8460407833556334
15710,0.355454739900054
15711,0.3912351519475135
15712,0.03478504483068088
15713,0.010512136384798025
15714,0.6800424368332348
15715,0.011521106824662416
15716,0.01835212277847226
15717,0.33002346969890023
15718,0.05501118866714795
15719,0.008998676253452624
15720,0.0026369577321624198
15721,0.2567321892718547
15722,0.10325127644421009
15723,0.014080695120574183
15724,0.8228792210243772
15725,0.11147864364759523
15726,0.8967611774853012
15727,0.00770444156410122
15728,0.13042191157425714
15729,0.030629285911859948
15730,0.004169851755242883
15731,0.0016001110592351972
15732,0.011353886330407306
15733,0.7880185235519663
15734,0.08103807006320385
15735,0.03782206221514757
15736,0.7745488010761254
15737,0.010640159154915587
15738,0.0316160134528303
15739,0.862273908624563
15740,0.8407978255074888
15741,0.12002554847168219
15742,0.1388965101282908
15743,0.004044149022969181
15744,0.06674732498855337
15745,0.008546196985962254
15746,0.07013012506111088
15747,0.005661275925450392
15748,0.008751199982966426
15749,0.10989452751695156
15750,0.005162378629045114
15751,0.08405327161220535
15752,0.010896874713077593
15753,0.4126614380349249
15754,0.17113161712686636
15755,0.021388625231062927
15756,0.011272618819643483
15757,0.006656088114400579
15758,0.01150713280006833
15759,0.8908753041975931
15760,0.012741735251732826
15761,0.0069903747723308995
15762,0.7517448709013466
15763,0.0033422318286412
15764,0.007248436018423011
15765,0.772919487823092
15766,0.017622641648088556
15767,0.004905122693706733
15768,0.025779186039667227
15769,0.008385416829090385
15770,0.006990612561900787
15771,0.024332604131503083
15772,0.07833889561037671
15773,0.1606161029061769
15774,0.18482584027302168
15775,0.015448163937877814
15776,0.27842460310158423
15777,0.1772597586586278
15778,0.2593678895515774
15779,0.048067915646837656
15780,0.0506284789317072
15781,0.3688001817168155
15782,0.0933458798557914
15783,0.022205632972913062
15784,0.007263223289240762
15785,0.0030157015926919363
15786,0.005188713404188463
15787,0.705135228945493
15788,0.048463590684962386
15789,0.2755761413860989
15790,0.10136650013893707
15791,0.7785356406408426
15792,0.0026751838858194367
15793,0.013281093454251203
15794,0.051079482754747024
15795,0.8336969688756182
15796,0.023969177980698347
15797,0.42152108969710245
15798,0.20415750681861974
15799,0.6576848740862464
15800,0.15020853141984
15801,0.0785291843563392
15802,0.49907900653855086
15803,0.1385222021871837
15804,0.006691516142285104
15805,0.12231114174865834
15806,0.142296284421435
15807,0.4328629325626772
15808,0.0830968993038617
15809,0.13487147829651
15810,0.4035223033265926
15811,0.0039267217866484055
15812,0.8849913559554494
15813,0.8363025214336033
15814,0.8881282058144255
15815,0.0045427161600517935
15816,0.037036889738944964
15817,0.6085490441380638
15818,0.2916564889494944
15819,0.00793616804475689
15820,0.0548244869962208
15821,0.005490352681791588
15822,0.019586313891877812
15823,0.14838257274661576
15824,0.021825334955395657
15825,0.542955083679187
15826,0.03474696725020131
15827,0.8579380622674456
15828,0.09354982106879423
15829,0.3920043103200283
15830,0.007161538453810294
15831,0.049788638655220555
15832,0.10542771584021031
15833,0.047290784727995805
15834,0.023049097841123873
15835,0.022141266881800903
15836,0.6596886455296842
15837,0.6366482870332069
15838,0.7740876546141251
15839,0.08758232098966375
15840,0.8600929738122177
15841,0.028760072064676387
15842,0.44439173849934077
15843,0.011885680900734994
15844,0.007097874270292095
15845,0.780480480494815
15846,0.017115284531507475
15847,0.939342399698182
15848,0.006533145452134685
15849,0.021765415494019717
15850,0.15620856774217162
15851,0.748935528998055
15852,0.0602688719999436
15853,0.002869884633658616
15854,0.005736257373877778
15855,0.003386322980341267
15856,0.017536864397877647
15857,0.026924481487833486
15858,0.17305372854781004
15859,0.8607657335969694
15860,0.08741174219112896
15861,0.07578281691617483
15862,0.8985485665263191
15863,0.6978504682662967
15864,0.35093723508897057
15865,0.08788665709888846
15866,0.9008047018187828
15867,0.10728435362867736
15868,0.24498026481217722
15869,0.2528606108305068
15870,0.0345952408006092
15871,0.010895138717910799
15872,0.1049407411931966
15873,0.014577226626124127
15874,0.013845605781708698
15875,0.0441967907378667
15876,0.061992419962787065
15877,0.492800158205713
15878,0.10659762238429968
15879,0.015709824867432328
15880,0.005826624367788394
15881,0.014705341671206669
15882,0.5977022629709046
15883,0.02721658660417331
15884,0.007726357759017151
15885,0.9567790135539116
15886,0.005916808639794468
15887,0.804794421948863
15888,0.0147258102772885
15889,0.024131580083509584
15890,0.8652241800005237
15891,0.019300564657740236
15892,0.00739637704347849
15893,0.004437395800394907
15894,0.29693357388173064
15895,0.01817765179197422
15896,0.06579744982250402
15897,0.5749485571680982
15898,0.003859583662746338
15899,0.49777618997163264
15900,0.9407666962822097
15901,0.07871605423008786
15902,0.14867826569306541
15903,0.09410543538446442
15904,0.10444235771621058
15905,0.8432270084953654
15906,0.0024704601230505045
15907,0.006105280897594449
15908,0.1572202134528796
15909,0.061796416563017764
15910,0.008863235164854264
15911,0.47863287530223547
15912,0.5271905416463715
15913,0.015385636053876356
15914,0.017520227055591392
15915,0.3669869394780116
15916,0.010823165364585734
15917,0.04011694567216227
15918,0.601391531610579
15919,0.8865844478162168
15920,0.0024012783253427325
15921,0.07488670504752726
15922,0.004636291371953649
15923,0.04370490853584679
15924,0.10319402861008226
15925,0.005110739703215327
15926,0.02449680993230942
15927,0.9132109615860536
15928,0.8211668460964401
15929,0.9230651918158648
15930,0.03600606342000031
15931,0.4302664679923426
15932,0.002346729305493742
15933,0.009412142527792015
15934,0.04332868525695161
15935,0.7386708450398806
15936,0.004832052977118315
15937,0.11112763636660124
15938,0.5554295339349989
15939,0.0026426410039358875
15940,0.9634822575343365
15941,0.8995919379377018
15942,0.0016699363802029695
15943,0.21825684959549718
15944,0.010579191972392751
15945,0.3182769949403045
15946,0.00406160314078945
15947,0.02506515543087445
15948,0.013864391654387877
15949,0.17448418275155825
15950,0.010943285380286327
15951,0.003705712123757215
15952,0.008208078695990455
15953,0.787519474535755
15954,0.017938188563315076
15955,0.8894235438626212
15956,0.22814613397503963
15957,0.0795122101526165
15958,0.5558073137331203
15959,0.14018798404099356
15960,0.007356599405629122
15961,0.04669651770509373
15962,0.034913878839840484
15963,0.007166036024414702
15964,0.003205769582236007
15965,0.8494424400764145
15966,0.07793576691048439
15967,0.010038398623035674
15968,0.8163171127896915
15969,0.006076945863957767
15970,0.013681737248113588
15971,0.09643077240046152
15972,0.7118450663922717
15973,0.019011916725056234
15974,0.005123385819707293
15975,0.0098485755141481
15976,0.005036645077548052
15977,0.8199317495684103
15978,0.025772464993972417
15979,0.5487148079548971
15980,0.05656099592562976
15981,0.13287626163894672
15982,0.0069882400650915395
15983,0.0404584363452136
15984,0.5437216479052401
15985,0.106066048021056
15986,0.026076039928416582
15987,0.9489086425018444
15988,0.9235771181128032
15989,0.01940008625877302
15990,0.14440226231593162
15991,0.1310808236708518
15992,0.02040079186238377
15993,0.025738599265178498
15994,0.018983470211620453
15995,0.02174852971020966
15996,0.24993611754833223
15997,0.005599458950174809
15998,0.040076207751015294
15999,0.8635369476133711
16000,0.3136996509073862
16001,0.19270999959000357
16002,0.30930397220250094
16003,0.7379374519046713
16004,0.35216315115076674
16005,0.0617664693014602
16006,0.008292222594417644
16007,0.948332409978235
16008,0.10468669204481458
16009,0.0049754720568379665
16010,0.003468189976719678
16011,0.916657755046558
16012,0.017866200355415546
16013,0.011635365545908357
16014,0.46803285336680234
16015,0.0033440239128869394
16016,0.01099806906358538
16017,0.49564141786126
16018,0.09625089213373285
16019,0.011201509580965267
16020,0.017981691791942853
16021,0.004841996716122841
16022,0.003620329533510496
16023,0.02004105902775399
16024,0.003628681393338712
16025,0.006654301193932625
16026,0.3417540175927843
16027,0.8852173069627123
16028,0.07029119653161843
16029,0.10113387576860713
16030,0.012806771516721509
16031,0.9560176359573052
16032,0.5616130283149889
16033,0.5821353953007902
16034,0.2749509100358527
16035,0.7610692029321223
16036,0.09447559079577911
16037,0.01667764457648851
16038,0.028012170261455756
16039,0.7932124846693823
16040,0.32313615016011804
16041,0.7319272953972535
16042,0.18027058175195676
16043,0.9455951548697572
16044,0.0745591781014806
16045,0.0030126961873558206
16046,0.0075806720549048585
16047,0.8490001844236998
16048,0.9069758683096152
16049,0.8415555302106712
16050,0.015389410050936915
16051,0.030980230120892346
16052,0.18511908692596493
16053,0.026320328056915237
16054,0.0021178393057263967
16055,0.8830953434759243
16056,0.004245909259174078
16057,0.008914241649737996
16058,0.021226090222543795
16059,0.1644867698064699
16060,0.7094575372467283
16061,0.0746759027383074
16062,0.046364941760832716
16063,0.13956853161382343
16064,0.871051322421007
16065,0.1210457413488863
16066,0.08367753659908111
16067,0.13414302365870978
16068,0.1316630007214464
16069,0.011190694722981192
16070,0.722276003073471
16071,0.17029391194248858
16072,0.010157316623782957
16073,0.4598760316419915
16074,0.006853992663086657
16075,0.3231253880235461
16076,0.058945832920216865
16077,0.00333721774618692
16078,0.10763221936247233
16079,0.22319216800582398
16080,0.044709162877562734
16081,0.016091305978303737
16082,0.20796616180479427
16083,0.008641881653444126
16084,0.8161319446390329
16085,0.038258379867854325
16086,0.04443315285294374
16087,0.22956765666209353
16088,0.5050299004276533
16089,0.04949608303479399
16090,0.8650192263780488
16091,0.21335727755745332
16092,0.008221434127415573
16093,0.0024542736065964457
16094,0.002314240754255261
16095,0.0021031491049812757
16096,0.0048785485454389465
16097,0.02385376053743975
16098,0.28181492429782246
16099,0.010198120148506656
16100,0.14260119617866582
16101,0.13273741414874654
16102,0.016084708721899026
16103,0.0025070340761447663
16104,0.9139140544401405
16105,0.00804262884591937
16106,0.7795025329844494
16107,0.021735289640240706
16108,0.41400372396243273
16109,0.9190569958110016
16110,0.9730025465106569
16111,0.89842673467704
16112,0.007195716400480874
16113,0.07588882356492077
16114,0.002799382464412072
16115,0.8429490935641176
16116,0.0035834256519458392
16117,0.006677442479424015
16118,0.006502767842789762
16119,0.03014460782726568
16120,0.4450523077011632
16121,0.0022426985233038282
16122,0.05801738873160738
16123,0.8763656739799381
16124,0.7301974701943494
16125,0.5104079102995477
16126,0.03716847260459161
16127,0.909899882796789
16128,0.059891697466620396
16129,0.349994451789635
16130,0.0065207780938999
16131,0.021553543786362216
16132,0.05356442486725528
16133,0.06861982267717781
16134,0.002452321279426105
16135,0.04058640123319037
16136,0.6747453585768232
16137,0.03378662343898849
16138,0.014282882953805755
16139,0.8731095337443585
16140,0.0026528460977944014
16141,0.014494463369210647
16142,0.014632719604865958
16143,0.9156530956605686
16144,0.8105454744393028
16145,0.8552948939330637
16146,0.0060674753525128385
16147,0.8315247201437082
16148,0.027799643694049463
16149,0.15484375236004502
16150,0.29146022840409036
16151,0.015770055260774615
16152,0.07252990689827998
16153,0.07370708835571352
16154,0.006429933787174364
16155,0.0026090058930162015
16156,0.004720539457028662
16157,0.03159619395718084
16158,0.8011638732272648
16159,0.00752339222931194
16160,0.908049285484337
16161,0.12468503417817682
16162,0.46590538128392467
16163,0.035941255758823405
16164,0.002544318511128578
16165,0.05653713482938586
16166,0.006020243747464437
16167,0.577141802004359
16168,0.6936528943864027
16169,0.835909325930285
16170,0.9254077870633375
16171,0.10891844547019483
16172,0.1677794709395099
16173,0.008169760841415505
16174,0.0061101993711577
16175,0.021796159208634428
16176,0.912643136407585
16177,0.009889187620692992
16178,0.34501678837350647
16179,0.11423961532500661
16180,0.016577795308254845
16181,0.014256864765114135
16182,0.8905996108006806
16183,0.9471385813676374
16184,0.010239735704456812
16185,0.007750596839303761
16186,0.23589932597882768
16187,0.05933149238422454
16188,0.4916615413447274
16189,0.5400165221384635
16190,0.5387345676686788
16191,0.8347315940791327
16192,0.14233681860077568
16193,0.02042368881909682
16194,0.17152183804947507
16195,0.018587666338408713
16196,0.008644301893876438
16197,0.7586591863707142
16198,0.8631488863181696
16199,0.058015225324003175
16200,0.006680262675123912
16201,0.03363382389971849
16202,0.14194708298983766
16203,0.023951932467856818
16204,0.36826578269519883
16205,0.2911059043798413
16206,0.2735037382412468
16207,0.7019735679686305
16208,0.8106150268997966
16209,0.8313430506734409
16210,0.003857127339828564
16211,0.2508549554226569
16212,0.0076090791452079936
16213,0.00943192077504291
16214,0.08162508814098678
16215,0.23459124039247636
16216,0.6606469030114992
16217,0.6581498626393016
16218,0.030271904693871036
16219,0.6322509406736188
16220,0.8573098666682897
16221,0.013490354063745207
16222,0.5275727889018035
16223,0.2587707453360487
16224,0.3170291940125113
16225,0.16271938521969312
16226,0.005097708601097555
16227,0.006315752301775398
16228,0.47157518190493053
16229,0.004821105322992364
16230,0.008504157683124064
16231,0.29397841929611945
16232,0.0943197012528661
16233,0.0030277182901850604
16234,0.9183570321473725
16235,0.005251910317516777
16236,0.9595419533866916
16237,0.9154548810440418
16238,0.7872389469172862
16239,0.5298938721992381
16240,0.03129200825668073
16241,0.01155550049546843
16242,0.9095861903913652
16243,0.03826622598968085
16244,0.1882533995618197
16245,0.2489648423413531
16246,0.016191930409017955
16247,0.011624645584374673
16248,0.05262794496852766
16249,0.00531546352723372
16250,0.02091198977568879
16251,0.005569406211696255
16252,0.005169828097555151
16253,0.021364535970759355
16254,0.02923226432025053
16255,0.8020313085639181
16256,0.6735018368201324
16257,0.013069263410057501
16258,0.004139693925475077
16259,0.919899307259972
16260,0.02577958424201013
16261,0.004159151584832075
16262,0.5394690868919163
16263,0.6559199798348516
16264,0.6071923183686267
16265,0.8601129692540822
16266,0.7830787768665541
16267,0.0685377186477392
16268,0.004349632887251581
16269,0.32095056388399856
16270,0.0011793879623009573
16271,0.2726864899382273
16272,0.021703121474155648
16273,0.24210799388850368
16274,0.0033012056670429822
16275,0.8595149696994535
16276,0.010226409632170513
16277,0.010654166057795468
16278,0.0020696295263029326
16279,0.1479558025035367
16280,0.050299967114066216
16281,0.9682509856298613
16282,0.8538975779368759
16283,0.02946605435125039
16284,0.5645358898553675
16285,0.7364695082980977
16286,0.899453749571574
16287,0.7133332581471531
16288,0.03260401396089538
16289,0.9193860444912494
16290,0.2170981342236698
16291,0.8864150096402443
16292,0.8268659441868698
16293,0.17103601884271
16294,0.020093724912137553
16295,0.4157963423307742
16296,0.002341252049380957
16297,0.8230559619560497
16298,0.050004456247035096
16299,0.003925771554849132
16300,0.02394834701151182
16301,0.01845489323295322
16302,0.05753181977892775
16303,0.9579007684875628
16304,0.016625747316299344
16305,0.008010673046848986
16306,0.9152853277498791
16307,0.02640896765711886
16308,0.7603143507166621
16309,0.002962832389473421
16310,0.7952923268340277
16311,0.012844725988219195
16312,0.966066925575628
16313,0.06249254941678081
16314,0.7330924100762118
16315,0.013550525483459147
16316,0.8430618260739893
16317,0.023259127432027026
16318,0.5512308812923941
16319,0.0038238322432867042
16320,0.04315168461103606
16321,0.4682462314091723
16322,0.06924447278112221
16323,0.035249591508294625
16324,0.8603028907650634
16325,0.7384204200224922
16326,0.36942796025627705
16327,0.029151982988523915
16328,0.004453988997165578
16329,0.005509900828834049
16330,0.004193075477462105
16331,0.03683333937744179
16332,0.008752788599280109
16333,0.008290576846723952
16334,0.07036293132258795
16335,0.28583774905062015
16336,0.047093403742332146
16337,0.30361888831979367
16338,0.08354422021901882
16339,0.019838950249413966
16340,0.2114844478219681
16341,0.11494873115988904
16342,0.0038973762188342863
16343,0.7719594689618168
16344,0.5397874338524027
16345,0.12960195212142198
16346,0.11063641462184348
16347,0.03601344527176621
16348,0.00555864700104084
16349,0.02569282552388829
16350,0.0183582118904684
16351,0.0028700945638727234
16352,0.8701666653534507
16353,0.022006498951499018
16354,0.043928900226632636
16355,0.8987911984949595
16356,0.04542279485599026
16357,0.7915944311858653
16358,0.1379713061888358
16359,0.049777154389769845
16360,0.005069323571871507
16361,0.008729508851758707
16362,0.02708375317280367
16363,0.0536875524945738
16364,0.0033622627418690085
16365,0.01386951920209788
16366,0.005791908000562625
16367,0.7046069092039411
16368,0.007641205584733752
16369,0.001790656836986372
16370,0.006647450116011286
16371,0.03526491889117096
16372,0.12061560804476466
16373,0.004400020769043754
16374,0.10589453960392343
16375,0.8105735510163593
16376,0.016516738459931207
16377,0.47125665866144906
16378,0.7292797330859442
16379,0.05459300395605207
16380,0.4367246635126134
16381,0.009888582401577264
16382,0.4743206013546605
16383,0.008099868942642746
16384,0.059423372001346904
16385,0.8709219003290314
16386,0.7473138619119106
16387,0.9478842980197153
16388,0.036019310182122066
16389,0.7920932694953191
16390,0.5468739991762979
16391,0.3133027333994619
16392,0.0035578156364072535
16393,0.8721031042825658
16394,0.0038329058290796944
16395,0.03153501499645447
16396,0.0772318110449603
16397,0.6852690768589809
16398,0.0053094269695023516
16399,0.005249266070717537
16400,0.8492581225939235
16401,0.004596872916429545
16402,0.00932954633715102
16403,0.4228322692992948
16404,0.0058369191584833925
16405,0.0029932536150392534
16406,0.010747460115283028
16407,0.5932029424546895
16408,0.17024321286053595
16409,0.0041322904086368755
16410,0.6214436931737864
16411,0.0248629743224501
16412,0.007862163570441151
16413,0.02381550374975939
16414,0.033890936423868014
16415,0.7297386691288023
16416,0.030241551280502415
16417,0.04455169185563753
16418,0.010520279639477135
16419,0.011188482099733754
16420,0.044454556372045956
16421,0.07499584699435581
16422,0.6743483860241164
16423,0.8759906164698088
16424,0.09024173673927316
16425,0.05196869238196928
16426,0.013040460624154189
16427,0.10233404973698904
16428,0.03393449171639514
16429,0.03295251920730573
16430,0.11480313089558475
16431,0.003838940992102258
16432,0.1612073552442542
16433,0.0181127736972456
16434,0.04346426126764925
16435,0.027876867813784463
16436,0.3459657755903336
16437,0.02490973917750158
16438,0.05334199442134415
16439,0.9612690689486018
16440,0.6139965653495567
16441,0.03463717059476008
16442,0.010038784106009455
16443,0.44697275786247465
16444,0.819655719996249
16445,0.7127349194905233
16446,0.8499900827910336
16447,0.031453374381512675
16448,0.757654648790252
16449,0.021279464713271024
16450,0.00978293515029131
16451,0.03322606666212175
16452,0.03248177326136121
16453,0.7931151986823899
16454,0.1374420137805044
16455,0.2128577874584032
16456,0.9119126514087255
16457,0.25715572866918035
16458,0.019976877982340015
16459,0.00568424791940654
16460,0.01322306217577031
16461,0.002597659830733959
16462,0.0947812016381723
16463,0.864272981328784
16464,0.01379078072222622
16465,0.806105485835642
16466,0.10276657602038992
16467,0.007305123445989194
16468,0.07507065074583208
16469,0.18989843671271583
16470,0.06806972588212337
16471,0.0725714492989043
16472,0.1838804157572194
16473,0.7945166006266984
16474,0.008224075367944863
16475,0.0354526631936396
16476,0.009381205845807584
16477,0.08967351189971774
16478,0.9052875427543889
16479,0.4457351591996747
16480,0.05138601194710359
16481,0.8357748110703221
16482,0.0071551947431427575
16483,0.037028219684087704
16484,0.005679004074477645
16485,0.019262670554036545
16486,0.010059301941619313
16487,0.6935134003676483
16488,0.02581275469806471
16489,0.006389833988815827
16490,0.027168686455116515
16491,0.01739453048497264
16492,0.8739209594625812
16493,0.014641936491498846
16494,0.01222711102580724
16495,0.23713504863186674
16496,0.14286677312825874
16497,0.004882493963998148
16498,0.7266567545625868
16499,0.060597531849030856
16500,0.7870007190800492
16501,0.5764453291988816
16502,0.8887163960969561
16503,0.013850630336567358
16504,0.5769977877595753
16505,0.03598795269424834
16506,0.011369027567895654
16507,0.001987953091356462
16508,0.7409738156892249
16509,0.026233453162688325
16510,0.004421951197339573
16511,0.0026436077488778955
16512,0.2796088266650341
16513,0.09745819686125266
16514,0.0035193320805451136
16515,0.058650665000270163
16516,0.6745971022304414
16517,0.006230880143309162
16518,0.04374208397614967
16519,0.006645580076969442
16520,0.08751335239628111
16521,0.14799982795302935
16522,0.0160933141679702
16523,0.8727976825754852
16524,0.1795263800427287
16525,0.7510055377918636
16526,0.2741392380793054
16527,0.05838887830725577
16528,0.049537122623116575
16529,0.9024774791083837
16530,0.1963553106423569
16531,0.08047043280634283
16532,0.03812100259565973
16533,0.03295679077043599
16534,0.7209462295054648
16535,0.039161478544153
16536,0.7407080899285292
16537,0.2397246806247813
16538,0.2901562202082971
16539,0.018565848056305203
16540,0.005386222147232349
16541,0.0023180201684912696
16542,0.4378436940001568
16543,0.004241053245627093
16544,0.0055094552949731534
16545,0.8097245392486432
16546,0.054123798081973803
16547,0.004425089387384619
16548,0.004512702786799845
16549,0.959976488136923
16550,0.9073007298293467
16551,0.06966606026311775
16552,0.06682216470582128
16553,0.038173322642274375
16554,0.20891211970280393
16555,0.002798558222355233
16556,0.01195555107240184
16557,0.7961481796404835
16558,0.017216807789373442
16559,0.09212412784845071
16560,0.5416659718972351
16561,0.010248125232727301
16562,0.01304669561045118
16563,0.047202652000838834
16564,0.05248268524677666
16565,0.2165197465387638
16566,0.017599103898715704
16567,0.007254535425259037
16568,0.939315026245424
16569,0.010433268752897936
16570,0.2212505424383394
16571,0.8012919693699083
16572,0.00394556521678269
16573,0.6321374183402748
16574,0.00446215804536769
16575,0.4657371621324228
16576,0.9607779826160819
16577,0.1425955054579119
16578,0.09373767225656021
16579,0.7295605489860522
16580,0.008080715090863867
16581,0.005093251825449791
16582,0.5926343930967137
16583,0.003452186208540589
16584,0.3693778569031762
16585,0.004096986677134576
16586,0.004576862181971875
16587,0.13261845426891003
16588,0.058557734943168294
16589,0.9530520418788948
16590,0.009065027156038137
16591,0.010870935935850255
16592,0.9084208419284039
16593,0.07915451427264476
16594,0.010572556404157876
16595,0.005744806659375659
16596,0.015401206264930158
16597,0.8074685745562973
16598,0.8598026254899138
16599,0.09333945642676765
16600,0.031237917794855477
16601,0.30320221897053634
16602,0.43575889525686656
16603,0.7643236115301922
16604,0.03068314313621644
16605,0.020061635807993188
16606,0.780429025061976
16607,0.006579806203763278
16608,0.7425399137170663
16609,0.001056852601338223
16610,0.1049093968057618
16611,0.7934310628243018
16612,0.9208988839493952
16613,0.9553493576023466
16614,0.014588838068512525
16615,0.003975228890490063
16616,0.013428081214394509
16617,0.07967424143886681
16618,0.0007276923826466512
16619,0.5453352315520965
16620,0.013103950587820278
16621,0.8726439552056667
16622,0.6432479026224078
16623,0.016745141830723894
16624,0.008516611230466887
16625,0.005305835453067087
16626,0.5710397243141337
16627,0.015423977573990087
16628,0.5326174251762618
16629,0.4841412196943655
16630,0.015558516383124877
16631,0.024079850836552265
16632,0.24151605830687822
16633,0.021336740795010228
16634,0.01138785258951183
16635,0.005381347449137085
16636,0.018396692144615763
16637,0.008979404980417228
16638,0.8843543305813999
16639,0.9077620162407363
16640,0.034573652878129905
16641,0.008193065042939124
16642,0.13842816819871562
16643,0.2687981851554332
16644,0.867862550003272
16645,0.021630145722191844
16646,0.5706029541136184
16647,0.009254142845274064
16648,0.3585958453169931
16649,0.36640842526373374
16650,0.6545768051773584
16651,0.9279031709157388
16652,0.009922618148432127
16653,0.04809854690591511
16654,0.4328682815579597
16655,0.5382259265027499
16656,0.010672130862899577
16657,0.15700153278932472
16658,0.004965931537952501
16659,0.8788159159817568
16660,0.9015843138955644
16661,0.04239253140647626
16662,0.028958454183123174
16663,0.15941441886987787
16664,0.25343120249341006
16665,0.04658027734149747
16666,0.9096877525803854
16667,0.9291174973944083
16668,0.3232515603659836
16669,0.9389189900980102
16670,0.7639080117957295
16671,0.06792460253864895
16672,0.005764666971556985
16673,0.3160686323846493
16674,0.08430825274304578
16675,0.27897094772440234
16676,0.005316474219167661
16677,0.02265312016047401
16678,0.040937379560983145
16679,0.00391884535285011
16680,0.07118841315867289
16681,0.36150545770207576
16682,0.1315366432238715
16683,0.00960546756816563
16684,0.05327349819098231
16685,0.5549400952383956
16686,0.004934213175590783
16687,0.6136051412497179
16688,0.3132846698716185
16689,0.057132808138103904
16690,0.0027651585766261654
16691,0.007129274200706534
16692,0.7126766713375443
16693,0.0077624438065603965
16694,0.00218920760793943
16695,0.4489888116865706
16696,0.02549976885214476
16697,0.003968489219768757
16698,0.2315000852333814
16699,0.06698519086846157
16700,0.04101586842867394
16701,0.5710574382043764
16702,0.4321456790384237
16703,0.0071454112539731185
16704,0.9093763659835341
16705,0.02156967154684892
16706,0.015669198579085743
16707,0.017623240550761077
16708,0.009360496963243136
16709,0.965736148957157
16710,0.00694334017704068
16711,0.9471339992973532
16712,0.04022125082757461
16713,0.43337969781297114
16714,0.008144861534716023
16715,0.022067321151407537
16716,0.001156088580732068
16717,0.019196204836520056
16718,0.006461127611417514
16719,0.09881066079709243
16720,0.8414449437903158
16721,0.045508983648182816
16722,0.006034490842443745
16723,0.06665806974632114
16724,0.28981494532684055
16725,0.01877941103609734
16726,0.2659067569742041
16727,0.24553839091840465
16728,0.7216107893930213
16729,0.8050728392279118
16730,0.10808247136741504
16731,0.0027361643104786724
16732,0.8307765742911613
16733,0.05450144207063043
16734,0.007778557116900546
16735,0.014839705773336681
16736,0.7316485165942899
16737,0.003479248854210669
16738,0.0032156182868616503
16739,0.028418782865324895
16740,0.8385325466386397
16741,0.09245192951089884
16742,0.17351223017818232
16743,0.008293343051230077
16744,0.29470512497562384
16745,0.11021953926316265
16746,0.010783221009272703
16747,0.05963489400960173
16748,0.30973282812591535
16749,0.04275855265853718
16750,0.007071644627220393
16751,0.0043049172073108925
16752,0.7875877890144919
16753,0.9024678150150183
16754,0.002175831315587442
16755,0.00799175393492928
16756,0.013130578420996046
16757,0.13350672039651126
16758,0.2109539594183253
16759,0.035092512386442086
16760,0.038066907508168796
16761,0.036989573351970645
16762,0.007853790843273548
16763,0.2417616250199711
16764,0.10058982204415827
16765,0.5543582401108419
16766,0.0077721228033231175
16767,0.8936196153055425
16768,0.5005766921442696
16769,0.05126555025415385
16770,0.034150027036408494
16771,0.06263548112689483
16772,0.039768257209081045
16773,0.7847804037130521
16774,0.011519159596584352
16775,0.01598507120228895
16776,0.5264147355438755
16777,0.7887084215383731
16778,0.028852390511576682
16779,0.009622951713604997
16780,0.004611259193886864
16781,0.020073522217245843
16782,0.006122036753793545
16783,0.0017458468690591366
16784,0.8711917302650657
16785,0.012875985832718376
16786,0.0036209455851233885
16787,0.10779841820168487
16788,0.05842021962922479
16789,0.003272903507665376
16790,0.18530224039986298
16791,0.5074132683555842
16792,0.010718658206431534
16793,0.5724633333924148
16794,0.9413511176452751
16795,0.007078209816645867
16796,0.09172531234802259
16797,0.8758956689839025
16798,0.8857903060654068
16799,0.17975976290887938
16800,0.024532531185048032
16801,0.017225921876081848
16802,0.7108548863459103
16803,0.014891676924981409
16804,0.010839007001554423
16805,0.013175594220107365
16806,0.003075203970436409
16807,0.4107524579583869
16808,0.15375454727361185
16809,0.08061414950325277
16810,0.0682895873869847
16811,0.0038297846556049338
16812,0.005006131138284204
16813,0.38295911381402115
16814,0.45788725095472943
16815,0.032481799461235465
16816,0.013176125700938809
16817,0.14740880842059578
16818,0.01128296150023731
16819,0.007858973402927464
16820,0.3949375854578032
16821,0.6718816989148241
16822,0.04701685511125643
16823,0.1398304535157614
16824,0.10020431994172055
16825,0.004191642437227978
16826,0.6174075670773314
16827,0.1252090428179324
16828,0.8959092272884994
16829,0.15645902138818243
16830,0.006055378207087901
16831,0.1765670791341899
16832,0.3076215730088286
16833,0.01693524212272657
16834,0.009544457754456045
16835,0.3575499076561263
16836,0.003172864953168493
16837,0.0057920272969424974
16838,0.15757706443769
16839,0.01753725519839794
16840,0.0049929618892063
16841,0.009400970238607106
16842,0.267048356683004
16843,0.011287552987087099
16844,0.0023534408241405284
16845,0.3759915414666204
16846,0.07075502946633272
16847,0.014300569870915273
16848,0.8793803017425601
16849,0.0015515392429174086
16850,0.012899558290109437
16851,0.40733490254251015
16852,0.16132846411708351
16853,0.008008050452010371
16854,0.9226323743905385
16855,0.015404731266783891
16856,0.011495996571170094
16857,0.09354782335895473
16858,0.6185672023643057
16859,0.033648186658057924
16860,0.03443940570224501
16861,0.01978206708579143
16862,0.2731119127905668
16863,0.030484088353524626
16864,0.05794111052117622
16865,0.036643005693701027
16866,0.03424545551933512
16867,0.8451632199180823
16868,0.21163333105719376
16869,0.2573152168081573
16870,0.004071204605878636
16871,0.6795635912664024
16872,0.06688792313062933
16873,0.40481866360352914
16874,0.04737600978935125
16875,0.03538464317700536
16876,0.08113714174596465
16877,0.014392354905224985
16878,0.05271820133971898
16879,0.7117927154037536
16880,0.01051179785911292
16881,0.1548205377968644
16882,0.8304636843952895
16883,0.07313631916248775
16884,0.9453274729712985
16885,0.16694466381662876
16886,0.02028501225823803
16887,0.9174304888587719
16888,0.7088105374871602
16889,0.26327349754129015
16890,0.008562485402657073
16891,0.041382619576688096
16892,0.01109497791446495
16893,0.010178233779166027
16894,0.13079523965711837
16895,0.5804621516582396
16896,0.805273288071965
16897,0.4202905839576372
16898,0.9530617044957268
16899,0.06288014981231774
16900,0.0048662588582242235
16901,0.05474304601953688
16902,0.04201395112463448
16903,0.05083296134407931
16904,0.5506356233253848
16905,0.001649786896563412
16906,0.8738495823312019
16907,0.8903118426264267
16908,0.002843080592266165
16909,0.1588988383659319
16910,0.04911701871646743
16911,0.5580446354340829
16912,0.00545938256288583
16913,0.2729557741691214
16914,0.7693645791693047
16915,0.37953172865011925
16916,0.7560015806613508
16917,0.806461802531254
16918,0.5793255531815262
16919,0.05230985995119025
16920,0.009133548721447346
16921,0.003922423710927684
16922,0.06876933667728637
16923,0.010312946657654355
16924,0.011892250239408413
16925,0.05497697364371115
16926,0.2999747531183861
16927,0.8202207095266495
16928,0.09669074290481078
16929,0.961070099888389
16930,0.03167741042718949
16931,0.009033332511304205
16932,0.06775540092302364
16933,0.9605852603519826
16934,0.9051412587078057
16935,0.0037120598436905616
16936,0.12890942393858812
16937,0.09819753604431146
16938,0.019814909888967613
16939,0.01235206047583064
16940,0.12547228087509738
16941,0.032715398922975196
16942,0.06883537741970655
16943,0.8899638198382478
16944,0.021270836390323507
16945,0.0031559311394744973
16946,0.021627869461219484
16947,0.6952362315838514
16948,0.1760181882133395
16949,0.07137206086147135
16950,0.022090878985131273
16951,0.936428728458641
16952,0.005185181109116173
16953,0.020750574786549035
16954,0.5214261942314834
16955,0.552940390181456
16956,0.12992975776135512
16957,0.638386579113914
16958,0.3973722227668718
16959,0.6268434953805839
16960,0.04537194819593523
16961,0.28597832862247025
16962,0.4236841562408089
16963,0.004697991033325975
16964,0.06719742896743437
16965,0.34485856160743344
16966,0.05952500064297529
16967,0.038610880613698016
16968,0.0017901604406620204
16969,0.00615509502691906
16970,0.12784935264802427
16971,0.06079974368701514
16972,0.11956249481083238
16973,0.04758441758878533
16974,0.21847944040053305
16975,0.021469608747955404
16976,0.019181824347472114
16977,0.8202463859509284
16978,0.03034186627383715
16979,0.9453836618456917
16980,0.05180712839038238
16981,0.04096318897815459
16982,0.8626114252849357
16983,0.019656307839637614
16984,0.8273400361523437
16985,0.05552309595270191
16986,0.584863412498666
16987,0.014345735887383212
16988,0.8350605079409641
16989,0.7842950275655989
16990,0.24796531863122995
16991,0.010750314892802317
16992,0.8895381624265696
16993,0.012543900748231293
16994,0.005806582478228931
16995,0.8730839271159357
16996,0.012888144049137419
16997,0.003199155508914211
16998,0.40075921236129725
16999,0.015394838897592824
17000,0.17659551409931992
17001,0.1104821044493462
17002,0.003984219587442486
17003,0.009713551936226212
17004,0.005639322168491166
17005,0.02242864113708925
17006,0.010324890448377495
17007,0.0023019766109158807
17008,0.8814245878226602
17009,0.010688335394050235
17010,0.30877875570990376
17011,0.009702729233702446
17012,0.3345553061423943
17013,0.012437063035895798
17014,0.16418340686333038
17015,0.08890460685303511
17016,0.01951486671136842
17017,0.022832943988662
17018,0.07604945055764165
17019,0.264454144847991
17020,0.017452233711541473
17021,0.02598227292102926
17022,0.5129461774149822
17023,0.5058754609494122
17024,0.012486507408209006
17025,0.009389604761783842
17026,0.15739166201982469
17027,0.04026344387883672
17028,0.011340781360135872
17029,0.08173849949855934
17030,0.10333564424495612
17031,0.12868406651438605
17032,0.12480959051599068
17033,0.08580785182729564
17034,0.0018421526551831403
17035,0.01327670338696746
17036,0.040312930121288205
17037,0.8555079840200919
17038,0.020844242556163725
17039,0.024374612883936615
17040,0.48875554281443523
17041,0.15149244663424646
17042,0.003630289172288777
17043,0.002275286130082173
17044,0.6490776095432822
17045,0.005193738222552087
17046,0.002989898225920725
17047,0.010715998744029422
17048,0.7357905195606693
17049,0.004369712925600797
17050,0.030364840125615772
17051,0.1892661371951691
17052,0.15084090389351967
17053,0.0016691753641737916
17054,0.012402295585620077
17055,0.15742125801324208
17056,0.014057134884654803
17057,0.006407060303876622
17058,0.7930163483640466
17059,0.04743967023058486
17060,0.7690078761742782
17061,0.015734759838083128
17062,0.0033290199454416415
17063,0.2511600890049661
17064,0.017135326459799895
17065,0.004601120782116336
17066,0.9235474018667571
17067,0.010046473862770737
17068,0.06658372351327628
17069,0.14750771747499913
17070,0.8935151228828988
17071,0.010480786547847487
17072,0.3824883782986
17073,0.04987530716510949
17074,0.021146046399019944
17075,0.0029003632478424436
17076,0.712511955029428
17077,0.21469914833269463
17078,0.1905646952912059
17079,0.042841771492698515
17080,0.07018883482232535
17081,0.4531470015932002
17082,0.06355021829032993
17083,0.790377161132152
17084,0.0011263333714372262
17085,0.6536997236809139
17086,0.0045827239238343444
17087,0.02511878815980549
17088,0.012008645063404075
17089,0.028323830304466488
17090,0.020410522056171644
17091,0.921434528543067
17092,0.0059993121885584325
17093,0.010017390593094385
17094,0.012924779211484352
17095,0.3738066617944334
17096,0.14037238017465875
17097,0.11643120293992663
17098,0.04766218043995102
17099,0.008442612386094658
17100,0.04574016260142587
17101,0.630757926414009
17102,0.008705374205145638
17103,0.010055776768552209
17104,0.4208165694046443
17105,0.05935161154216957
17106,0.012130014038187026
17107,0.016157469188191383
17108,0.006420912309815658
17109,0.737254051192884
17110,0.0021777517906054825
17111,0.4183714915151907
17112,0.0023894860315063883
17113,0.0038615863933570225
17114,0.16214625506355895
17115,0.030522996575301574
17116,0.0028068131446431946
17117,0.0021483893024303166
17118,0.8703748871390475
17119,0.6819905638088557
17120,0.20255546461204477
17121,0.08630164853163995
17122,0.913655902597188
17123,0.0830148234620442
17124,0.2917117051248353
17125,0.010028689747081895
17126,0.07569388895180057
17127,0.4994110721444909
17128,0.0068997309419900595
17129,0.8319416619512146
17130,0.8780876031016355
17131,0.41089245276638314
17132,0.006623512764514959
17133,0.0034811760393281296
17134,0.41217568910032837
17135,0.5632615314186421
17136,0.9275796327264658
17137,0.029028261848554428
17138,0.002443267278388527
17139,0.010236515650900448
17140,0.05263567724706902
17141,0.010368173075977854
17142,0.9051175730775122
17143,0.009044102634012237
17144,0.06369485249598883
17145,0.008494105114559341
17146,0.5285550262132283
17147,0.014702933254592463
17148,0.3281128674423183
17149,0.9375610992864681
17150,0.03541368463303082
17151,0.8905329089353782
17152,0.004849671732801892
17153,0.02452257497883975
17154,0.724388485957076
17155,0.04244068578037892
17156,0.008472947364922262
17157,0.016416906697207183
17158,0.11260095228975332
17159,0.005095088412643015
17160,0.03274559724582841
17161,0.0011716377899013324
17162,0.10569830713917132
17163,0.011186533908096161
17164,0.4936209722672969
17165,0.006388948855570256
17166,0.9234827621896484
17167,0.013931531911524722
17168,0.003644694916084425
17169,0.05889824840679642
17170,0.009836415101076187
17171,0.009039600154615305
17172,0.9316553085617736
17173,0.0036668972366356123
17174,0.04918868578427344
17175,0.47909071756033095
17176,0.00700628305485001
17177,0.004543151818473981
17178,0.03425161530486813
17179,0.04602586482982099
17180,0.8940536777649944
17181,0.03611617791226214
17182,0.6635244319223585
17183,0.019069158716571433
17184,0.01220516434629064
17185,0.006388755768523023
17186,0.9475510284359607
17187,0.010018566465031555
17188,0.8667904902822918
17189,0.04199839069458675
17190,0.6396828785085977
17191,0.1083227722525732
17192,0.0039616461656110215
17193,0.010349695735140286
17194,0.009498214032804108
17195,0.2518231823174901
17196,0.007265648161301869
17197,0.08799187612813696
17198,0.22310603796300793
17199,0.2799195498465088
17200,0.9244161934008663
17201,0.002914674352825355
17202,0.512438029828924
17203,0.006246433272610205
17204,0.00912155457874111
17205,0.9164066136793458
17206,0.03112335986466734
17207,0.00805434432380298
17208,0.7052893624886134
17209,0.2601728667456411
17210,0.005804303657242381
17211,0.008512586127469126
17212,0.14460319310755199
17213,0.9665039789864892
17214,0.017978487385445004
17215,0.14397592826760172
17216,0.09468062768256424
17217,0.013639645993336495
17218,0.22736870582357144
17219,0.0030367886702486737
17220,0.0877907679615773
17221,0.015919666124672677
17222,0.9349912901928198
17223,0.04446034550692929
17224,0.012990648722833212
17225,0.878333517754982
17226,0.027916770898614534
17227,0.7683448068511736
17228,0.7404654580083263
17229,0.9153250876147389
17230,0.0030861136787461324
17231,0.5536345426784287
17232,0.012177627066832276
17233,0.10255324984778134
17234,0.9615616179492785
17235,0.03667786964502262
17236,0.0011133101037426377
17237,0.06441047108255157
17238,0.014539581226366961
17239,0.9286048629395004
17240,0.0053030714593578195
17241,0.39946958651752773
17242,0.004803752692029281
17243,0.6630299810126496
17244,0.012295012511730869
17245,0.00471456884602417
17246,0.15359888980002265
17247,0.008148486719604001
17248,0.8533117881385031
17249,0.0052948624608640665
17250,0.8282935821623956
17251,0.012710534201964836
17252,0.4995211996884594
17253,0.9150258014393595
17254,0.9438927466188536
17255,0.01390777205938151
17256,0.28553102669682
17257,0.023069201779203533
17258,0.04861509105026489
17259,0.07199295933387384
17260,0.11402514212209582
17261,0.21603504123328207
17262,0.006656592284585962
17263,0.01395854247041036
17264,0.1596232405292877
17265,0.03736109713799156
17266,0.042682674844343696
17267,0.023277210092736027
17268,0.865975730937379
17269,0.02145970855108151
17270,0.8605645212718503
17271,0.022984293075067573
17272,0.849017098439357
17273,0.005941114936835678
17274,0.8418738254638932
17275,0.863964677977824
17276,0.004379043973174811
17277,0.9248720881520307
17278,0.23054065692770728
17279,0.8262082562072317
17280,0.5582473503864875
17281,0.029943360227469976
17282,0.9437622287600158
17283,0.24646331054459972
17284,0.007385155454572238
17285,0.07765278354231718
17286,0.33517629285677
17287,0.00362888340795107
17288,0.0018493311082659067
17289,0.019172675805597554
17290,0.18806488337913635
17291,0.5865852673134391
17292,0.00435258143619518
17293,0.02546369340421495
17294,0.05271892348742153
17295,0.6390854718166283
17296,0.006671409055777955
17297,0.010729953203773197
17298,0.02450460262754868
17299,0.03201307548120984
17300,0.070620637053702
17301,0.00892881532829004
17302,0.1349548393435994
17303,0.12081940983209034
17304,0.011351819895184297
17305,0.6406808674148786
17306,0.10669945619649704
17307,0.06835005187073079
17308,0.8211118078265864
17309,0.005171123252774484
17310,0.6250918222961914
17311,0.006015611217053758
17312,0.5811033737815059
17313,0.011187951874858009
17314,0.9351016771802481
17315,0.07631147773651956
17316,0.03733517564559302
17317,0.007404160822983579
17318,0.7665802315871039
17319,0.006390749969537725
17320,0.07804014684021267
17321,0.8711291489855977
17322,0.006342034405310189
17323,0.03057655760924647
17324,0.029082690962347446
17325,0.004156146734627729
17326,0.2976405960637659
17327,0.004278238736894564
17328,0.006264215969686509
17329,0.03765503897683772
17330,0.007802768848990159
17331,0.4719940023441105
17332,0.9024847700395918
17333,0.012384039675500481
17334,0.009329280735668206
17335,0.001862956335027824
17336,0.0042699733315822415
17337,0.004106070129941954
17338,0.02525911360481394
17339,0.006502485107596551
17340,0.005320566271227926
17341,0.0032093447251188637
17342,0.018482393636122158
17343,0.46734743198537637
17344,0.01981419899528223
17345,0.010094530699132142
17346,0.018720071593977494
17347,0.8298429308641693
17348,0.008241054211458522
17349,0.2676808209125432
17350,0.047068669731013764
17351,0.08012374895158475
17352,0.662410416867425
17353,0.0053726165459239816
17354,0.9092506046564258
17355,0.013459769445495828
17356,0.07953949014337203
17357,0.019544195721429215
17358,0.8742884831756964
17359,0.20267562904689607
17360,0.014660300723138476
17361,0.012309338014780454
17362,0.04964002404812075
17363,0.013256803560360698
17364,0.006570793745614948
17365,0.02641925129722742
17366,0.6364103139958044
17367,0.21099298486740664
17368,0.009573332406565346
17369,0.009073059634235606
17370,0.002030303597423483
17371,0.06205508560627216
17372,0.7946705344665862
17373,0.08696242635479089
17374,0.02655029204570484
17375,0.009901748539498727
17376,0.8241571379818338
17377,0.0827055107902689
17378,0.01174440284921942
17379,0.831837583686653
17380,0.3804865032338086
17381,0.8928393579886401
17382,0.01032796027795973
17383,0.004543066401484292
17384,0.9434206961862023
17385,0.13766206876843173
17386,0.9645262357549278
17387,0.021908783354188797
17388,0.16056835112398316
17389,0.005115070058274382
17390,0.007438429434132262
17391,0.2532138167090028
17392,0.6913561160839802
17393,0.008957694518526781
17394,0.25672538572484493
17395,0.003700565123689421
17396,0.0072718973084040985
17397,0.2873824336058898
17398,0.2474078727235411
17399,0.889421832646418
17400,0.004247146008715459
17401,0.24928990953005165
17402,0.6769475482848513
17403,0.008839108635246508
17404,0.037766489677556
17405,0.8236171338273945
17406,0.0025497245204715593
17407,0.029992206212217112
17408,0.22186448648995954
17409,0.043458858191511365
17410,0.008190023758599793
17411,0.1943119149525612
17412,0.009721198394238729
17413,0.3294881420990198
17414,0.024817686991192925
17415,0.0053164683406845695
17416,0.0016757607640510922
17417,0.7359860266874322
17418,0.008208445070296841
17419,0.0370435013049097
17420,0.8899082409607378
17421,0.00489926309656458
17422,0.22225068043646787
17423,0.150561191000666
17424,0.02806100389867919
17425,0.010086559065940129
17426,0.008334190826220687
17427,0.03636270236529099
17428,0.018572392306068632
17429,0.17276100969067115
17430,0.0558063570169746
17431,0.0066104122034662234
17432,0.010241244967765841
17433,0.15262971428375052
17434,0.006873395475264471
17435,0.0359671693139277
17436,0.018153900307314924
17437,0.4522356409890256
17438,0.0045947772276535796
17439,0.4316344315070614
17440,0.029952217311315504
17441,0.009354375689587203
17442,0.10196072235301722
17443,0.01122186402383119
17444,0.0034119119819931085
17445,0.35733211271571014
17446,0.02104711151648655
17447,0.5591957855113046
17448,0.004074381407595675
17449,0.00663764184859425
17450,0.9692984643300169
17451,0.001972030034636677
17452,0.08595423912679581
17453,0.5883124616612123
17454,0.7513678699648532
17455,0.012688077740522594
17456,0.09228423106926917
17457,0.06707603984836959
17458,0.021164227577069324
17459,0.0710565329813561
17460,0.015724876683434905
17461,0.0033431770418323138
17462,0.10150186575250192
17463,0.0376202482967343
17464,0.00431612009199673
17465,0.44179595604695404
17466,0.24375205581369075
17467,0.10663685319065946
17468,0.016552039971958327
17469,0.0021417336137285804
17470,0.009490888603825963
17471,0.008758958477331866
17472,0.01846275083761081
17473,0.8947818756749211
17474,0.024838845047515247
17475,0.02154132899385206
17476,0.0030650841662676156
17477,0.033367933732365296
17478,0.008265852258806288
17479,0.8534790992069979
17480,0.013279093245988657
17481,0.08109084491073677
17482,0.051323526468030345
17483,0.015902635796572938
17484,0.021667698474013466
17485,0.0018885397940285255
17486,0.7862977113625929
17487,0.027154361341841356
17488,0.0041144438277881225
17489,0.0035585265160577853
17490,0.0064414538645621204
17491,0.9641506494416738
17492,0.004105835681087957
17493,0.5370563316046453
17494,0.012553166458061565
17495,0.044513725274537626
17496,0.6063814563240143
17497,0.175147483746907
17498,0.45238092356954307
17499,0.0049830733669344925
17500,0.021982233989127842
17501,0.004331167746055201
17502,0.11833609346725554
17503,0.05694031715470011
17504,0.027633727922993328
17505,0.5578129309651344
17506,0.2939176027547634
17507,0.03526577698708713
17508,0.0030518457200968026
17509,0.0041430290349958
17510,0.01194288136479792
17511,0.07683403385926994
17512,0.016551810072975674
17513,0.4398489258493617
17514,0.01967005327044917
17515,0.00491761798038101
17516,0.050165865321472505
17517,0.8314859517629168
17518,0.29543807502873787
17519,0.34772372410150265
17520,0.011424552188258203
17521,0.7357786858572188
17522,0.6613744749369209
17523,0.020615260865017037
17524,0.0033708896212824553
17525,0.04387890426177063
17526,0.6630653031022206
17527,0.19694749016298302
17528,0.795963682501362
17529,0.8790073831178306
17530,0.040507650704229625
17531,0.647531150436109
17532,0.929103837910361
17533,0.8451294102253479
17534,0.877452813149129
17535,0.020448962467031644
17536,0.5670001272048866
17537,0.0802254164509413
17538,0.8511652572413296
17539,0.02409892709365241
17540,0.8612554519027948
17541,0.9526057205515575
17542,0.0242402026787621
17543,0.10844240310262554
17544,0.0032836414030971376
17545,0.03820589172715231
17546,0.01020061858946759
17547,0.3774916276686685
17548,0.77472768698939
17549,0.8182263877184736
17550,0.9277142347981251
17551,0.6160322349819524
17552,0.02301957533630282
17553,0.013237768372192243
17554,0.6600740077820667
17555,0.009790188592135672
17556,0.003733424518316448
17557,0.9156505101242507
17558,0.3889794034895677
17559,0.005210216026186566
17560,0.8713560153477435
17561,0.09399151037844003
17562,0.9474544873735035
17563,0.0050917981433189026
17564,0.08085892725892971
17565,0.008775941205845534
17566,0.02352334688836059
17567,0.754286935869273
17568,0.1176492659171996
17569,0.007009763147532284
17570,0.011276745205890363
17571,0.3172980143134033
17572,0.1715883150600395
17573,0.2032241365950776
17574,0.024362624608274992
17575,0.8425749630452893
17576,0.13604902291715956
17577,0.08522381045119368
17578,0.0020070208585126546
17579,0.009793469180043028
17580,0.4795532322014676
17581,0.866390279767564
17582,0.01802515316468027
17583,0.9684063024013753
17584,0.013521647638650158
17585,0.832162090995097
17586,0.820894809222902
17587,0.006573329880627524
17588,0.006388374073798518
17589,0.0017195132204280614
17590,0.0023562600247285697
17591,0.9232748996859447
17592,0.7983299894321213
17593,0.010312681102620682
17594,0.027902193759878888
17595,0.004761280640616865
17596,0.8664059828062896
17597,0.040425442394590255
17598,0.7089268335367231
17599,0.010347958545094207
17600,0.2561523169248796
17601,0.05584680292349643
17602,0.001799589138062837
17603,0.39960623090455977
17604,0.0028495139597642734
17605,0.017891418719239154
17606,0.01492131994233802
17607,0.01373346440487839
17608,0.005351155476494331
17609,0.9578883837482828
17610,0.022948747713535087
17611,0.03101577303366488
17612,0.02434506449356254
17613,0.039007240988167685
17614,0.0335089470915254
17615,0.03612615097842225
17616,0.17660936976363117
17617,0.6719382683415973
17618,0.004172451543674121
17619,0.022585942156905982
17620,0.8440037263575045
17621,0.9180322342656815
17622,0.11431703726814245
17623,0.004487215004941489
17624,0.008664240246879453
17625,0.777439744957053
17626,0.14051478004246556
17627,0.00720702029017988
17628,0.015548967769880073
17629,0.006088251787315627
17630,0.007936626861378472
17631,0.18563828913320346
17632,0.5320462376790323
17633,0.008266761681662073
17634,0.8565379355657304
17635,0.003020860156749903
17636,0.16993247724844698
17637,0.06998104759221799
17638,0.35205285297745176
17639,0.5223853843326761
17640,0.11918064434031603
17641,0.8527790629476877
17642,0.011709406396458065
17643,0.00250610812200741
17644,0.9693255039551028
17645,0.0028538741580133066
17646,0.575479505718906
17647,0.7925869718860764
17648,0.02442207256164668
17649,0.018982743302899164
17650,0.00484312147549339
17651,0.13786220661574722
17652,0.016651894660455732
17653,0.04282723258502931
17654,0.013476016123390179
17655,0.004131713682323694
17656,0.12717344923223362
17657,0.004714773628823979
17658,0.1140438763496639
17659,0.11200499071952562
17660,0.06491498158754078
17661,0.9300110580379497
17662,0.0071059887370384005
17663,0.0048786241535770805
17664,0.29564121507064456
17665,0.003072061264349186
17666,0.28616300607660033
17667,0.02011283790490609
17668,0.013160795379017808
17669,0.008774486916174664
17670,0.03767104254754627
17671,0.39968619351415885
17672,0.134517957320433
17673,0.04285350131035952
17674,0.15716136618494253
17675,0.007382569953630107
17676,0.029075877096521124
17677,0.031638441630637976
17678,0.07837408234761731
17679,0.01241532663555744
17680,0.09921647831767359
17681,0.04687014305599811
17682,0.06102587658669159
17683,0.08995875395587037
17684,0.25041357451900836
17685,0.7978073556578098
17686,0.03857109981502115
17687,0.9640079949907703
17688,0.6844031585804775
17689,0.3793763260266229
17690,0.7293375807269245
17691,0.006087214081641933
17692,0.968814519852842
17693,0.9582283116010892
17694,0.12593608799584263
17695,0.0015075769011185763
17696,0.011285063119262605
17697,0.036753915672886106
17698,0.010559017835847517
17699,0.005873786241457183
17700,0.05220627098456342
17701,0.55252627533935
17702,0.04598169982615014
17703,0.0146126980699127
17704,0.01223337478848645
17705,0.4695650643216115
17706,0.3935992973626497
17707,0.011331018271300442
17708,0.8491451978929361
17709,0.06567556336485451
17710,0.6921009677616835
17711,0.2222822105434647
17712,0.47503438863500347
17713,0.01000306412771276
17714,0.006527899797330556
17715,0.11246608700303547
17716,0.008289515946991132
17717,0.8695259947384526
17718,0.24178961814837963
17719,0.004409680321426406
17720,0.01959454695134049
17721,0.05857898806429139
17722,0.17928923791071447
17723,0.2548716051973008
17724,0.946633230182615
17725,0.07893267566880596
17726,0.004289580250430037
17727,0.002955254843656861
17728,0.008627645798607161
17729,0.058597349226412125
17730,0.10695210742185067
17731,0.006558703674264414
17732,0.02034210513182924
17733,0.10510831333347849
17734,0.004498643626257153
17735,0.12690693730910158
17736,0.07840460123734375
17737,0.8519545799264591
17738,0.02776929543938396
17739,0.030766690537548765
17740,0.8896371401884642
17741,0.00834681251878842
17742,0.3305501344752308
17743,0.017835791513560663
17744,0.002185802775304687
17745,0.6527550546227167
17746,0.18569245368553608
17747,0.15700647310883892
17748,0.011349351243416156
17749,0.006792893788431046
17750,0.3407414892272425
17751,0.0365837993534556
17752,0.040546312775373655
17753,0.9574444971022646
17754,0.061761478680696515
17755,0.016694249271286495
17756,0.09438231581051668
17757,0.008073163815651891
17758,0.05611938165042799
17759,0.02383288467524909
17760,0.9599910295429185
17761,0.06881781841634067
17762,0.20444857054423426
17763,0.05470933984699073
17764,0.6229803058269707
17765,0.022662321488963563
17766,0.002735585399548255
17767,0.6729879403186027
17768,0.7831311076970641
17769,0.6030049639857998
17770,0.005292659679518877
17771,0.008658877122255933
17772,0.004432094748688141
17773,0.2577483478068834
17774,0.06880454666430227
17775,0.19921850136582422
17776,0.09611600148611815
17777,0.05556998386317935
17778,0.0015005825985613143
17779,0.05900745053436367
17780,0.00887069748031772
17781,0.8024533254486582
17782,0.9478053216793332
17783,0.548541798893261
17784,0.9106567623228081
17785,0.06343935460192236
17786,0.14518948838029425
17787,0.6997089056515228
17788,0.019159479115146094
17789,0.009596014862237828
17790,0.8487709099239293
17791,0.00790166420029186
17792,0.01264548140557345
17793,0.029937892092999432
17794,0.023007403480554488
17795,0.11333520975828615
17796,0.08143212581563755
17797,0.8961049238412871
17798,0.0016265034795010843
17799,0.9007152726480134
17800,0.9186866871245076
17801,0.01418404177896555
17802,0.8360171263364367
17803,0.08337487305621152
17804,0.08598095719316128
17805,0.7719632715446436
17806,0.10366568908947972
17807,0.029019616491711843
17808,0.777088214494273
17809,0.04935208061125156
17810,0.7747300832483466
17811,0.03632822984358224
17812,0.09139733299056216
17813,0.08192728757000198
17814,0.009412240467870378
17815,0.21734700019386743
17816,0.9553163333082926
17817,0.09576166246371515
17818,0.03246761401712494
17819,0.02746276744540763
17820,0.04048602279803461
17821,0.057339238303311654
17822,0.015326747228483342
17823,0.016247565454697212
17824,0.24232843829224693
17825,0.886229209422984
17826,0.08404021897859307
17827,0.9624768506311157
17828,0.0016600717979099895
17829,0.03527760757391095
17830,0.8185354924241819
17831,0.6089785982851048
17832,0.01463625780939717
17833,0.008911779557254983
17834,0.0029450374077038986
17835,0.01603117776850919
17836,0.43039954516034806
17837,0.5449274702877173
17838,0.05789862151636193
17839,0.20522405874115773
17840,0.001959847274624951
17841,0.5256722815684611
17842,0.005009002875472431
17843,0.006279329770120353
17844,0.04588303709513284
17845,0.8999768896057312
17846,0.02181471859152205
17847,0.03257190684241156
17848,0.011939304930064395
17849,0.001397743607588076
17850,0.002602593207436082
17851,0.9044836860493015
17852,0.2036678464709774
17853,0.8499835054096976
17854,0.8242971257158238
17855,0.7791852682814121
17856,0.761834384093813
17857,0.001770107571103515
17858,0.650451307083949
17859,0.06345604602808634
17860,0.6169381763092279
17861,0.0036704901176345716
17862,0.1029050393180259
17863,0.8819963725121269
17864,0.006014517044468497
17865,0.005872301729050509
17866,0.6672217658805888
17867,0.825083907338763
17868,0.7743009079696578
17869,0.5866285729464699
17870,0.3271937676391443
17871,0.009023114942409644
17872,0.09471306214775535
17873,0.01631957728998923
17874,0.8521251574099168
17875,0.005300415621731968
17876,0.022695153606354983
17877,0.051026030313920445
17878,0.015903912555914484
17879,0.6512810642333655
17880,0.019714847017055673
17881,0.01807937940623772
17882,0.9566021468505701
17883,0.02020091534442864
17884,0.006295958939439366
17885,0.10958744548979481
17886,0.4282718725401359
17887,0.1526034496149272
17888,0.9494641443781562
17889,0.27006525248709734
17890,0.011143942408236083
17891,0.02773496485312008
17892,0.7131732731839121
17893,0.9335910489312556
17894,0.006357619216940226
17895,0.7251752266538207
17896,0.02142735446853779
17897,0.014992036771794332
17898,0.8204742641584195
17899,0.009438537104662205
17900,0.1565830009791341
17901,0.13710387863072462
17902,0.10957931447634707
17903,0.013893979361134927
17904,0.004266862837124085
17905,0.01193175503009269
17906,0.0019320099819168054
17907,0.15219446598685019
17908,0.39774347757211465
17909,0.003338818912545117
17910,0.05243177993758155
17911,0.010454174268505045
17912,0.7995847034467064
17913,0.008687478322467093
17914,0.04244738795826676
17915,0.6693132017198941
17916,0.009428941036208493
17917,0.7800805557758904
17918,0.0032622032189703167
17919,0.08232595762854952
17920,0.41775336474902647
17921,0.03042906962814704
17922,0.0025753459759255406
17923,0.054082988433718754
17924,0.010881005565471032
17925,0.046862080869605735
17926,0.7139567275599825
17927,0.7198557717303086
17928,0.8930768812410042
17929,0.022404672364810602
17930,0.8942273122833357
17931,0.01501784778466503
17932,0.12341791951637723
17933,0.01875552283626083
17934,0.12800910702791687
17935,0.02582509165276758
17936,0.003332102855307477
17937,0.03534932793611455
17938,0.8248018016394119
17939,0.006617053740987907
17940,0.48825005241175484
17941,0.058177480014197425
17942,0.8937541121330803
17943,0.007801915203581607
17944,0.018220223032329567
17945,0.00717198714982205
17946,0.004756082870319666
17947,0.1594725998750801
17948,0.09742168641768613
17949,0.01213301345664144
17950,0.734416177037116
17951,0.004361546553416076
17952,0.02838067890257196
17953,0.001396596835347532
17954,0.09714798194941213
17955,0.004255660635752537
17956,0.9536054044741368
17957,0.029637067457279554
17958,0.026236085850047098
17959,0.028026317536849345
17960,0.020235059039618464
17961,0.03054714829564646
17962,0.0019719624391923408
17963,0.02314471459354047
17964,0.07455393509704294
17965,0.027572475911012882
17966,0.21186721085346275
17967,0.00936078197563337
17968,0.4593907207553811
17969,0.13130790435373677
17970,0.2229556649338646
17971,0.00609910647189809
17972,0.008717998398885514
17973,0.005686060889422371
17974,0.22029985762732368
17975,0.01430133816471736
17976,0.0023050268367874626
17977,0.4331057158342182
17978,0.02493126483855836
17979,0.008377581165227658
17980,0.0043563697436324236
17981,0.0020880688297493888
17982,0.0022133503787679257
17983,0.0027376657967307797
17984,0.009777912728212558
17985,0.007912710110370246
17986,0.002690638528232828
17987,0.01942359411748844
17988,0.006940496929055543
17989,0.019270724542825725
17990,0.46564025787964597
17991,0.31290810235864386
17992,0.22883567534036897
17993,0.009709292419600085
17994,0.003602523949997477
17995,0.002840084774200009
17996,0.018259039558267028
17997,0.020509515210816915
17998,0.01081606936685829
17999,0.008956530360452953
18000,0.06964998617110585
18001,0.006519643897002054
18002,0.13815122071111055
18003,0.9022308212543521
18004,0.011110071154839434
18005,0.8904703183587279
18006,0.2286178472794253
18007,0.023388719835668908
18008,0.14206772607387952
18009,0.04215322251685698
18010,0.013727566029877986
18011,0.3131522243613036
18012,0.014622473133207213
18013,0.010748620138525207
18014,0.04418295020582261
18015,0.014314421216240353
18016,0.07402962603702322
18017,0.8962909795698082
18018,0.0808289584852266
18019,0.011681283477789866
18020,0.5130004803167014
18021,0.04072959286779434
18022,0.11933729053161056
18023,0.9126155635772983
18024,0.670048373297849
18025,0.12227223946143365
18026,0.247808088062651
18027,0.1238009082942634
18028,0.01595460153733758
18029,0.13923401616150216
18030,0.5265824182468424
18031,0.7261810989576074
18032,0.5029183078635215
18033,0.8041422506563114
18034,0.033877454543680616
18035,0.24018350343186579
18036,0.008940641734920722
18037,0.18661934180938894
18038,0.09901687722743768
18039,0.03660249960801195
18040,0.47793817570320574
18041,0.025791921223157946
18042,0.008419685112811352
18043,0.18663712207154143
18044,0.007830225838592976
18045,0.027784371319190992
18046,0.0016150974003054123
18047,0.011594203054804603
18048,0.13748589741176692
18049,0.03387128087501302
18050,0.004397394065496838
18051,0.019281034829341605
18052,0.002349895651786119
18053,0.9074702183758647
18054,0.22420884548212447
18055,0.2059236667662665
18056,0.051423413851126
18057,0.532484882217309
18058,0.09117465925517562
18059,0.14567214002355225
18060,0.15262633820149218
18061,0.014555724956607992
18062,0.02657100905970554
18063,0.008950117112058632
18064,0.6604513648822405
18065,0.23268800713816185
18066,0.27679244346407567
18067,0.02658702999471552
18068,0.3601872656447402
18069,0.014581988583555593
18070,0.020843143430848664
18071,0.008830594327181224
18072,0.7530317054117321
18073,0.8390147419447602
18074,0.012148260138801879
18075,0.004893548012796224
18076,0.017763897448150098
18077,0.0901036126546533
18078,0.13236242532919912
18079,0.0037344031412669754
18080,0.2859992704301296
18081,0.0017781631443873807
18082,0.008652665338697574
18083,0.012875960732693736
